user_id,group,device,pre_spend,converted,revenue
1,treatment,mobile,25.61450334458485,0,0.0
2,control,desktop,36.91734610474005,0,0.0
3,treatment,mobile,44.984729617015155,0,0.0
4,treatment,desktop,36.58183734840904,0,0.0
5,control,mobile,42.30610351610714,0,0.0
6,treatment,mobile,53.165360484889646,0,0.0
7,control,mobile,21.631270934109608,0,0.0
8,treatment,mobile,19.618598183530914,0,0.0
9,treatment,desktop,29.793915126008027,1,1.0948232201710881
10,treatment,desktop,53.741985925760396,0,0.0
11,control,desktop,84.42296190451287,0,0.0
12,treatment,mobile,82.98306108378769,0,0.0
13,treatment,desktop,47.906560142490164,1,6.461212421473405
14,treatment,desktop,61.55822889191504,0,0.0
15,treatment,desktop,43.769045536795225,0,0.0
16,treatment,mobile,37.625074441171115,0,0.0
17,treatment,desktop,24.128458785029956,0,0.0
18,control,mobile,1.1425282229431812,0,0.0
19,treatment,mobile,19.17595437964415,0,0.0
20,control,mobile,99.16609971790055,0,0.0
21,control,mobile,72.44002584088915,0,0.0
22,control,desktop,111.32685014999777,0,0.0
23,treatment,desktop,73.73570632856355,0,0.0
24,control,desktop,65.4890130941225,1,27.743520882907486
25,control,mobile,112.26588854302932,0,0.0
26,treatment,desktop,26.193823938636193,0,0.0
27,control,desktop,46.70187516503332,0,0.0
28,control,desktop,65.5606105610248,0,0.0
29,control,mobile,78.64995801371192,0,0.0
30,control,mobile,14.969967572105755,1,25.00845134400971
31,control,desktop,40.954370102518965,1,10.178715008883165
32,control,desktop,66.60190681045312,0,0.0
33,control,desktop,10.738655510941255,0,0.0
34,control,desktop,9.127405166565442,0,0.0
35,control,mobile,13.93257396819295,0,0.0
36,treatment,desktop,22.843916020824334,0,0.0
37,control,mobile,20.338328365382555,0,0.0
38,control,mobile,37.54698190786909,0,0.0
39,control,mobile,28.83363681637105,0,0.0
40,control,mobile,15.563706167107567,0,0.0
41,control,desktop,73.57281893554286,0,0.0
42,control,desktop,49.54875176606703,0,0.0
43,treatment,mobile,79.37722249362555,0,0.0
44,control,desktop,65.53486843814889,1,6.008490570796859
45,treatment,desktop,10.501408714381459,0,0.0
46,control,mobile,15.285431423430955,0,0.0
47,treatment,mobile,28.59827631072347,0,0.0
48,treatment,mobile,14.387787855796688,0,0.0
49,treatment,mobile,54.4691959601149,0,0.0
50,control,desktop,39.615811778137974,0,0.0
51,treatment,desktop,57.87136077441653,0,0.0
52,control,mobile,44.14527766860221,0,0.0
53,control,desktop,49.21417423752494,0,0.0
54,control,mobile,22.50950111879082,0,0.0
55,control,mobile,30.223695586394733,0,0.0
56,treatment,mobile,7.099066771425252,0,0.0
57,control,mobile,8.633915359741577,0,0.0
58,control,desktop,34.16877616279896,0,0.0
59,control,mobile,4.20141666792264,0,0.0
60,treatment,desktop,6.724825004062986,0,0.0
61,control,mobile,19.01239259051384,0,0.0
62,control,mobile,60.36215499076093,0,0.0
63,treatment,desktop,12.251541555689059,0,0.0
64,control,desktop,70.14414836118098,1,58.496865607806924
65,control,desktop,87.57334633479458,0,0.0
66,treatment,desktop,10.31756308546938,0,0.0
67,treatment,desktop,20.208785423135552,0,0.0
68,control,mobile,16.081796286583128,1,102.98012167524114
69,treatment,mobile,80.70849180323788,0,0.0
70,control,desktop,24.899581841141533,0,0.0
71,treatment,desktop,55.842868404680814,0,0.0
72,treatment,desktop,25.997694451704238,0,0.0
73,control,mobile,34.32862207755913,1,175.79411595806633
74,treatment,desktop,33.87776226725276,0,0.0
75,treatment,mobile,21.667279932846483,0,0.0
76,treatment,mobile,36.04309817396413,0,0.0
77,control,desktop,24.72432195540126,0,0.0
78,treatment,desktop,19.330725410356674,0,0.0
79,control,desktop,60.67057318116614,0,0.0
80,treatment,mobile,14.880010988302718,0,0.0
81,treatment,mobile,61.37952139497416,0,0.0
82,control,desktop,36.25076950323529,0,0.0
83,treatment,mobile,48.15991721476024,0,0.0
84,treatment,mobile,28.13727918054987,0,0.0
85,control,desktop,29.852425857260446,0,0.0
86,control,mobile,2.957002051075175,0,0.0
87,control,mobile,5.853950664965741,0,0.0
88,control,mobile,22.845697157729774,1,73.54297805887433
89,control,desktop,51.538609676744414,0,0.0
90,control,desktop,11.784439560096436,0,0.0
91,control,desktop,35.134481192675835,0,0.0
92,control,desktop,30.87161625289227,0,0.0
93,treatment,desktop,18.370519970320288,0,0.0
94,treatment,mobile,47.02049853299013,0,0.0
95,control,mobile,75.69550566032481,1,28.159041484648146
96,control,mobile,8.39475888345741,0,0.0
97,treatment,mobile,21.313610519283344,0,0.0
98,treatment,mobile,16.122515081989974,0,0.0
99,treatment,mobile,35.134893462680864,1,38.46805152461318
100,treatment,mobile,41.26355730145502,0,0.0
101,control,desktop,32.33580242938932,0,0.0
102,treatment,mobile,85.85725969240771,1,37.73447059845961
103,treatment,desktop,39.305838545918334,0,0.0
104,control,mobile,35.7949804157233,0,0.0
105,control,mobile,33.837881539324115,1,27.57552225957926
106,control,mobile,14.818817460573442,0,0.0
107,treatment,mobile,2.559320846400392,0,0.0
108,control,desktop,37.08968408703976,0,0.0
109,control,desktop,66.8881038081294,0,0.0
110,treatment,desktop,173.07021654127257,0,0.0
111,control,desktop,11.200574605715785,0,0.0
112,treatment,desktop,53.815851731620725,0,0.0
113,control,desktop,23.014306870611353,0,0.0
114,control,mobile,46.33141076068773,0,0.0
115,control,mobile,76.63745039685355,0,0.0
116,control,desktop,54.58206929152412,0,0.0
117,control,desktop,80.59433081935921,0,0.0
118,control,mobile,19.809841285908334,0,0.0
119,control,desktop,25.132813670357738,0,0.0
120,treatment,desktop,17.68737109656233,0,0.0
121,treatment,desktop,35.547236072479876,0,0.0
122,treatment,mobile,44.04654259899129,0,0.0
123,treatment,desktop,54.88267107189663,0,0.0
124,control,mobile,19.670160276679308,0,0.0
125,control,mobile,74.52560684860447,0,0.0
126,control,mobile,31.449813332760197,0,0.0
127,control,desktop,38.475066655879104,0,0.0
128,treatment,mobile,44.07444302179674,0,0.0
129,control,desktop,38.32745689889851,0,0.0
130,treatment,mobile,18.42368906053348,0,0.0
131,control,mobile,25.399000922528995,0,0.0
132,control,desktop,64.38227418676044,0,0.0
133,control,desktop,20.901389808743165,0,0.0
134,control,desktop,19.087713324669615,0,0.0
135,control,desktop,132.26130346865938,0,0.0
136,control,desktop,50.55319922056064,0,0.0
137,control,mobile,34.424272850059495,0,0.0
138,treatment,desktop,56.660385648371786,0,0.0
139,control,mobile,29.172605302555912,0,0.0
140,control,mobile,49.980771869574106,0,0.0
141,control,desktop,30.216507469188898,1,44.326280843727915
142,treatment,desktop,8.086389446333001,0,0.0
143,treatment,desktop,17.1151573716434,0,0.0
144,control,mobile,12.485627451717228,0,0.0
145,control,desktop,1.9271719523902797,0,0.0
146,control,desktop,46.94207961438342,0,0.0
147,treatment,mobile,36.642436711278236,0,0.0
148,treatment,mobile,52.93973837580709,0,0.0
149,treatment,mobile,17.698700207729622,0,0.0
150,treatment,mobile,11.168195533821537,0,0.0
151,treatment,mobile,51.064474152110115,0,0.0
152,treatment,desktop,55.92557990675661,0,0.0
153,control,mobile,7.272244119450115,0,0.0
154,control,mobile,68.0054001924897,0,0.0
155,control,desktop,52.25457418481396,0,0.0
156,control,mobile,43.742106497663585,0,0.0
157,treatment,desktop,19.259179336949494,0,0.0
158,treatment,desktop,29.643448293981113,0,0.0
159,control,mobile,20.648289187491443,0,0.0
160,control,desktop,7.884198204414366,0,0.0
161,control,mobile,4.337244894832764,1,150.4407884016053
162,control,desktop,64.38001784428748,0,0.0
163,treatment,desktop,6.059047995619827,0,0.0
164,treatment,mobile,66.97671931550776,0,0.0
165,control,desktop,41.81610184756921,0,0.0
166,treatment,desktop,17.09544611404219,1,9.226612397391039
167,treatment,mobile,8.219477924824488,0,0.0
168,treatment,mobile,51.14635507390037,0,0.0
169,treatment,desktop,6.32176490357646,0,0.0
170,control,mobile,7.3295405408089485,0,0.0
171,control,desktop,5.630478047845488,0,0.0
172,treatment,desktop,61.830100163299804,0,0.0
173,control,desktop,54.15492544224578,0,0.0
174,control,mobile,28.236452101570748,0,0.0
175,control,mobile,3.6633950071377748,0,0.0
176,control,mobile,41.34697432598529,0,0.0
177,control,mobile,26.75104023346906,0,0.0
178,control,mobile,49.55215233342517,0,0.0
179,treatment,mobile,39.749118818472965,0,0.0
180,control,mobile,53.65929733680629,0,0.0
181,treatment,mobile,19.67956781789129,0,0.0
182,control,mobile,81.60847136437067,0,0.0
183,control,desktop,40.9718632956058,0,0.0
184,control,desktop,19.615135281362235,0,0.0
185,treatment,desktop,101.3529644774932,0,0.0
186,treatment,mobile,44.33782578228466,0,0.0
187,control,desktop,9.002539997698104,0,0.0
188,treatment,desktop,45.43918718565094,0,0.0
189,treatment,desktop,24.562297446112915,0,0.0
190,treatment,mobile,15.658258628608293,0,0.0
191,treatment,desktop,44.5116429739111,0,0.0
192,treatment,desktop,25.432376658163992,0,0.0
193,treatment,mobile,73.68704354921866,1,18.547920836006053
194,treatment,desktop,33.354892113821855,0,0.0
195,control,mobile,23.32184071628044,0,0.0
196,treatment,desktop,75.25311135443846,0,0.0
197,treatment,desktop,37.86332287706264,0,0.0
198,treatment,mobile,52.48800045528036,0,0.0
199,treatment,desktop,76.04097245979028,0,0.0
200,treatment,desktop,54.1244793808971,1,126.815382795774
201,treatment,mobile,9.321348292413491,0,0.0
202,treatment,mobile,6.473863841672511,0,0.0
203,treatment,mobile,16.855078089652167,0,0.0
204,treatment,desktop,28.45958832419992,0,0.0
205,treatment,desktop,17.831192098762887,0,0.0
206,treatment,desktop,21.16734868336609,1,30.02114604683402
207,treatment,desktop,31.36354138193863,1,20.456805125432826
208,treatment,desktop,47.83162718470028,0,0.0
209,treatment,mobile,54.631648755591584,0,0.0
210,control,desktop,55.553344364009185,1,43.32377982869498
211,control,desktop,24.161835492663396,0,0.0
212,treatment,mobile,35.36066947160028,0,0.0
213,control,mobile,41.379121612184065,0,0.0
214,control,mobile,8.317568035529755,0,0.0
215,treatment,mobile,23.702850264378196,0,0.0
216,control,desktop,14.98758402687471,0,0.0
217,treatment,desktop,34.61272497578499,0,0.0
218,control,mobile,58.630428867104484,0,0.0
219,control,mobile,19.965717847267705,0,0.0
220,control,desktop,30.910030080845576,0,0.0
221,treatment,desktop,11.851010456866057,0,0.0
222,treatment,mobile,30.61975044306636,0,0.0
223,control,desktop,87.7937077913513,0,0.0
224,treatment,desktop,47.91844649447622,0,0.0
225,control,mobile,110.7022067761014,0,0.0
226,treatment,mobile,38.01250649428057,0,0.0
227,control,mobile,62.59610614595678,0,0.0
228,control,desktop,37.2967934954514,0,0.0
229,treatment,desktop,68.14729464478135,0,0.0
230,treatment,mobile,69.49972025821779,0,0.0
231,control,mobile,5.675447514723513,0,0.0
232,control,desktop,18.95274917063523,0,0.0
233,treatment,desktop,42.786548546614114,0,0.0
234,control,desktop,18.612955622687778,0,0.0
235,control,mobile,65.9111722942317,0,0.0
236,control,mobile,79.38806370392513,0,0.0
237,control,mobile,99.50862587801959,0,0.0
238,treatment,mobile,36.44123318786999,0,0.0
239,treatment,mobile,38.027319148711975,0,0.0
240,control,mobile,68.91305695827707,1,7.661761449113351
241,treatment,desktop,39.98676704295386,0,0.0
242,treatment,desktop,78.29746596236609,0,0.0
243,treatment,mobile,33.391226731267395,0,0.0
244,treatment,desktop,67.35499719536261,0,0.0
245,control,mobile,99.57405946297065,0,0.0
246,treatment,mobile,53.56176560276457,0,0.0
247,treatment,mobile,14.10238063106982,0,0.0
248,control,desktop,13.34846861628507,0,0.0
249,treatment,mobile,41.58599109541164,0,0.0
250,treatment,mobile,12.480640313936082,0,0.0
251,control,desktop,24.317989045442427,0,0.0
252,treatment,mobile,115.97545826818697,0,0.0
253,control,desktop,90.86330548163599,1,49.072513535515974
254,control,desktop,10.749275622489574,0,0.0
255,treatment,desktop,12.912945030132772,0,0.0
256,treatment,mobile,49.47443218091945,0,0.0
257,treatment,mobile,105.0642158548574,0,0.0
258,control,desktop,36.229738802620126,0,0.0
259,treatment,mobile,30.06459029078463,0,0.0
260,treatment,mobile,30.399656665303638,0,0.0
261,control,mobile,7.685391325305711,0,0.0
262,control,desktop,55.03399525793814,0,0.0
263,treatment,mobile,38.30773639189721,0,0.0
264,treatment,mobile,17.749699899500314,1,51.129982305699166
265,control,mobile,25.235778980211172,0,0.0
266,treatment,desktop,59.756243461393126,0,0.0
267,treatment,mobile,25.64109038511217,0,0.0
268,treatment,desktop,52.19125265837667,0,0.0
269,control,desktop,40.606559979568424,0,0.0
270,control,desktop,56.67128026688859,1,63.290594765167725
271,treatment,mobile,74.22124862026713,1,53.78340999785912
272,treatment,desktop,114.5969721670079,0,0.0
273,control,mobile,3.6623100947406915,0,0.0
274,control,mobile,23.447691789189975,0,0.0
275,control,mobile,24.66811500321027,0,0.0
276,treatment,mobile,30.642777240980106,0,0.0
277,control,mobile,13.248660917981734,1,100.53409293873212
278,treatment,mobile,61.87985494312508,0,0.0
279,treatment,mobile,40.21339815615747,0,0.0
280,treatment,mobile,39.13169548159071,0,0.0
281,control,mobile,10.399617218716333,0,0.0
282,control,desktop,36.080471420213776,0,0.0
283,control,desktop,21.005061652946935,0,0.0
284,treatment,mobile,35.90241582332298,1,77.74270450393541
285,treatment,desktop,32.02121329426641,0,0.0
286,control,desktop,24.064343793865376,0,0.0
287,control,desktop,27.37591153110328,0,0.0
288,treatment,desktop,33.88523899545789,0,0.0
289,control,mobile,25.534705032908484,0,0.0
290,treatment,desktop,23.86846227044807,0,0.0
291,treatment,mobile,41.28717715049017,0,0.0
292,control,desktop,111.23952450068488,0,0.0
293,control,desktop,27.288165671217627,1,88.75142790925236
294,treatment,mobile,92.53789724705442,0,0.0
295,treatment,desktop,7.311647075699886,0,0.0
296,control,mobile,25.64124063348967,0,0.0
297,control,mobile,16.54891740476172,0,0.0
298,treatment,desktop,45.261182406139866,0,0.0
299,control,desktop,7.359109081095485,0,0.0
300,control,mobile,22.8681535835308,1,85.27292074213302
301,treatment,mobile,11.91020260102421,0,0.0
302,treatment,desktop,5.906536900902465,0,0.0
303,control,desktop,40.24211179567061,0,0.0
304,treatment,desktop,72.49644361445408,1,98.96248611605814
305,control,desktop,57.35608905531581,0,0.0
306,treatment,mobile,12.197650729376834,1,30.39846380798149
307,control,mobile,61.2075936727717,0,0.0
308,control,desktop,6.93526245559858,0,0.0
309,treatment,mobile,29.13405279403586,0,0.0
310,treatment,mobile,33.540232514294274,0,0.0
311,control,mobile,15.824253637997705,1,45.683219185772614
312,treatment,mobile,41.8012261304947,0,0.0
313,control,mobile,53.89269528754071,0,0.0
314,treatment,mobile,27.47132514323522,0,0.0
315,treatment,mobile,54.73493477043509,1,19.33031163221925
316,control,desktop,170.0400807235204,1,52.93019974302666
317,treatment,mobile,21.40337503611523,0,0.0
318,treatment,mobile,39.101982408281565,0,0.0
319,treatment,mobile,20.236268286530436,0,0.0
320,control,mobile,13.574926620801783,0,0.0
321,treatment,mobile,12.466782402991878,0,0.0
322,treatment,mobile,25.275482526000694,0,0.0
323,control,desktop,26.587258943348523,0,0.0
324,control,mobile,69.92739098843,0,0.0
325,control,mobile,86.97965810815099,0,0.0
326,treatment,mobile,40.93254002629252,0,0.0
327,control,mobile,31.934978162959542,0,0.0
328,treatment,desktop,24.13181939393741,0,0.0
329,treatment,mobile,104.93885706651628,0,0.0
330,control,desktop,23.088198275523148,0,0.0
331,control,mobile,55.262250442504694,0,0.0
332,control,desktop,19.731861441756756,0,0.0
333,control,mobile,31.622209791307455,0,0.0
334,treatment,desktop,23.388999021051035,0,0.0
335,treatment,mobile,103.2234627351405,0,0.0
336,treatment,desktop,13.4271477384765,0,0.0
337,treatment,desktop,68.16506635844124,0,0.0
338,treatment,desktop,19.95566899710113,0,0.0
339,control,mobile,119.17626379189917,0,0.0
340,treatment,mobile,56.92263053359135,0,0.0
341,control,mobile,14.86365009072056,0,0.0
342,control,mobile,79.03870069835699,0,0.0
343,treatment,desktop,105.27781643192273,0,0.0
344,control,mobile,22.084879046543264,0,0.0
345,treatment,mobile,5.638032752953382,1,11.789086097524311
346,treatment,mobile,31.07273196132143,0,0.0
347,treatment,mobile,21.7412952563763,0,0.0
348,control,mobile,39.23798824917536,0,0.0
349,treatment,mobile,74.66831896877801,0,0.0
350,control,desktop,26.02729204907853,1,85.86435702268463
351,treatment,desktop,18.795531040821437,0,0.0
352,treatment,mobile,111.85210912349781,1,20.417314578659752
353,control,desktop,10.806196314532597,0,0.0
354,treatment,mobile,75.45779627451985,0,0.0
355,control,mobile,54.428644113882896,0,0.0
356,treatment,mobile,43.638017264007274,0,0.0
357,control,desktop,123.44888471075174,0,0.0
358,control,mobile,52.74341683502176,0,0.0
359,treatment,desktop,106.95977887407851,0,0.0
360,control,mobile,47.953007484693906,0,0.0
361,control,mobile,55.97398625984606,0,0.0
362,control,desktop,86.39941613715314,0,0.0
363,treatment,desktop,4.135782519584316,0,0.0
364,treatment,desktop,32.18583374104013,0,0.0
365,treatment,desktop,70.33490632518837,0,0.0
366,control,desktop,28.84493129675185,0,0.0
367,control,mobile,21.9468531079951,0,0.0
368,control,desktop,28.773041632379943,0,0.0
369,control,desktop,6.158027610525535,0,0.0
370,control,desktop,29.801441369761527,0,0.0
371,treatment,mobile,9.171731243635762,0,0.0
372,treatment,mobile,38.109727333541805,0,0.0
373,control,mobile,128.89291246562107,0,0.0
374,treatment,mobile,13.362168578684773,0,0.0
375,treatment,mobile,47.882221023101735,1,65.05000762764027
376,control,mobile,20.211783065343383,0,0.0
377,control,mobile,86.21029730277905,0,0.0
378,treatment,mobile,22.923192359418664,0,0.0
379,control,desktop,33.031671808485385,0,0.0
380,treatment,desktop,116.64987997219028,0,0.0
381,control,desktop,17.92166131219731,0,0.0
382,control,desktop,23.75134138115107,0,0.0
383,treatment,mobile,43.25270497053068,0,0.0
384,treatment,mobile,5.83004256267569,0,0.0
385,control,desktop,36.54961739030704,0,0.0
386,treatment,mobile,17.248427162212884,0,0.0
387,treatment,mobile,12.021913712546406,0,0.0
388,treatment,desktop,22.529709950067485,1,131.14990636378758
389,control,desktop,7.488982955636462,0,0.0
390,treatment,mobile,30.529751798804703,0,0.0
391,treatment,desktop,17.92958247547721,0,0.0
392,treatment,desktop,56.05246866243293,1,21.22310589982045
393,control,mobile,30.13744369368245,0,0.0
394,control,desktop,19.488047522998563,0,0.0
395,control,mobile,36.02678617036826,0,0.0
396,control,mobile,19.229738644178628,0,0.0
397,treatment,mobile,46.839377294189674,0,0.0
398,control,desktop,5.582237965222184,0,0.0
399,control,desktop,5.989725471662659,0,0.0
400,control,mobile,39.082549803123875,0,0.0
401,control,desktop,9.880088582242873,1,74.13263618129417
402,control,desktop,6.458287767823808,0,0.0
403,control,mobile,47.547904734309284,0,0.0
404,control,mobile,44.262328832851125,0,0.0
405,control,desktop,40.80415971910569,0,0.0
406,treatment,desktop,79.02655795971096,0,0.0
407,treatment,mobile,34.01275848224843,0,0.0
408,control,mobile,11.337181475716774,0,0.0
409,treatment,desktop,17.27929320149981,1,74.970920314956
410,treatment,desktop,12.546590266754269,0,0.0
411,treatment,mobile,15.234608474766524,1,38.84082573588139
412,treatment,mobile,17.324314600610045,0,0.0
413,control,desktop,2.7215891177739286,0,0.0
414,control,desktop,35.28451108976645,0,0.0
415,treatment,mobile,17.36502931211288,0,0.0
416,control,desktop,18.241400935758676,0,0.0
417,treatment,desktop,40.54522131722099,0,0.0
418,treatment,desktop,16.429335109783324,1,9.353122210738857
419,control,mobile,101.86495629768055,0,0.0
420,treatment,mobile,29.316120654749895,0,0.0
421,control,mobile,49.5387140170676,0,0.0
422,treatment,desktop,13.587696652649184,0,0.0
423,treatment,mobile,46.48525958702705,0,0.0
424,treatment,mobile,55.72249074907161,0,0.0
425,treatment,mobile,14.714532761337988,1,53.9552676976228
426,treatment,mobile,40.59722578463608,0,0.0
427,treatment,mobile,6.653276581992698,0,0.0
428,control,mobile,27.1501805985972,0,0.0
429,treatment,mobile,71.98960197211682,0,0.0
430,control,desktop,29.016358810439662,0,0.0
431,treatment,mobile,71.02507081974865,0,0.0
432,control,desktop,16.720162585209415,0,0.0
433,treatment,mobile,31.332233637227915,0,0.0
434,treatment,desktop,16.296948176503815,0,0.0
435,control,desktop,12.622168759093471,0,0.0
436,control,mobile,14.759819472510863,0,0.0
437,control,mobile,66.74220880685903,0,0.0
438,treatment,desktop,32.10699967262592,0,0.0
439,control,mobile,69.28390334088877,0,0.0
440,treatment,mobile,75.38883659852546,0,0.0
441,control,mobile,16.429886282529313,0,0.0
442,control,mobile,23.04126164892012,0,0.0
443,treatment,mobile,5.606944841364553,0,0.0
444,control,mobile,30.98649144523039,0,0.0
445,control,desktop,23.688036854621622,0,0.0
446,treatment,desktop,15.020997751145845,1,104.61485029992168
447,control,mobile,16.761807217076434,0,0.0
448,treatment,mobile,18.150143655869737,0,0.0
449,treatment,desktop,45.9607703842062,0,0.0
450,treatment,desktop,32.125115517722904,0,0.0
451,control,desktop,21.89867573384951,0,0.0
452,treatment,mobile,30.792449994101972,0,0.0
453,control,desktop,15.890078404865895,0,0.0
454,treatment,mobile,106.9703256182796,0,0.0
455,treatment,desktop,41.873998450223695,0,0.0
456,control,mobile,19.560579212887475,0,0.0
457,control,mobile,66.74092225878411,1,43.25470247153328
458,treatment,desktop,21.246280924551915,0,0.0
459,control,desktop,25.1591657741068,0,0.0
460,control,mobile,54.87911466441747,0,0.0
461,treatment,desktop,42.205032169485946,0,0.0
462,control,desktop,50.483133042431014,0,0.0
463,control,mobile,7.47672227902283,0,0.0
464,control,desktop,13.156300095363704,0,0.0
465,control,desktop,31.141482939664705,0,0.0
466,control,desktop,83.56492860438804,0,0.0
467,control,desktop,103.0000946294848,0,0.0
468,treatment,mobile,18.536536471413864,0,0.0
469,control,desktop,35.59706203691695,0,0.0
470,control,desktop,54.27810523089449,0,0.0
471,treatment,desktop,37.55413503941461,0,0.0
472,treatment,mobile,47.000514592882624,0,0.0
473,treatment,desktop,42.06740941081938,0,0.0
474,treatment,desktop,3.9718016602515305,0,0.0
475,treatment,mobile,53.522388694048786,0,0.0
476,treatment,desktop,29.10386007425895,0,0.0
477,control,desktop,55.33681435645099,0,0.0
478,treatment,mobile,38.03148058499617,0,0.0
479,treatment,desktop,54.048176275312166,0,0.0
480,control,mobile,7.585962059209363,1,59.716442837356844
481,treatment,mobile,68.84333815601421,1,123.55984338321451
482,treatment,mobile,35.285106259600504,0,0.0
483,control,mobile,56.92513827427804,0,0.0
484,treatment,desktop,75.21363724100938,0,0.0
485,treatment,desktop,21.191474979850273,0,0.0
486,treatment,mobile,39.750179313096666,0,0.0
487,treatment,mobile,14.13073313928946,0,0.0
488,treatment,mobile,15.449645672762955,0,0.0
489,treatment,mobile,28.173845661189002,0,0.0
490,treatment,desktop,24.071604265101886,0,0.0
491,control,desktop,39.17797933311357,0,0.0
492,control,mobile,24.863584895953057,0,0.0
493,control,desktop,31.65980079395561,0,0.0
494,control,mobile,17.725528000832767,0,0.0
495,control,desktop,5.838584445333115,0,0.0
496,control,mobile,74.33574524016788,0,0.0
497,treatment,desktop,10.561099264402483,1,75.72652409422533
498,treatment,mobile,63.88109084709208,0,0.0
499,treatment,mobile,18.20060466210816,0,0.0
500,control,desktop,42.30137683341119,0,0.0
501,control,desktop,20.123643155921016,0,0.0
502,treatment,desktop,49.93254226210793,0,0.0
503,treatment,desktop,14.741884977315845,1,19.424259645011922
504,control,desktop,26.33237598628877,0,0.0
505,control,mobile,96.4786632329548,0,0.0
506,control,desktop,42.33745016324885,0,0.0
507,treatment,mobile,45.289797821272614,0,0.0
508,treatment,desktop,24.183321871730257,0,0.0
509,control,mobile,21.289378077994492,0,0.0
510,control,mobile,61.132475499638446,0,0.0
511,treatment,mobile,50.995757745958315,0,0.0
512,control,mobile,30.083533954068123,0,0.0
513,treatment,mobile,86.29573789656762,0,0.0
514,treatment,mobile,40.97212275035833,0,0.0
515,control,desktop,46.445794020989254,1,231.6311334268367
516,treatment,desktop,20.87050631008589,0,0.0
517,control,desktop,23.087943474996962,0,0.0
518,treatment,mobile,26.31374249600974,0,0.0
519,treatment,mobile,77.05101861470784,0,0.0
520,control,mobile,26.96953096623473,0,0.0
521,control,desktop,33.41838303134816,0,0.0
522,control,mobile,50.83470381283044,0,0.0
523,control,mobile,32.10326791214981,0,0.0
524,control,mobile,6.050429791307331,0,0.0
525,control,mobile,54.80945496254293,0,0.0
526,control,mobile,15.892403549464793,0,0.0
527,treatment,mobile,24.7113044273797,0,0.0
528,control,desktop,54.309354084123704,0,0.0
529,control,desktop,85.9760047150351,0,0.0
530,treatment,mobile,27.084385859029076,0,0.0
531,control,desktop,48.365856350810176,0,0.0
532,treatment,desktop,71.351256650039,0,0.0
533,treatment,desktop,74.10896024679182,0,0.0
534,treatment,mobile,20.380447917753663,0,0.0
535,control,desktop,55.34080878503506,0,0.0
536,treatment,desktop,29.60039974331179,0,0.0
537,treatment,desktop,9.635361011528554,0,0.0
538,control,desktop,54.94513889444134,0,0.0
539,control,desktop,18.642287841085547,0,0.0
540,control,mobile,74.09501828484625,0,0.0
541,treatment,mobile,101.2232279797393,0,0.0
542,treatment,mobile,52.85988710672329,0,0.0
543,control,desktop,62.360274587965215,0,0.0
544,treatment,mobile,11.277888165000569,0,0.0
545,control,mobile,15.439320238994632,0,0.0
546,control,desktop,19.686417874306446,0,0.0
547,treatment,desktop,22.48229460002682,1,62.8204034518615
548,treatment,desktop,29.307484715706316,0,0.0
549,control,mobile,22.912391118348122,0,0.0
550,control,desktop,22.564258699865363,0,0.0
551,control,mobile,11.998625888534015,0,0.0
552,treatment,desktop,13.654217193595972,0,0.0
553,treatment,mobile,72.28764545593751,0,0.0
554,treatment,desktop,4.811257075025067,1,154.4636466058337
555,control,desktop,15.51934699919265,0,0.0
556,control,desktop,34.70561388381406,0,0.0
557,control,desktop,59.86398083290566,0,0.0
558,treatment,mobile,35.687742407882524,0,0.0
559,control,desktop,47.640156809966214,0,0.0
560,control,mobile,9.286364749392733,0,0.0
561,treatment,mobile,40.33382382895164,0,0.0
562,control,mobile,53.33965192272818,0,0.0
563,control,mobile,21.191136071872066,0,0.0
564,treatment,mobile,50.8349697237514,0,0.0
565,control,mobile,37.03178173322867,0,0.0
566,treatment,mobile,33.021851776641576,0,0.0
567,control,mobile,21.99769539262741,0,0.0
568,treatment,desktop,81.82689609346342,0,0.0
569,control,mobile,35.721313997126046,0,0.0
570,control,desktop,58.7512315760054,0,0.0
571,control,desktop,58.30857965958107,0,0.0
572,treatment,mobile,17.807071613759405,0,0.0
573,control,mobile,54.80488400937869,0,0.0
574,control,desktop,107.72524795996523,0,0.0
575,control,mobile,9.329702456878756,0,0.0
576,control,mobile,41.75571763341583,0,0.0
577,treatment,mobile,48.269995717509666,0,0.0
578,treatment,mobile,27.159609018095683,0,0.0
579,control,desktop,13.50610873210513,0,0.0
580,treatment,desktop,49.50244708513957,0,0.0
581,control,mobile,17.270172953310738,0,0.0
582,treatment,desktop,65.30260147305572,0,0.0
583,treatment,desktop,30.34604790244441,1,13.989010415619134
584,control,desktop,70.7788982770728,0,0.0
585,control,mobile,21.87181025303306,0,0.0
586,control,desktop,44.25247055607426,0,0.0
587,control,mobile,39.58376027024881,0,0.0
588,treatment,desktop,62.87387528863852,0,0.0
589,treatment,mobile,46.52555237926638,0,0.0
590,treatment,mobile,23.38359636553346,0,0.0
591,treatment,mobile,25.12706683948279,0,0.0
592,control,mobile,77.95328402464466,0,0.0
593,control,mobile,93.39795441867867,0,0.0
594,control,mobile,46.64535162008808,0,0.0
595,treatment,desktop,26.6331066148981,0,0.0
596,control,mobile,37.87197070520247,0,0.0
597,treatment,desktop,57.719758509773726,0,0.0
598,treatment,desktop,33.48386366928888,1,33.13584824244675
599,treatment,mobile,26.89432424492861,0,0.0
600,control,desktop,68.67183316700743,0,0.0
601,control,mobile,13.208820368596715,0,0.0
602,treatment,desktop,47.9008940394424,0,0.0
603,treatment,desktop,4.857776086757718,0,0.0
604,treatment,desktop,64.88028855495055,0,0.0
605,treatment,desktop,36.85918160978574,0,0.0
606,control,mobile,62.83020225997368,0,0.0
607,treatment,mobile,66.10720899995042,0,0.0
608,treatment,mobile,61.71480360735551,0,0.0
609,treatment,desktop,15.54660103101513,0,0.0
610,control,desktop,24.690268367961217,0,0.0
611,control,mobile,37.59478251634593,0,0.0
612,control,desktop,21.97857936680038,0,0.0
613,treatment,mobile,27.477539268690926,0,0.0
614,control,mobile,84.30236652534458,0,0.0
615,control,mobile,23.6011157807004,0,0.0
616,treatment,mobile,23.416542145604144,0,0.0
617,treatment,mobile,83.0093954170336,1,13.828162641763953
618,control,desktop,97.6293816061437,0,0.0
619,treatment,desktop,39.043811992588616,0,0.0
620,control,mobile,19.56217168145319,1,23.69902277071092
621,treatment,mobile,4.420711493019315,0,0.0
622,treatment,mobile,22.410161945916688,1,38.728513489107165
623,treatment,mobile,52.810392307366016,0,0.0
624,treatment,mobile,5.952545141703514,0,0.0
625,control,desktop,11.995772881271076,0,0.0
626,control,mobile,52.22853321026829,0,0.0
627,control,mobile,81.40988193708654,0,0.0
628,treatment,desktop,12.270559876292202,0,0.0
629,control,desktop,17.947340482362705,1,93.1000835468805
630,treatment,desktop,23.188775083418495,0,0.0
631,control,mobile,49.43357126357928,0,0.0
632,treatment,mobile,12.57809804315329,0,0.0
633,treatment,mobile,18.000433480606258,0,0.0
634,treatment,desktop,17.12976893842893,0,0.0
635,control,desktop,8.972128538059088,0,0.0
636,control,mobile,18.470094182939093,0,0.0
637,control,mobile,18.8441637656646,0,0.0
638,treatment,mobile,32.79375431204734,0,0.0
639,control,mobile,22.363661325763186,0,0.0
640,treatment,desktop,9.18247433901128,0,0.0
641,treatment,desktop,52.834339925797885,0,0.0
642,control,desktop,82.82987621878881,0,0.0
643,treatment,mobile,26.31151505707042,0,0.0
644,treatment,mobile,26.540416357523597,0,0.0
645,control,mobile,14.103173656684715,0,0.0
646,treatment,mobile,32.932922276627245,0,0.0
647,control,mobile,11.177402702082196,1,5.3141579120367215
648,control,mobile,9.072489142296895,0,0.0
649,control,desktop,22.893142699119892,0,0.0
650,treatment,desktop,34.36653651825486,1,111.96997857921578
651,control,mobile,40.47768352040716,0,0.0
652,control,desktop,39.19416236824855,0,0.0
653,control,mobile,44.43727036193768,0,0.0
654,treatment,desktop,48.1782626630499,0,0.0
655,control,mobile,10.543123255078157,0,0.0
656,control,desktop,37.33062537712722,0,0.0
657,treatment,desktop,48.15891962191861,0,0.0
658,control,mobile,51.14588323631129,0,0.0
659,control,mobile,40.66437128704786,0,0.0
660,control,desktop,19.154869697088564,0,0.0
661,control,mobile,12.102633524107357,0,0.0
662,control,desktop,61.897703262799425,0,0.0
663,treatment,mobile,29.7467654040521,0,0.0
664,treatment,mobile,90.36096617329204,0,0.0
665,control,mobile,87.09009595389361,0,0.0
666,control,desktop,56.805799938574175,0,0.0
667,control,desktop,97.86825078096072,0,0.0
668,treatment,mobile,22.036810065756924,0,0.0
669,treatment,desktop,14.361866440408889,0,0.0
670,treatment,desktop,52.66926890363557,0,0.0
671,treatment,mobile,26.238473630557742,0,0.0
672,control,mobile,54.609592688255745,0,0.0
673,treatment,mobile,92.19579592881168,0,0.0
674,control,mobile,61.079395127500234,0,0.0
675,control,mobile,18.272926793114635,1,49.82802854682873
676,control,mobile,19.603865505429972,0,0.0
677,control,mobile,75.80078317033303,0,0.0
678,treatment,desktop,20.19919443424601,0,0.0
679,treatment,mobile,23.096675892321148,0,0.0
680,treatment,desktop,54.02585678458028,0,0.0
681,treatment,desktop,50.61289145707526,0,0.0
682,control,mobile,49.585261256405246,0,0.0
683,treatment,mobile,46.78694616453431,0,0.0
684,control,mobile,34.09418943560273,0,0.0
685,control,mobile,36.190124651537644,0,0.0
686,treatment,desktop,10.413461637836395,0,0.0
687,control,desktop,66.72486369219968,0,0.0
688,treatment,mobile,45.71430630314132,0,0.0
689,treatment,desktop,26.778509963108235,0,0.0
690,control,desktop,86.24471594419119,0,0.0
691,control,desktop,11.310015247634468,0,0.0
692,control,desktop,6.291383676400334,0,0.0
693,treatment,desktop,42.103862833554935,0,0.0
694,treatment,desktop,6.388079640609394,1,49.48663207188461
695,treatment,desktop,126.34514153898701,0,0.0
696,treatment,desktop,51.70235076369951,0,0.0
697,control,desktop,23.608377416750386,0,0.0
698,treatment,desktop,35.00889285874965,0,0.0
699,treatment,mobile,43.95790191204196,0,0.0
700,treatment,desktop,46.44239977850711,0,0.0
701,control,desktop,37.97890824926905,0,0.0
702,control,mobile,100.55547817109394,0,0.0
703,treatment,desktop,63.126690004106685,0,0.0
704,treatment,mobile,20.802736002636205,0,0.0
705,treatment,desktop,42.539791872377265,0,0.0
706,control,desktop,91.87065199533433,0,0.0
707,control,desktop,21.58060878953082,0,0.0
708,control,mobile,43.186949077616745,0,0.0
709,treatment,desktop,27.57208295584935,0,0.0
710,treatment,desktop,31.078558610634317,0,0.0
711,treatment,mobile,29.918192859817193,1,131.71007216448376
712,control,mobile,79.29135605347162,0,0.0
713,control,desktop,16.38576041202666,0,0.0
714,treatment,mobile,43.624174443768204,0,0.0
715,treatment,desktop,54.96675285988345,0,0.0
716,treatment,mobile,16.804699811812952,0,0.0
717,treatment,mobile,25.670501150916593,0,0.0
718,control,desktop,53.83149375118319,1,34.66657378821288
719,treatment,mobile,31.672619504464485,0,0.0
720,treatment,desktop,47.60027842101158,0,0.0
721,treatment,desktop,59.18769318663786,0,0.0
722,control,desktop,76.56225013196979,0,0.0
723,treatment,mobile,7.901570218804017,0,0.0
724,treatment,mobile,35.864102179469356,0,0.0
725,treatment,mobile,115.9206658152907,0,0.0
726,treatment,mobile,23.39400262744434,0,0.0
727,control,desktop,47.819932132682474,0,0.0
728,control,desktop,55.442670244560105,0,0.0
729,treatment,desktop,72.1360718443498,0,0.0
730,control,desktop,18.787800785319067,0,0.0
731,treatment,mobile,38.03276490493343,0,0.0
732,control,desktop,72.82686569566596,0,0.0
733,treatment,desktop,10.361906356490465,0,0.0
734,treatment,mobile,25.486738859183838,0,0.0
735,treatment,mobile,33.93446587665323,0,0.0
736,control,mobile,37.065954142191934,0,0.0
737,treatment,desktop,30.10944401340355,0,0.0
738,control,mobile,22.900571602792176,0,0.0
739,treatment,desktop,14.747426604850293,0,0.0
740,control,desktop,54.368353022974034,0,0.0
741,control,desktop,30.211094156557323,0,0.0
742,control,mobile,59.5518587945307,0,0.0
743,treatment,mobile,29.025911807393683,0,0.0
744,treatment,mobile,48.44839228889671,0,0.0
745,treatment,mobile,50.30637663290035,0,0.0
746,control,desktop,18.133020764154182,0,0.0
747,treatment,mobile,38.83355400461832,0,0.0
748,treatment,mobile,29.831386771935577,0,0.0
749,control,desktop,25.50440310014786,0,0.0
750,treatment,desktop,28.665454544661337,0,0.0
751,control,mobile,24.856865573695927,0,0.0
752,control,mobile,99.99741126010898,1,37.98948352004203
753,control,mobile,32.50183342150128,0,0.0
754,treatment,desktop,16.88024867188197,0,0.0
755,control,mobile,42.816096983735086,0,0.0
756,control,desktop,21.78006936588552,0,0.0
757,control,desktop,89.1052259423718,0,0.0
758,treatment,mobile,55.48539100506791,0,0.0
759,treatment,mobile,67.4952921221223,1,144.8538358844513
760,treatment,desktop,27.20562746053803,0,0.0
761,control,mobile,23.13527785408098,0,0.0
762,treatment,desktop,31.603960513555705,0,0.0
763,control,desktop,26.815940516138042,0,0.0
764,treatment,mobile,21.23363250367725,0,0.0
765,control,desktop,34.552501599241126,1,42.190359595625985
766,treatment,mobile,3.190617327389251,0,0.0
767,control,mobile,30.7990708556052,1,48.185459610865145
768,control,desktop,54.9056551413394,0,0.0
769,treatment,desktop,24.834091444895734,0,0.0
770,control,mobile,61.307311082577584,0,0.0
771,treatment,desktop,26.952553291606804,0,0.0
772,treatment,mobile,50.40163389137108,0,0.0
773,control,mobile,24.625941941201894,0,0.0
774,control,desktop,69.91155745608313,0,0.0
775,treatment,desktop,112.421740204919,1,23.61346540159153
776,control,desktop,12.464771516514704,0,0.0
777,treatment,desktop,29.401851137755738,0,0.0
778,control,mobile,112.23433259801317,0,0.0
779,treatment,mobile,35.62486096252536,0,0.0
780,control,mobile,31.723445055554087,0,0.0
781,treatment,desktop,81.48303479600094,0,0.0
782,treatment,mobile,44.823148426592,0,0.0
783,control,mobile,48.20129401702809,0,0.0
784,treatment,mobile,23.55086990715753,0,0.0
785,control,desktop,8.510710955130756,0,0.0
786,treatment,desktop,37.308371533220196,1,95.82695122636164
787,control,mobile,22.580721078802675,0,0.0
788,control,desktop,35.65009150172725,0,0.0
789,control,desktop,54.24207606470694,0,0.0
790,treatment,desktop,7.315445861207248,0,0.0
791,treatment,desktop,77.87742938769803,0,0.0
792,treatment,desktop,8.008222063760709,1,73.16652705456711
793,treatment,desktop,3.888190561502058,0,0.0
794,treatment,mobile,41.950740519323645,0,0.0
795,treatment,desktop,55.19971021162924,0,0.0
796,treatment,desktop,18.591806420869347,0,0.0
797,control,mobile,66.82652207908978,0,0.0
798,control,desktop,74.32103035974369,1,87.16855241547098
799,control,desktop,130.37215173107222,0,0.0
800,control,desktop,9.599577514246626,0,0.0
801,treatment,desktop,55.22523269022529,0,0.0
802,control,mobile,40.43947962038639,0,0.0
803,control,desktop,4.3320991179469,0,0.0
804,treatment,mobile,10.517326850346684,0,0.0
805,control,mobile,40.82463191691109,1,24.764954422881733
806,control,mobile,31.81672160107036,0,0.0
807,control,mobile,5.856377824254526,0,0.0
808,treatment,mobile,116.73925134593728,0,0.0
809,control,desktop,39.237153844110054,0,0.0
810,treatment,mobile,18.372138402349112,0,0.0
811,treatment,desktop,8.937615338716187,0,0.0
812,treatment,mobile,15.782897490868207,0,0.0
813,treatment,mobile,47.294266387907804,0,0.0
814,control,desktop,6.355309554424408,0,0.0
815,control,mobile,47.99784173587045,0,0.0
816,treatment,desktop,57.07789787186858,0,0.0
817,control,mobile,17.68827601806311,0,0.0
818,treatment,desktop,38.72928823419806,1,36.97840252782351
819,treatment,desktop,45.78160345784066,0,0.0
820,treatment,desktop,71.97504433221242,1,25.217933310597736
821,control,mobile,9.920348884585414,0,0.0
822,control,desktop,26.70736301014484,0,0.0
823,control,mobile,47.78588051264495,0,0.0
824,treatment,mobile,58.777824944777954,0,0.0
825,control,desktop,40.74386078913935,0,0.0
826,control,desktop,35.21968383929791,0,0.0
827,control,mobile,48.41930519074936,0,0.0
828,treatment,mobile,34.49237921832003,0,0.0
829,treatment,mobile,65.01192985512228,0,0.0
830,treatment,desktop,24.120052175177605,0,0.0
831,treatment,mobile,49.25671698508979,0,0.0
832,treatment,mobile,26.53894672829047,0,0.0
833,treatment,desktop,91.05125312950793,0,0.0
834,treatment,desktop,47.334227839016606,0,0.0
835,treatment,desktop,51.84349916172657,0,0.0
836,treatment,mobile,41.73753473740404,0,0.0
837,control,mobile,18.861531341883,0,0.0
838,control,desktop,64.46575114026479,0,0.0
839,treatment,mobile,35.53901684495705,1,36.11901444699106
840,control,desktop,85.22994350445641,0,0.0
841,treatment,desktop,41.26887462982885,0,0.0
842,treatment,desktop,54.22629804143918,0,0.0
843,control,mobile,17.411306745365817,0,0.0
844,treatment,mobile,39.13066489622676,0,0.0
845,control,desktop,16.94394058181609,0,0.0
846,treatment,mobile,53.97363298711406,0,0.0
847,treatment,desktop,21.920304681257253,0,0.0
848,control,mobile,8.83669824292448,0,0.0
849,treatment,mobile,52.0719196783933,0,0.0
850,treatment,mobile,37.6094852618739,0,0.0
851,control,desktop,10.474786300866656,0,0.0
852,treatment,desktop,4.700593016298818,0,0.0
853,treatment,desktop,50.16474192007679,0,0.0
854,control,mobile,39.88230540641354,0,0.0
855,treatment,mobile,48.539798389163415,0,0.0
856,control,mobile,130.67485776561136,0,0.0
857,treatment,desktop,15.480927998115108,1,119.7305331815149
858,treatment,mobile,11.874095040806703,1,35.66658818828615
859,treatment,desktop,28.81466221390618,0,0.0
860,treatment,mobile,7.71476505672124,0,0.0
861,control,desktop,17.052609461454082,0,0.0
862,treatment,mobile,13.689581026730513,0,0.0
863,control,desktop,19.527851052055844,0,0.0
864,control,mobile,21.26426037934791,0,0.0
865,control,mobile,19.650825289203432,0,0.0
866,treatment,mobile,28.102684688042892,0,0.0
867,control,desktop,16.461203979236352,0,0.0
868,control,desktop,25.749155805818503,0,0.0
869,treatment,desktop,88.92722179000855,0,0.0
870,control,desktop,52.56794243084735,0,0.0
871,control,mobile,105.06515532209582,0,0.0
872,control,mobile,22.820784178404942,0,0.0
873,treatment,desktop,59.98568243220811,0,0.0
874,treatment,mobile,30.124444864520633,0,0.0
875,control,mobile,23.849202902371264,0,0.0
876,treatment,mobile,107.98046363157191,1,10.799002502330307
877,treatment,mobile,24.751471123048884,0,0.0
878,control,desktop,54.45351595460485,0,0.0
879,treatment,desktop,42.61355486677409,0,0.0
880,control,desktop,36.47736794656654,0,0.0
881,treatment,mobile,9.165749551054963,0,0.0
882,treatment,desktop,59.702886035813165,0,0.0
883,control,desktop,46.829135955164276,0,0.0
884,treatment,mobile,10.24573932393488,0,0.0
885,control,desktop,17.847720108592434,0,0.0
886,treatment,mobile,58.58247674602818,0,0.0
887,treatment,desktop,22.963348189918648,0,0.0
888,control,desktop,39.01433372583589,0,0.0
889,control,mobile,69.79389108547923,0,0.0
890,control,mobile,46.79877649719219,0,0.0
891,treatment,desktop,3.548770853316965,0,0.0
892,control,mobile,60.116910974651844,0,0.0
893,control,mobile,38.28597226349586,0,0.0
894,treatment,desktop,15.442861030825883,0,0.0
895,control,mobile,67.26414057280671,0,0.0
896,treatment,mobile,18.221509057150108,0,0.0
897,treatment,desktop,49.029856708018535,0,0.0
898,control,mobile,2.2846747074273583,1,17.136883806184436
899,control,mobile,34.012955555397404,0,0.0
900,control,desktop,93.98677195201627,0,0.0
901,treatment,desktop,16.917188543245988,1,20.340187055692667
902,control,desktop,20.210895709090778,0,0.0
903,control,mobile,24.262973783436035,0,0.0
904,treatment,mobile,9.90486288511255,0,0.0
905,treatment,desktop,26.837378736713898,0,0.0
906,treatment,mobile,130.77057084370372,0,0.0
907,control,desktop,37.640683838939836,0,0.0
908,treatment,mobile,13.878092085095766,0,0.0
909,treatment,mobile,61.99122196128179,0,0.0
910,control,mobile,8.844717401746973,0,0.0
911,control,mobile,8.571081356522964,0,0.0
912,control,mobile,31.890794386653248,0,0.0
913,control,mobile,67.14430744093546,0,0.0
914,control,desktop,61.581409486638,0,0.0
915,control,desktop,37.29125682467644,0,0.0
916,control,desktop,12.022024330371357,0,0.0
917,control,desktop,25.18461444010118,0,0.0
918,control,mobile,92.0403433337418,0,0.0
919,control,mobile,50.721406755891195,0,0.0
920,control,desktop,40.743606892659656,0,0.0
921,treatment,desktop,2.226037326500007,0,0.0
922,treatment,mobile,112.25748883104762,0,0.0
923,control,desktop,41.76784353214881,0,0.0
924,treatment,desktop,60.847973936400834,0,0.0
925,control,desktop,30.85108078797433,0,0.0
926,treatment,desktop,120.69083729867664,0,0.0
927,treatment,desktop,82.51352575088497,0,0.0
928,treatment,mobile,104.47178920777452,0,0.0
929,treatment,desktop,19.7410633348719,0,0.0
930,control,desktop,57.71094633455745,0,0.0
931,treatment,mobile,46.94134259003757,0,0.0
932,treatment,mobile,37.364509571034866,0,0.0
933,control,mobile,25.702989737051464,0,0.0
934,control,desktop,33.602736411095734,0,0.0
935,treatment,mobile,42.56924333872181,0,0.0
936,treatment,mobile,27.100908839217105,0,0.0
937,control,mobile,19.072711346240784,0,0.0
938,control,mobile,79.12662573126437,0,0.0
939,control,desktop,15.619965329404732,0,0.0
940,control,desktop,6.214841860987921,0,0.0
941,treatment,mobile,9.054328774894003,0,0.0
942,treatment,desktop,12.077628885696466,0,0.0
943,treatment,mobile,102.10407544308005,0,0.0
944,treatment,desktop,32.55047582896941,0,0.0
945,control,desktop,17.929602974010606,0,0.0
946,control,mobile,31.560824550716458,0,0.0
947,treatment,mobile,47.86648219115087,0,0.0
948,control,mobile,81.59392161320704,0,0.0
949,control,mobile,40.38914608359761,0,0.0
950,treatment,desktop,72.59954005024358,0,0.0
951,treatment,mobile,58.60451506473815,0,0.0
952,treatment,desktop,70.36904257989532,0,0.0
953,control,mobile,69.40167853307977,0,0.0
954,treatment,mobile,35.19791793643747,0,0.0
955,control,mobile,10.853598745439916,0,0.0
956,control,mobile,6.653507593065147,0,0.0
957,control,mobile,13.674766817076858,0,0.0
958,treatment,mobile,28.08083127622098,0,0.0
959,control,desktop,70.01760891068209,1,146.08489737760786
960,control,mobile,27.74621775809542,0,0.0
961,treatment,desktop,70.16789370806806,1,32.97856766296453
962,treatment,desktop,34.769528804116746,0,0.0
963,treatment,desktop,25.47473301199119,0,0.0
964,treatment,desktop,18.370743136408628,0,0.0
965,control,mobile,54.78611994244106,0,0.0
966,control,desktop,35.31442372818593,0,0.0
967,treatment,mobile,112.01340311907691,0,0.0
968,control,mobile,62.57304071282811,0,0.0
969,control,mobile,42.38570459490953,0,0.0
970,control,mobile,29.1668115065459,0,0.0
971,treatment,desktop,23.56184040073948,0,0.0
972,treatment,desktop,33.06947297050559,0,0.0
973,treatment,mobile,22.23249823219344,0,0.0
974,treatment,mobile,112.25489948250244,0,0.0
975,control,desktop,20.796951916829055,0,0.0
976,control,mobile,94.47194963741963,0,0.0
977,control,desktop,4.558914189939937,0,0.0
978,control,mobile,26.806433459488392,0,0.0
979,treatment,mobile,41.472243155890254,0,0.0
980,control,desktop,46.06328344402602,1,60.969053118980845
981,treatment,desktop,49.64092212007202,0,0.0
982,treatment,desktop,40.18703787243957,0,0.0
983,control,mobile,23.363522624473738,1,38.11045056083516
984,treatment,mobile,19.480055868660877,0,0.0
985,treatment,mobile,19.858007036193865,0,0.0
986,treatment,desktop,41.0657112208819,0,0.0
987,treatment,desktop,87.10777732708009,0,0.0
988,treatment,mobile,24.06751327728845,0,0.0
989,treatment,mobile,22.469776813838216,0,0.0
990,treatment,mobile,19.89828790249487,1,58.47532102797061
991,treatment,mobile,15.193186149889268,0,0.0
992,treatment,desktop,24.824690990818986,0,0.0
993,treatment,mobile,8.119670755322305,0,0.0
994,control,desktop,15.91863985784759,0,0.0
995,control,desktop,38.01847235000325,0,0.0
996,control,mobile,45.67473796233226,0,0.0
997,treatment,desktop,21.11494356194061,1,43.042219407613544
998,treatment,desktop,52.632498197417476,0,0.0
999,treatment,mobile,50.65741380588812,0,0.0
1000,control,desktop,8.901195457460345,0,0.0
1001,treatment,desktop,10.393370079519936,1,15.249921592175472
1002,treatment,mobile,18.4375374766233,0,0.0
1003,control,desktop,20.14516300272622,0,0.0
1004,treatment,desktop,29.128130611601698,1,39.71363651518076
1005,treatment,mobile,57.371955128848185,0,0.0
1006,treatment,mobile,20.71784681060615,0,0.0
1007,treatment,desktop,84.13653486423259,0,0.0
1008,treatment,desktop,61.22699640977454,0,0.0
1009,control,desktop,18.001674691961078,0,0.0
1010,control,desktop,45.63697197089525,0,0.0
1011,treatment,mobile,71.18746649175263,0,0.0
1012,control,desktop,30.652738408271453,0,0.0
1013,treatment,desktop,31.47041761606669,0,0.0
1014,control,mobile,15.29412892040314,0,0.0
1015,control,mobile,47.619744465285976,0,0.0
1016,treatment,desktop,15.200280755778536,1,56.70929733635081
1017,control,mobile,45.95182266945501,0,0.0
1018,treatment,mobile,22.277007807626156,0,0.0
1019,treatment,desktop,55.0866286580931,0,0.0
1020,control,mobile,44.70533278030929,1,11.799759799138226
1021,control,desktop,44.86434109726972,0,0.0
1022,control,desktop,37.85472373865706,0,0.0
1023,treatment,mobile,36.297420284063904,0,0.0
1024,control,desktop,92.5295454339222,0,0.0
1025,treatment,mobile,37.76478006801585,0,0.0
1026,control,mobile,24.948213090450494,0,0.0
1027,treatment,desktop,22.269516124800255,0,0.0
1028,treatment,desktop,76.34722556130241,0,0.0
1029,treatment,mobile,10.467733728404118,0,0.0
1030,treatment,mobile,21.566685349093806,0,0.0
1031,control,mobile,25.968152430790887,0,0.0
1032,control,mobile,52.468655642154395,0,0.0
1033,treatment,desktop,30.40931603652789,0,0.0
1034,control,mobile,31.9175393691551,0,0.0
1035,control,mobile,60.94245692382012,0,0.0
1036,control,mobile,9.096632285612388,0,0.0
1037,control,desktop,12.071925107780332,0,0.0
1038,control,mobile,13.14620309600569,0,0.0
1039,treatment,desktop,45.32472834377545,1,110.68999487991711
1040,control,mobile,34.05321754173234,0,0.0
1041,treatment,mobile,2.691078640190898,0,0.0
1042,treatment,desktop,56.84849025343159,0,0.0
1043,control,mobile,77.15723391879168,0,0.0
1044,control,mobile,64.53389572485543,0,0.0
1045,control,mobile,25.966472233434708,0,0.0
1046,treatment,mobile,81.3546035250033,0,0.0
1047,treatment,desktop,33.12440007700119,0,0.0
1048,treatment,desktop,37.0005193487987,0,0.0
1049,treatment,mobile,26.824974196294722,0,0.0
1050,treatment,desktop,45.6640795370858,1,22.38844811040724
1051,treatment,desktop,20.188331743440266,0,0.0
1052,treatment,mobile,29.673818832585397,1,92.13229215512662
1053,treatment,desktop,73.53417035954446,0,0.0
1054,control,desktop,183.45231790486804,0,0.0
1055,treatment,desktop,41.87678401370805,0,0.0
1056,control,mobile,24.894354554599772,0,0.0
1057,treatment,mobile,17.050815191011207,0,0.0
1058,treatment,desktop,18.731781156759872,0,0.0
1059,control,mobile,94.73660103423867,0,0.0
1060,treatment,mobile,16.900304278048907,0,0.0
1061,treatment,desktop,15.064233277156156,0,0.0
1062,treatment,desktop,52.336196116472735,0,0.0
1063,control,desktop,3.5198476828131273,0,0.0
1064,control,desktop,101.52255117002595,0,0.0
1065,control,mobile,26.484080015024464,1,115.65961960742402
1066,treatment,desktop,91.50351145154977,0,0.0
1067,control,mobile,37.86158010020766,0,0.0
1068,control,desktop,87.58569992344738,1,94.85367451792357
1069,control,desktop,20.148334828190514,0,0.0
1070,control,desktop,17.79420825306569,0,0.0
1071,control,desktop,17.10181616412935,0,0.0
1072,control,desktop,21.908267595000428,0,0.0
1073,control,desktop,40.882911412684884,0,0.0
1074,treatment,desktop,88.67656699364515,1,57.6682653664513
1075,control,desktop,88.32326575662675,0,0.0
1076,control,mobile,39.72337391927276,0,0.0
1077,control,mobile,13.748490868102351,0,0.0
1078,treatment,mobile,112.54261699851949,0,0.0
1079,treatment,mobile,24.68041581361508,0,0.0
1080,treatment,desktop,33.117515584091926,0,0.0
1081,control,mobile,23.17301187310119,0,0.0
1082,control,mobile,72.75917875962641,0,0.0
1083,control,desktop,50.997054444605396,0,0.0
1084,control,desktop,44.42287114405991,0,0.0
1085,treatment,mobile,76.9140756914799,0,0.0
1086,treatment,desktop,16.71460164347271,0,0.0
1087,treatment,desktop,20.496947283192235,0,0.0
1088,control,mobile,30.170159648714282,0,0.0
1089,control,mobile,13.709635491308878,0,0.0
1090,treatment,desktop,21.184874348346515,0,0.0
1091,treatment,mobile,68.45385671087656,1,81.69163778502794
1092,treatment,desktop,39.50432468227798,0,0.0
1093,control,desktop,20.333527245589504,1,83.10082500851006
1094,treatment,desktop,38.26120902646786,1,92.97179709079266
1095,treatment,desktop,25.29340395030559,0,0.0
1096,control,mobile,36.95649708241473,1,58.32640984020538
1097,control,desktop,3.231413576576761,0,0.0
1098,control,desktop,16.717936382816497,0,0.0
1099,control,desktop,40.06290583697848,0,0.0
1100,control,desktop,27.820422763923524,0,0.0
1101,treatment,mobile,37.85371093119511,1,49.98594594983339
1102,control,desktop,8.265094718747937,0,0.0
1103,treatment,desktop,37.85255156278932,0,0.0
1104,treatment,desktop,10.314722553697846,0,0.0
1105,treatment,mobile,15.63007233621928,0,0.0
1106,control,desktop,4.979294383236707,0,0.0
1107,control,mobile,27.14688154032809,1,67.23895333276667
1108,control,mobile,28.98719647899948,1,54.84549768322662
1109,control,desktop,38.50013202711763,0,0.0
1110,control,mobile,28.169797892353827,0,0.0
1111,control,desktop,25.231218049234172,0,0.0
1112,treatment,mobile,37.367298035834565,0,0.0
1113,treatment,desktop,50.78273621151251,0,0.0
1114,treatment,mobile,19.284705869388173,0,0.0
1115,control,mobile,24.659150033725933,0,0.0
1116,treatment,mobile,33.255098667833884,0,0.0
1117,treatment,desktop,58.91306263853846,0,0.0
1118,treatment,desktop,20.231148542805673,1,24.476029527697275
1119,control,desktop,3.932317604350251,0,0.0
1120,treatment,desktop,13.34114885212906,0,0.0
1121,control,desktop,70.74600162238973,0,0.0
1122,treatment,mobile,48.08101352257896,0,0.0
1123,treatment,desktop,133.36122377352945,1,162.93549914836913
1124,control,mobile,51.84085447165411,0,0.0
1125,treatment,desktop,3.8076702504247875,0,0.0
1126,control,mobile,44.47054072571254,0,0.0
1127,control,desktop,17.08606374411851,0,0.0
1128,control,mobile,95.8605112297971,0,0.0
1129,control,desktop,25.016609153712537,0,0.0
1130,control,mobile,59.33156334783373,0,0.0
1131,treatment,desktop,33.7298130014795,0,0.0
1132,control,desktop,4.943505218917,0,0.0
1133,treatment,mobile,12.768971803133082,0,0.0
1134,treatment,mobile,68.84250501432115,0,0.0
1135,control,desktop,22.83226239605358,0,0.0
1136,treatment,desktop,81.06474809050466,1,29.117206834796608
1137,treatment,mobile,52.22488040900241,0,0.0
1138,treatment,mobile,21.52928387692725,0,0.0
1139,treatment,mobile,153.6288615765578,0,0.0
1140,control,desktop,28.737278748729164,0,0.0
1141,control,desktop,126.04880790301543,0,0.0
1142,control,mobile,14.735426541037587,0,0.0
1143,control,desktop,15.486135929975777,0,0.0
1144,control,mobile,23.53722839041226,0,0.0
1145,control,desktop,94.00134995332454,0,0.0
1146,control,mobile,3.216269719547334,0,0.0
1147,control,desktop,23.784095611304803,0,0.0
1148,control,desktop,32.402631341101554,0,0.0
1149,treatment,desktop,86.5791698594103,0,0.0
1150,treatment,mobile,34.3823040615258,0,0.0
1151,control,mobile,67.10619538534132,1,125.42244447616508
1152,control,desktop,12.595087484854847,0,0.0
1153,control,desktop,34.408190174484766,0,0.0
1154,control,mobile,90.62318377478043,0,0.0
1155,control,mobile,25.030259359117665,0,0.0
1156,control,mobile,35.13739075589588,0,0.0
1157,treatment,desktop,21.702552882552,0,0.0
1158,control,mobile,9.729592246715645,0,0.0
1159,treatment,mobile,19.88763870212154,0,0.0
1160,control,mobile,17.55648651539977,0,0.0
1161,treatment,mobile,56.7621354309332,0,0.0
1162,treatment,desktop,22.6060831642077,0,0.0
1163,treatment,mobile,25.31044152071619,0,0.0
1164,treatment,mobile,27.404414773757154,0,0.0
1165,treatment,mobile,58.319899223902205,1,9.27698397231016
1166,control,desktop,58.69825679935238,0,0.0
1167,treatment,mobile,18.243484016722505,0,0.0
1168,control,desktop,89.70979366354841,0,0.0
1169,treatment,mobile,102.23469038607334,0,0.0
1170,control,desktop,42.695166442019676,0,0.0
1171,control,mobile,3.9634104502025607,0,0.0
1172,treatment,desktop,67.58536035217362,0,0.0
1173,control,desktop,64.84907983785193,0,0.0
1174,control,desktop,69.58682014944114,0,0.0
1175,treatment,mobile,32.87519423018986,0,0.0
1176,control,mobile,22.05313968586523,0,0.0
1177,control,mobile,72.9394378042859,0,0.0
1178,control,mobile,36.15908359348905,0,0.0
1179,control,mobile,42.68742430099951,0,0.0
1180,control,mobile,25.549060349994036,0,0.0
1181,treatment,desktop,18.60922073221187,0,0.0
1182,control,desktop,25.647530897639342,0,0.0
1183,treatment,desktop,9.024382225928541,1,54.29619288588944
1184,treatment,desktop,95.77280765550782,0,0.0
1185,treatment,desktop,10.64701238582355,0,0.0
1186,control,desktop,25.173263301058565,0,0.0
1187,control,mobile,45.60099026004319,0,0.0
1188,control,desktop,61.47828943194768,1,14.287159498753303
1189,control,mobile,38.62529852486502,0,0.0
1190,treatment,desktop,19.136775528639266,0,0.0
1191,control,mobile,34.24820209645886,0,0.0
1192,treatment,desktop,9.670449915713334,1,104.21327161510139
1193,control,desktop,105.77672940246515,0,0.0
1194,treatment,desktop,23.486483278797397,1,31.22417984880109
1195,treatment,mobile,86.41702550209175,0,0.0
1196,control,mobile,11.564802779497976,0,0.0
1197,control,mobile,97.95654509398219,1,40.2482438874182
1198,control,mobile,21.35530788267183,0,0.0
1199,treatment,mobile,20.325700216786856,0,0.0
1200,control,desktop,5.879240380226445,0,0.0
1201,treatment,mobile,23.214351290287855,0,0.0
1202,treatment,mobile,58.79669077326664,0,0.0
1203,control,desktop,5.666315206598037,0,0.0
1204,control,mobile,92.84357870291443,0,0.0
1205,control,desktop,24.63849771684825,0,0.0
1206,control,mobile,5.288247010190988,1,170.71673371974947
1207,control,mobile,31.226512898289375,0,0.0
1208,treatment,desktop,15.939388722194606,0,0.0
1209,treatment,mobile,6.243337444085917,0,0.0
1210,control,desktop,32.42956020493735,0,0.0
1211,control,desktop,19.054543056121986,0,0.0
1212,control,mobile,31.835727583451728,0,0.0
1213,control,mobile,50.06061637309993,0,0.0
1214,treatment,desktop,104.52938229731262,0,0.0
1215,treatment,desktop,65.54761607429464,0,0.0
1216,treatment,desktop,22.591405473452507,0,0.0
1217,treatment,desktop,104.85289478868108,0,0.0
1218,treatment,mobile,29.89818225931686,0,0.0
1219,treatment,mobile,25.85365972281202,1,33.21568258839813
1220,treatment,mobile,110.86474230801615,0,0.0
1221,control,desktop,68.34835942936932,0,0.0
1222,treatment,desktop,25.18585582374559,0,0.0
1223,control,desktop,135.23265134626888,0,0.0
1224,treatment,mobile,33.91448640219121,1,45.47520747966057
1225,control,desktop,3.453692908011968,0,0.0
1226,treatment,desktop,40.77354740095832,0,0.0
1227,treatment,desktop,43.77012008981663,0,0.0
1228,control,desktop,32.85511686093376,0,0.0
1229,control,desktop,13.619264301595429,0,0.0
1230,treatment,desktop,65.36036091773386,0,0.0
1231,treatment,mobile,56.48630454929331,1,97.9385372802083
1232,control,mobile,60.50580295651427,0,0.0
1233,treatment,mobile,40.35104688419101,0,0.0
1234,control,desktop,188.3467246467831,0,0.0
1235,treatment,mobile,72.94006391061806,1,89.72476586196798
1236,treatment,mobile,18.817115873802226,0,0.0
1237,treatment,mobile,9.636231950146483,0,0.0
1238,treatment,desktop,34.51455054914838,1,36.1682373155322
1239,control,mobile,20.540500709065782,1,50.527744187252225
1240,treatment,mobile,62.360179133726035,0,0.0
1241,control,mobile,62.39225599877339,0,0.0
1242,control,desktop,39.1828420389031,0,0.0
1243,control,mobile,31.367430411463076,0,0.0
1244,treatment,mobile,34.01983279382945,0,0.0
1245,treatment,mobile,32.538570414880596,0,0.0
1246,control,desktop,33.51670020993402,0,0.0
1247,control,desktop,30.406885939412692,0,0.0
1248,control,desktop,58.43525579219897,0,0.0
1249,treatment,mobile,114.54975461818661,0,0.0
1250,treatment,desktop,18.240639864498355,1,75.11815065825766
1251,control,desktop,63.63153179054813,0,0.0
1252,treatment,desktop,51.04374610856388,0,0.0
1253,control,mobile,62.91846270358258,0,0.0
1254,control,mobile,25.267546839579413,0,0.0
1255,control,desktop,18.983598242786012,1,78.34358183480009
1256,control,mobile,25.865992860971527,0,0.0
1257,treatment,desktop,86.81076783370052,0,0.0
1258,control,desktop,95.42719323113757,0,0.0
1259,control,mobile,1.2839080096066309,0,0.0
1260,treatment,desktop,39.714510421252534,0,0.0
1261,treatment,mobile,33.05184053702777,0,0.0
1262,treatment,desktop,61.560046462186904,1,111.74203339438901
1263,control,desktop,27.76751561046495,0,0.0
1264,control,desktop,55.17327142229864,0,0.0
1265,treatment,desktop,31.767551944139363,0,0.0
1266,control,desktop,41.488473901216494,1,33.140597435119794
1267,treatment,mobile,5.390455200751958,0,0.0
1268,treatment,desktop,60.33428989406559,0,0.0
1269,treatment,desktop,22.78424084027276,0,0.0
1270,control,mobile,17.78513284726651,0,0.0
1271,treatment,desktop,10.901606657157357,1,49.94623626116618
1272,control,desktop,45.61479599750113,1,47.699121306013794
1273,treatment,mobile,32.5389973860316,0,0.0
1274,treatment,desktop,64.20327041422428,0,0.0
1275,treatment,mobile,15.222129794594041,0,0.0
1276,control,desktop,52.7621970812655,0,0.0
1277,treatment,desktop,17.41089647316125,0,0.0
1278,control,desktop,47.78096358812901,0,0.0
1279,treatment,mobile,25.055389425752676,0,0.0
1280,control,mobile,24.574281125180658,0,0.0
1281,control,mobile,20.97578513905226,0,0.0
1282,treatment,mobile,27.714936653828502,0,0.0
1283,treatment,desktop,68.44590018968931,0,0.0
1284,control,mobile,14.51696419069872,1,173.82087943174585
1285,treatment,mobile,21.39474100118802,0,0.0
1286,control,mobile,38.50347122480228,0,0.0
1287,treatment,desktop,34.102823436301634,0,0.0
1288,treatment,desktop,18.338104960330625,0,0.0
1289,treatment,desktop,9.028076140465508,0,0.0
1290,control,desktop,27.538827490433142,0,0.0
1291,treatment,desktop,34.11195073616909,0,0.0
1292,treatment,mobile,25.08547918945734,0,0.0
1293,treatment,desktop,28.300629705745447,0,0.0
1294,treatment,mobile,27.658645276892088,0,0.0
1295,treatment,mobile,6.800135570321824,0,0.0
1296,treatment,mobile,80.56088804111526,0,0.0
1297,treatment,mobile,22.35158444944632,1,60.67267807520202
1298,treatment,desktop,31.581847140928478,0,0.0
1299,control,desktop,16.655099081958834,0,0.0
1300,control,desktop,29.846663655787147,0,0.0
1301,treatment,desktop,15.92956840896526,0,0.0
1302,treatment,desktop,38.389122312510416,0,0.0
1303,treatment,mobile,21.86932390592052,0,0.0
1304,control,desktop,140.66048630591908,0,0.0
1305,treatment,mobile,36.186800389343574,0,0.0
1306,treatment,desktop,54.56508406839171,0,0.0
1307,treatment,mobile,18.531430464364668,0,0.0
1308,control,desktop,15.348274036222936,1,57.50665643708394
1309,treatment,mobile,15.640881991374853,0,0.0
1310,treatment,desktop,15.062813963271637,1,17.174192943738017
1311,control,mobile,36.9818484228844,0,0.0
1312,treatment,mobile,39.242720185238625,0,0.0
1313,treatment,desktop,70.2494676446276,0,0.0
1314,treatment,mobile,73.66438265287226,0,0.0
1315,treatment,desktop,93.02212727870838,0,0.0
1316,treatment,mobile,19.806604101963288,0,0.0
1317,treatment,desktop,13.89960259276121,0,0.0
1318,treatment,desktop,27.806645711752424,0,0.0
1319,control,mobile,68.78192978767274,0,0.0
1320,control,mobile,46.72748281247369,0,0.0
1321,control,mobile,53.83778768965949,0,0.0
1322,control,desktop,140.830855492912,0,0.0
1323,control,mobile,14.716921632482816,0,0.0
1324,treatment,desktop,90.64905699951768,0,0.0
1325,control,desktop,20.206854417091602,1,33.896558288384185
1326,control,mobile,50.48329405077074,0,0.0
1327,treatment,mobile,33.60415961324125,0,0.0
1328,control,mobile,24.603568781280885,0,0.0
1329,control,mobile,30.97818884453915,0,0.0
1330,treatment,desktop,23.544833894848267,0,0.0
1331,treatment,mobile,46.196954051712645,0,0.0
1332,treatment,desktop,53.24527893218577,0,0.0
1333,treatment,mobile,46.598433227658546,0,0.0
1334,control,desktop,7.75866047865886,0,0.0
1335,control,desktop,24.287325076997092,0,0.0
1336,control,desktop,89.14370120145139,0,0.0
1337,control,mobile,54.16116855949021,0,0.0
1338,control,desktop,37.59643927511248,1,42.15591333248686
1339,control,mobile,41.493300916240095,0,0.0
1340,treatment,desktop,5.13139592772724,0,0.0
1341,treatment,desktop,62.55870842946721,0,0.0
1342,treatment,mobile,14.2304851206452,0,0.0
1343,control,desktop,114.46494638909874,0,0.0
1344,treatment,desktop,69.2007802601522,0,0.0
1345,control,mobile,124.4256641172689,1,18.26868563738656
1346,treatment,mobile,50.52278495239297,0,0.0
1347,treatment,mobile,41.111074340442755,0,0.0
1348,treatment,mobile,75.6814480483713,0,0.0
1349,treatment,mobile,11.762831398444341,0,0.0
1350,treatment,mobile,59.043615687944765,0,0.0
1351,control,desktop,12.285838726180131,0,0.0
1352,control,mobile,40.8979193699201,1,50.880893492031085
1353,control,mobile,36.455757285838104,0,0.0
1354,treatment,desktop,29.985884686163228,0,0.0
1355,treatment,desktop,21.72545277573814,1,115.97585026108779
1356,control,desktop,53.72464250177245,0,0.0
1357,control,mobile,24.40197239186717,0,0.0
1358,treatment,desktop,23.84727018781861,0,0.0
1359,control,desktop,24.062662638296146,0,0.0
1360,control,desktop,78.442490044619,0,0.0
1361,treatment,desktop,11.395060336131422,0,0.0
1362,control,desktop,4.250348599317056,0,0.0
1363,treatment,mobile,26.871230781304234,0,0.0
1364,treatment,mobile,31.048385075714297,0,0.0
1365,treatment,desktop,18.095779631889584,0,0.0
1366,treatment,desktop,89.71092892376625,0,0.0
1367,treatment,mobile,14.835964558406687,0,0.0
1368,treatment,mobile,44.54102680231519,0,0.0
1369,control,desktop,38.57102568847302,0,0.0
1370,treatment,mobile,12.269909777322685,0,0.0
1371,control,desktop,52.71286634509237,0,0.0
1372,control,desktop,15.509345105460186,0,0.0
1373,treatment,desktop,64.67472376128198,0,0.0
1374,treatment,desktop,66.14506561377169,0,0.0
1375,treatment,desktop,55.15904910122526,0,0.0
1376,control,mobile,15.869049946853302,1,55.747198357587514
1377,treatment,mobile,31.65080934431371,0,0.0
1378,treatment,mobile,33.081176986672276,0,0.0
1379,treatment,mobile,16.046041942127243,0,0.0
1380,control,desktop,131.55350570874955,0,0.0
1381,treatment,desktop,4.721790806033529,0,0.0
1382,treatment,mobile,30.40109269193341,0,0.0
1383,treatment,mobile,33.75815228167515,0,0.0
1384,treatment,desktop,46.67731154360625,0,0.0
1385,control,desktop,25.63485190001355,0,0.0
1386,control,desktop,22.062232333322186,0,0.0
1387,control,desktop,45.036781842178755,0,0.0
1388,treatment,mobile,12.147881245698187,0,0.0
1389,treatment,desktop,40.20133859231649,0,0.0
1390,control,desktop,16.987262325391562,0,0.0
1391,treatment,desktop,19.540443798376554,0,0.0
1392,treatment,desktop,21.71965686784133,0,0.0
1393,treatment,mobile,38.52116225916071,1,71.42889658260128
1394,treatment,mobile,26.267512251268883,1,17.529399439481498
1395,control,mobile,142.2505922563319,0,0.0
1396,control,mobile,34.98978236246168,0,0.0
1397,control,desktop,19.147534232816877,1,74.14164221956901
1398,treatment,desktop,79.9455952153584,0,0.0
1399,control,desktop,66.35877835128893,0,0.0
1400,treatment,desktop,17.756310650289176,0,0.0
1401,control,mobile,37.20511696999334,1,108.10407253816767
1402,control,desktop,50.59012918510533,1,125.39379665214169
1403,treatment,desktop,32.245180687327526,0,0.0
1404,treatment,mobile,71.28200598023706,0,0.0
1405,treatment,mobile,25.56951650045285,0,0.0
1406,control,mobile,111.5667392104453,0,0.0
1407,treatment,desktop,31.228371006828635,0,0.0
1408,control,mobile,71.2035134137102,0,0.0
1409,control,desktop,59.221782524275085,0,0.0
1410,treatment,desktop,35.213351813849144,0,0.0
1411,control,mobile,35.84821251414554,0,0.0
1412,treatment,mobile,26.6640244813567,0,0.0
1413,control,desktop,21.661406454211946,0,0.0
1414,treatment,desktop,15.739324802187745,0,0.0
1415,control,desktop,14.739376177924996,0,0.0
1416,control,mobile,28.617642395129337,0,0.0
1417,control,mobile,25.268469467326995,0,0.0
1418,control,desktop,53.38342464682108,0,0.0
1419,control,desktop,9.02347272526391,0,0.0
1420,control,mobile,55.66664820644646,0,0.0
1421,treatment,mobile,41.67256938516268,0,0.0
1422,control,desktop,20.98042849960647,0,0.0
1423,control,mobile,71.33569643391255,0,0.0
1424,treatment,desktop,34.521297192661734,0,0.0
1425,control,mobile,2.36055659184787,0,0.0
1426,treatment,mobile,42.86942475114505,0,0.0
1427,treatment,mobile,10.250026573348968,0,0.0
1428,control,desktop,50.98698369971938,0,0.0
1429,treatment,mobile,38.04586821654189,0,0.0
1430,treatment,desktop,132.3577620594373,0,0.0
1431,treatment,mobile,22.569331973145385,0,0.0
1432,treatment,mobile,31.046163231185453,1,32.07378866188668
1433,treatment,mobile,7.918604830618852,1,28.45530423235582
1434,treatment,desktop,21.086311716665584,0,0.0
1435,treatment,desktop,22.92518889349047,0,0.0
1436,treatment,desktop,16.123277731525384,0,0.0
1437,treatment,desktop,14.31841857434897,0,0.0
1438,treatment,mobile,71.7050741540123,0,0.0
1439,control,desktop,84.37126491983852,0,0.0
1440,treatment,mobile,35.770139514128395,1,55.27855946673688
1441,treatment,mobile,19.967253164145298,1,21.82382720868438
1442,control,mobile,88.65316166984512,0,0.0
1443,control,mobile,27.988628750993833,0,0.0
1444,treatment,mobile,56.73034600438018,0,0.0
1445,treatment,mobile,32.38141761610772,0,0.0
1446,control,mobile,16.31577385459088,1,116.23874118553805
1447,treatment,desktop,38.17025606599071,0,0.0
1448,control,mobile,15.043505532415464,0,0.0
1449,treatment,desktop,50.42298083206851,0,0.0
1450,control,mobile,36.32929966319722,0,0.0
1451,treatment,desktop,10.41993551015742,0,0.0
1452,treatment,mobile,19.73472349250427,0,0.0
1453,control,mobile,3.424707219324346,1,62.004118201395556
1454,control,desktop,14.239046013560294,0,0.0
1455,treatment,desktop,20.763138883731337,0,0.0
1456,treatment,desktop,18.30957450230695,0,0.0
1457,control,desktop,9.07718193342904,1,26.98718010435417
1458,control,mobile,36.73161510752727,1,14.988353290482824
1459,treatment,mobile,73.74716361542367,0,0.0
1460,treatment,desktop,66.15502347751803,0,0.0
1461,control,mobile,57.08447552177819,0,0.0
1462,treatment,desktop,8.111450975402917,1,15.291912047341501
1463,control,mobile,32.36501166439764,0,0.0
1464,treatment,mobile,85.45326867183475,0,0.0
1465,treatment,desktop,14.525778690291746,1,96.3546088421572
1466,control,desktop,75.60252149647728,0,0.0
1467,control,mobile,64.86099941272461,0,0.0
1468,control,desktop,37.68899663554171,0,0.0
1469,treatment,mobile,53.721525856435605,0,0.0
1470,treatment,desktop,38.124720865003084,0,0.0
1471,treatment,mobile,59.78280850677333,0,0.0
1472,treatment,mobile,186.2323667752246,0,0.0
1473,treatment,desktop,38.87024829084259,0,0.0
1474,treatment,desktop,65.78756145802186,0,0.0
1475,control,mobile,29.2921474835661,0,0.0
1476,control,desktop,93.47323861220818,1,29.087097327602436
1477,control,desktop,21.03822235021568,0,0.0
1478,treatment,desktop,51.27494707583612,0,0.0
1479,control,mobile,73.07387484582475,0,0.0
1480,treatment,desktop,10.69858580928173,0,0.0
1481,treatment,mobile,16.11032328661406,0,0.0
1482,control,desktop,39.28664894095726,0,0.0
1483,treatment,mobile,20.983817382589322,0,0.0
1484,treatment,desktop,65.19318562365999,0,0.0
1485,control,desktop,18.70394343065088,0,0.0
1486,control,mobile,32.960980257255194,0,0.0
1487,control,desktop,64.97267146655874,0,0.0
1488,control,desktop,30.893836780060123,0,0.0
1489,control,desktop,18.3820075172261,0,0.0
1490,treatment,mobile,26.134748716345673,0,0.0
1491,control,mobile,31.02223038850937,0,0.0
1492,control,mobile,10.243228671620596,0,0.0
1493,treatment,mobile,42.40375761835295,0,0.0
1494,control,mobile,38.4193399273536,0,0.0
1495,control,mobile,56.6926579553277,0,0.0
1496,treatment,mobile,35.10438676124908,0,0.0
1497,treatment,desktop,33.14869049515669,0,0.0
1498,treatment,desktop,21.129596320942767,0,0.0
1499,treatment,mobile,12.369595218518889,0,0.0
1500,treatment,desktop,14.083734917373361,0,0.0
1501,control,mobile,3.335508185545701,1,44.71025968331132
1502,treatment,mobile,50.7149050618445,0,0.0
1503,control,mobile,70.22975493588723,0,0.0
1504,treatment,mobile,25.182800857077055,0,0.0
1505,treatment,desktop,17.87596487801696,0,0.0
1506,control,desktop,31.514116822709305,0,0.0
1507,treatment,desktop,52.9021443554818,0,0.0
1508,control,desktop,22.571076011076038,0,0.0
1509,control,mobile,16.136397566122984,0,0.0
1510,treatment,desktop,8.82721535249244,0,0.0
1511,treatment,mobile,15.440907865774582,0,0.0
1512,control,desktop,14.572154995062052,0,0.0
1513,treatment,mobile,49.999034625551666,0,0.0
1514,treatment,desktop,59.874207053690725,0,0.0
1515,control,mobile,13.597021027328653,0,0.0
1516,treatment,desktop,44.71628001962336,1,128.9465340870949
1517,control,mobile,42.63759686014741,0,0.0
1518,control,desktop,12.989623306604079,0,0.0
1519,treatment,mobile,60.992770864416855,0,0.0
1520,treatment,desktop,14.079864078595284,0,0.0
1521,treatment,desktop,50.40492830763906,0,0.0
1522,treatment,desktop,39.17944297668594,0,0.0
1523,treatment,mobile,14.969690596940797,1,60.410115018841246
1524,treatment,desktop,58.38403534768823,0,0.0
1525,treatment,desktop,21.792690182430263,0,0.0
1526,treatment,desktop,20.424560246622466,0,0.0
1527,treatment,mobile,5.461291510699668,0,0.0
1528,treatment,mobile,82.68692657837136,0,0.0
1529,control,desktop,35.217416187723245,0,0.0
1530,control,mobile,26.908981779117443,0,0.0
1531,control,mobile,20.629112366172,0,0.0
1532,treatment,mobile,83.60760935267206,1,19.476803197572234
1533,control,mobile,23.489345232211573,0,0.0
1534,treatment,desktop,19.07975506801937,1,6.0942709810891245
1535,control,mobile,23.426892977248922,0,0.0
1536,treatment,desktop,36.64910294432904,0,0.0
1537,treatment,mobile,134.09511617498694,0,0.0
1538,treatment,mobile,28.64239506958954,0,0.0
1539,control,desktop,62.97236188806519,0,0.0
1540,treatment,desktop,51.519549129300785,0,0.0
1541,treatment,mobile,79.2552709057076,0,0.0
1542,treatment,mobile,54.89638155049521,0,0.0
1543,treatment,mobile,38.903709170961974,0,0.0
1544,control,desktop,14.032921474153557,0,0.0
1545,control,mobile,19.494252284129672,0,0.0
1546,treatment,mobile,19.956063093917976,0,0.0
1547,treatment,mobile,55.434004484379436,0,0.0
1548,control,desktop,73.28289065276545,1,34.9303457127286
1549,control,desktop,31.572769301500536,0,0.0
1550,control,desktop,26.030231139951688,1,17.370671269252348
1551,treatment,desktop,34.55483407173967,0,0.0
1552,control,desktop,46.264397359624176,0,0.0
1553,treatment,desktop,6.988972256210106,0,0.0
1554,treatment,desktop,29.15828429280259,0,0.0
1555,treatment,desktop,67.0184429372522,0,0.0
1556,treatment,mobile,37.30199393032353,0,0.0
1557,control,desktop,21.126391420234825,0,0.0
1558,control,mobile,30.270022428285795,0,0.0
1559,control,mobile,58.76245250037304,0,0.0
1560,treatment,desktop,5.920696023156262,0,0.0
1561,treatment,mobile,2.35565200051437,0,0.0
1562,control,mobile,20.554607916623677,0,0.0
1563,control,mobile,46.31119792704135,0,0.0
1564,control,desktop,33.25904380818838,0,0.0
1565,control,desktop,15.556925577362543,0,0.0
1566,control,desktop,20.02896410265748,0,0.0
1567,control,mobile,41.90835297068232,0,0.0
1568,control,desktop,33.02787462232961,0,0.0
1569,control,mobile,15.162518318920508,0,0.0
1570,control,mobile,37.307239474757964,0,0.0
1571,treatment,desktop,48.90442808924949,0,0.0
1572,control,desktop,86.59965563731379,0,0.0
1573,control,desktop,34.54445709715343,0,0.0
1574,treatment,mobile,20.949668791966943,0,0.0
1575,treatment,mobile,9.817298887054143,0,0.0
1576,treatment,desktop,19.706457853366132,0,0.0
1577,treatment,mobile,62.172821296583265,0,0.0
1578,treatment,desktop,20.55977600249903,0,0.0
1579,control,desktop,4.480525420462075,0,0.0
1580,treatment,desktop,6.963775402892929,0,0.0
1581,control,desktop,30.540646739421312,0,0.0
1582,control,desktop,9.170051835850341,0,0.0
1583,treatment,desktop,68.01333730382208,0,0.0
1584,control,desktop,35.259527726997085,0,0.0
1585,treatment,desktop,15.790149484864033,1,39.395323707219276
1586,control,desktop,60.861183251855195,0,0.0
1587,treatment,desktop,8.66444573065923,0,0.0
1588,control,desktop,20.17389528567028,0,0.0
1589,treatment,mobile,24.533331509530313,0,0.0
1590,control,desktop,20.407660809005908,1,138.34120613656071
1591,treatment,desktop,8.779182408843361,1,95.06529466195418
1592,control,desktop,26.78054708880826,0,0.0
1593,treatment,mobile,44.410925115450254,0,0.0
1594,control,desktop,13.998938128862902,0,0.0
1595,control,mobile,11.021437556342477,0,0.0
1596,control,desktop,29.048879635777915,0,0.0
1597,treatment,desktop,31.457761643951947,1,71.38037102539423
1598,treatment,desktop,18.967199678601737,0,0.0
1599,treatment,desktop,1.3985544948442783,1,60.49235862056611
1600,control,mobile,11.30173839499449,0,0.0
1601,control,desktop,95.23527819508962,0,0.0
1602,treatment,mobile,105.23787878878272,0,0.0
1603,treatment,mobile,29.562270945675753,0,0.0
1604,control,mobile,24.739003139767366,0,0.0
1605,control,mobile,74.64787371687743,0,0.0
1606,control,mobile,72.7000391614841,0,0.0
1607,control,desktop,46.2756935572481,0,0.0
1608,treatment,mobile,29.954603974899726,0,0.0
1609,treatment,mobile,84.7577173889214,0,0.0
1610,control,mobile,17.233117098201422,0,0.0
1611,treatment,mobile,46.02991226959574,0,0.0
1612,treatment,desktop,14.543771391165471,0,0.0
1613,control,desktop,64.91489311202452,1,49.518455943733365
1614,control,desktop,43.7456926764224,0,0.0
1615,control,desktop,43.18163538541942,0,0.0
1616,control,mobile,26.644530627079874,0,0.0
1617,control,mobile,22.415051847626103,0,0.0
1618,treatment,mobile,83.2216826588074,0,0.0
1619,control,desktop,35.187134586114674,0,0.0
1620,treatment,desktop,5.605710086156604,0,0.0
1621,control,desktop,39.41715651394439,0,0.0
1622,control,desktop,41.66267300993118,1,5.928587682933586
1623,treatment,desktop,45.24450453880684,0,0.0
1624,treatment,desktop,48.908808991045866,0,0.0
1625,control,mobile,14.399213886628875,1,70.92148128451491
1626,control,mobile,33.31565547713973,0,0.0
1627,treatment,desktop,22.061729962659754,0,0.0
1628,control,desktop,107.01806570937647,0,0.0
1629,control,mobile,69.93540326234677,0,0.0
1630,treatment,desktop,49.19815450815851,0,0.0
1631,treatment,desktop,58.881822976788,0,0.0
1632,control,desktop,27.958509839740376,0,0.0
1633,treatment,mobile,55.948297635101056,0,0.0
1634,control,mobile,41.07256006892459,0,0.0
1635,treatment,desktop,99.23842248185008,0,0.0
1636,control,mobile,48.94482363631102,0,0.0
1637,treatment,mobile,64.86403019592115,0,0.0
1638,treatment,mobile,78.26310797096261,0,0.0
1639,treatment,desktop,43.413993182670154,0,0.0
1640,treatment,mobile,17.264818938872725,0,0.0
1641,control,mobile,43.962336939158874,0,0.0
1642,control,desktop,30.5544795660256,0,0.0
1643,treatment,desktop,9.553172092089211,0,0.0
1644,control,desktop,10.611998748442414,0,0.0
1645,treatment,mobile,38.94181164824934,0,0.0
1646,control,mobile,26.41488360556338,0,0.0
1647,treatment,desktop,90.24830496972746,0,0.0
1648,treatment,mobile,17.187061118604667,0,0.0
1649,control,desktop,22.38956342934391,0,0.0
1650,treatment,mobile,40.424768770567006,1,71.15336364730898
1651,control,mobile,22.299344787384424,0,0.0
1652,treatment,desktop,40.340315089589645,0,0.0
1653,treatment,mobile,45.99049017701516,0,0.0
1654,treatment,mobile,22.4523111543511,0,0.0
1655,control,desktop,84.63155276337174,0,0.0
1656,control,mobile,33.27500257925437,0,0.0
1657,control,desktop,14.81066515774566,0,0.0
1658,control,desktop,17.62920855222841,0,0.0
1659,control,desktop,18.987319361040893,0,0.0
1660,control,desktop,26.044403082038222,0,0.0
1661,treatment,mobile,8.798666615847926,0,0.0
1662,treatment,mobile,69.35033650709208,0,0.0
1663,treatment,desktop,22.549291959850088,1,70.42398433798574
1664,control,mobile,33.70858519720497,0,0.0
1665,control,mobile,13.779399070547381,0,0.0
1666,control,mobile,89.36479284534073,0,0.0
1667,control,desktop,72.11066304466345,1,65.13616201129491
1668,control,mobile,10.57720072647481,0,0.0
1669,treatment,desktop,42.9014518678666,0,0.0
1670,control,mobile,9.242108696388202,0,0.0
1671,treatment,mobile,32.35474685770302,0,0.0
1672,treatment,mobile,36.967409289119104,0,0.0
1673,control,mobile,36.787318669502866,0,0.0
1674,treatment,desktop,19.164562838592772,0,0.0
1675,control,mobile,20.460786991622967,1,83.56557235202632
1676,control,desktop,13.64150879263649,0,0.0
1677,control,desktop,60.122734990934575,0,0.0
1678,treatment,mobile,42.99994669973067,0,0.0
1679,control,desktop,32.79593084215764,0,0.0
1680,control,mobile,51.978811777764946,0,0.0
1681,control,mobile,16.0341183546301,1,27.979045276253686
1682,treatment,desktop,56.221531295519725,0,0.0
1683,treatment,mobile,20.5776529948098,0,0.0
1684,treatment,desktop,22.028567372609935,0,0.0
1685,control,desktop,29.751535626250536,0,0.0
1686,control,desktop,79.6232250445087,0,0.0
1687,control,desktop,30.74774046181956,1,44.761863020205666
1688,control,mobile,16.245641479399016,1,66.89325538643811
1689,treatment,desktop,114.77586792668234,0,0.0
1690,treatment,mobile,56.52733919661597,0,0.0
1691,treatment,desktop,53.27683618593396,0,0.0
1692,treatment,desktop,35.486591966609765,0,0.0
1693,control,desktop,31.73713393789545,0,0.0
1694,control,desktop,29.502342516074958,0,0.0
1695,control,desktop,8.465712704409247,0,0.0
1696,treatment,mobile,58.058982849669185,0,0.0
1697,treatment,mobile,56.546024876777025,0,0.0
1698,control,desktop,30.23436949085156,0,0.0
1699,control,mobile,43.27371445817767,1,62.10103648120189
1700,control,desktop,62.96958674723321,0,0.0
1701,treatment,mobile,49.80260814403699,0,0.0
1702,treatment,mobile,17.193909271035693,0,0.0
1703,control,mobile,37.99411463490105,0,0.0
1704,treatment,desktop,39.285826518661764,0,0.0
1705,treatment,desktop,43.21168240062234,0,0.0
1706,control,mobile,14.772230857308198,0,0.0
1707,control,desktop,27.429482624726216,0,0.0
1708,control,mobile,74.22646681377208,0,0.0
1709,treatment,desktop,81.83325965826384,0,0.0
1710,control,desktop,37.05870200091326,0,0.0
1711,treatment,mobile,35.70734628776212,0,0.0
1712,control,mobile,42.991210985515764,0,0.0
1713,treatment,desktop,26.03402150842335,0,0.0
1714,control,mobile,13.05909631948245,0,0.0
1715,treatment,mobile,14.312165616200396,0,0.0
1716,treatment,desktop,15.5576526135347,0,0.0
1717,control,desktop,49.887894786347985,0,0.0
1718,control,desktop,90.92198092235903,0,0.0
1719,treatment,mobile,71.76041751923134,0,0.0
1720,control,desktop,73.80670890021216,0,0.0
1721,treatment,mobile,49.477530803037155,1,109.58510890065874
1722,control,desktop,18.038710694750602,0,0.0
1723,control,mobile,12.919110220687248,0,0.0
1724,treatment,desktop,106.48707598808541,1,15.721249096149307
1725,control,mobile,8.666669390331622,0,0.0
1726,treatment,desktop,32.69046570944029,0,0.0
1727,treatment,desktop,45.23249708799992,0,0.0
1728,control,desktop,43.715348125103574,0,0.0
1729,control,desktop,40.94282155835828,0,0.0
1730,control,mobile,144.13060409935912,0,0.0
1731,control,mobile,23.69026376117102,1,46.21173679381001
1732,treatment,mobile,37.01103041629523,0,0.0
1733,control,mobile,46.92261745627419,0,0.0
1734,treatment,mobile,4.316929982541461,0,0.0
1735,treatment,desktop,8.802491218312715,0,0.0
1736,control,desktop,32.31937861428971,0,0.0
1737,control,mobile,100.19288289164948,0,0.0
1738,control,mobile,57.98710999952184,0,0.0
1739,treatment,mobile,42.703024894551916,0,0.0
1740,treatment,mobile,58.10379930910567,1,53.01917155663271
1741,treatment,desktop,65.3292088623643,0,0.0
1742,control,mobile,103.52123254341205,0,0.0
1743,treatment,mobile,99.62964528731325,0,0.0
1744,treatment,desktop,21.135880695787954,0,0.0
1745,control,mobile,46.20854290086285,0,0.0
1746,control,mobile,49.26364786087361,0,0.0
1747,control,mobile,104.74427455404951,0,0.0
1748,control,desktop,16.631508235459695,0,0.0
1749,control,desktop,44.8161534392812,0,0.0
1750,control,mobile,43.38390256955481,0,0.0
1751,treatment,mobile,18.088249772616955,0,0.0
1752,treatment,mobile,12.187636611175009,0,0.0
1753,treatment,mobile,35.76373278824208,0,0.0
1754,treatment,desktop,42.25922182521081,0,0.0
1755,treatment,mobile,8.91384187067073,0,0.0
1756,control,desktop,92.61058776358516,0,0.0
1757,control,desktop,62.574573598425765,0,0.0
1758,control,desktop,43.48184029256679,0,0.0
1759,control,desktop,63.94635379082633,0,0.0
1760,control,desktop,7.738508323022515,1,19.973951939379855
1761,control,desktop,40.53136942044895,0,0.0
1762,control,desktop,60.9317221995103,0,0.0
1763,control,desktop,47.8551790176586,1,89.80075074994377
1764,treatment,mobile,63.896483827452606,0,0.0
1765,treatment,desktop,40.35270730268089,0,0.0
1766,control,mobile,81.89748341574858,0,0.0
1767,control,desktop,16.785365184129716,0,0.0
1768,control,mobile,12.622071543595405,0,0.0
1769,control,mobile,99.79190689629205,0,0.0
1770,control,desktop,30.066646393079395,1,42.72394583007821
1771,treatment,mobile,8.662736057796382,0,0.0
1772,control,mobile,113.13494107361718,0,0.0
1773,treatment,mobile,42.3816956081641,0,0.0
1774,treatment,mobile,45.40848823335107,0,0.0
1775,treatment,desktop,12.69596365190354,0,0.0
1776,treatment,mobile,14.098383406097403,0,0.0
1777,control,mobile,55.86269928596331,0,0.0
1778,treatment,mobile,32.9969033799118,0,0.0
1779,treatment,desktop,8.414849732428806,1,25.76901525066158
1780,treatment,mobile,75.14056885227161,0,0.0
1781,control,desktop,76.29907629488687,0,0.0
1782,treatment,desktop,8.984148886647098,0,0.0
1783,treatment,mobile,34.53021334997241,0,0.0
1784,treatment,desktop,9.68165727481914,1,19.90063203260984
1785,control,desktop,21.24429951288196,1,9.231821382369377
1786,treatment,desktop,19.037771177626183,0,0.0
1787,treatment,desktop,19.770600330630216,0,0.0
1788,treatment,desktop,13.342168918867777,0,0.0
1789,control,desktop,39.81269411236482,0,0.0
1790,treatment,mobile,48.87864181806191,0,0.0
1791,control,desktop,46.81792778985055,0,0.0
1792,treatment,desktop,26.45418310040629,0,0.0
1793,treatment,desktop,57.448880785018055,0,0.0
1794,treatment,mobile,69.84142861470549,0,0.0
1795,treatment,mobile,16.746368021991575,0,0.0
1796,treatment,mobile,66.93803227304129,0,0.0
1797,control,desktop,68.64754694055306,0,0.0
1798,control,mobile,61.60797690112435,0,0.0
1799,treatment,mobile,78.57854540254463,0,0.0
1800,treatment,mobile,108.64563367489183,0,0.0
1801,treatment,desktop,45.66008008978305,1,15.87927018296639
1802,treatment,desktop,20.066063823023732,0,0.0
1803,control,mobile,57.91689176907883,1,182.73999328820688
1804,treatment,mobile,64.00168899341696,0,0.0
1805,control,mobile,17.436707527795733,0,0.0
1806,control,mobile,13.41067663079442,0,0.0
1807,treatment,mobile,31.24296343278261,0,0.0
1808,control,desktop,53.478407567063925,0,0.0
1809,control,desktop,8.671414515143637,0,0.0
1810,control,desktop,58.318281414509656,0,0.0
1811,control,desktop,92.1178218485443,0,0.0
1812,control,mobile,12.278754487018887,0,0.0
1813,treatment,desktop,39.19380403446064,0,0.0
1814,control,desktop,47.88735593126485,0,0.0
1815,treatment,desktop,36.25435256074959,0,0.0
1816,treatment,desktop,36.318689622318075,0,0.0
1817,treatment,mobile,43.662305029045925,1,19.688807779215715
1818,control,mobile,4.5300430921272445,0,0.0
1819,control,desktop,35.60527693914245,0,0.0
1820,control,desktop,40.639049607566726,0,0.0
1821,control,mobile,17.081874134191743,0,0.0
1822,control,mobile,82.93899176988744,0,0.0
1823,control,mobile,9.275457951236199,1,22.357654375273754
1824,treatment,mobile,8.74408707239463,0,0.0
1825,treatment,desktop,11.465905402939411,0,0.0
1826,control,mobile,43.96843480649868,0,0.0
1827,treatment,mobile,32.446974978351896,0,0.0
1828,treatment,mobile,14.491514953386051,0,0.0
1829,treatment,mobile,131.5604083946945,0,0.0
1830,control,mobile,133.91000011282193,0,0.0
1831,control,desktop,46.72629909698526,0,0.0
1832,control,desktop,57.00487199156455,0,0.0
1833,treatment,desktop,7.6538426930183,0,0.0
1834,control,mobile,13.493009267769661,0,0.0
1835,control,mobile,54.39136784265805,0,0.0
1836,control,desktop,109.43200460741906,0,0.0
1837,treatment,mobile,27.84789673454207,0,0.0
1838,control,mobile,1.9169752709146954,0,0.0
1839,treatment,mobile,21.049614491431452,0,0.0
1840,treatment,mobile,38.20932261486971,0,0.0
1841,control,desktop,13.326135648460777,0,0.0
1842,treatment,desktop,46.83262359718893,0,0.0
1843,treatment,mobile,21.737571829472092,1,44.05022011801082
1844,treatment,mobile,59.801174337467636,0,0.0
1845,control,mobile,31.488214369437365,0,0.0
1846,treatment,mobile,40.34793332447073,0,0.0
1847,control,mobile,31.50103589317098,0,0.0
1848,treatment,desktop,114.40639097107825,0,0.0
1849,control,desktop,8.343215768353792,0,0.0
1850,treatment,desktop,9.762560721973433,0,0.0
1851,control,desktop,52.07124748284396,0,0.0
1852,control,desktop,29.095944509693847,0,0.0
1853,control,mobile,8.365355211652004,0,0.0
1854,control,mobile,40.77781379267379,1,44.868737030902935
1855,treatment,mobile,19.82867422566401,0,0.0
1856,treatment,desktop,11.563062705668317,0,0.0
1857,treatment,mobile,29.533001527052352,0,0.0
1858,treatment,mobile,35.01693012017639,0,0.0
1859,control,desktop,17.379455533709333,0,0.0
1860,control,mobile,24.719769563779597,0,0.0
1861,treatment,desktop,32.56666265556756,0,0.0
1862,control,desktop,68.70194655361358,0,0.0
1863,treatment,mobile,43.65172959847914,0,0.0
1864,control,mobile,39.61580380891354,0,0.0
1865,control,mobile,149.7948223378571,1,93.62025398247913
1866,treatment,mobile,59.38685968153094,0,0.0
1867,treatment,mobile,25.611076721589964,0,0.0
1868,treatment,desktop,32.3624312362698,0,0.0
1869,control,desktop,13.866130210512036,0,0.0
1870,treatment,desktop,20.02743202181697,0,0.0
1871,treatment,desktop,35.827077516739415,0,0.0
1872,treatment,desktop,42.53652462127798,0,0.0
1873,control,desktop,31.59043583746264,0,0.0
1874,treatment,mobile,20.448890505334912,0,0.0
1875,treatment,desktop,48.377496100536,0,0.0
1876,control,desktop,43.19237471288361,0,0.0
1877,control,mobile,14.171169466269971,0,0.0
1878,control,desktop,11.864663480828243,0,0.0
1879,control,mobile,17.511899610372225,0,0.0
1880,control,desktop,23.420370121343126,0,0.0
1881,control,mobile,29.694408794598353,0,0.0
1882,control,desktop,8.677200081099366,0,0.0
1883,treatment,mobile,75.3325443481165,0,0.0
1884,treatment,mobile,12.664321905798344,0,0.0
1885,treatment,desktop,106.24557434124638,0,0.0
1886,control,desktop,10.609299105373779,0,0.0
1887,treatment,desktop,58.69220873819677,0,0.0
1888,treatment,mobile,51.912059068354466,0,0.0
1889,treatment,mobile,50.16650889227303,0,0.0
1890,control,desktop,22.858923760727414,0,0.0
1891,treatment,mobile,1.780794300472721,1,27.643295874347352
1892,treatment,mobile,32.34845652479935,0,0.0
1893,treatment,desktop,33.46091540128282,0,0.0
1894,control,mobile,43.97206950617617,0,0.0
1895,control,mobile,67.39803901887335,0,0.0
1896,treatment,desktop,68.47151592539663,0,0.0
1897,control,desktop,91.91333875852641,0,0.0
1898,treatment,mobile,103.02572574089213,0,0.0
1899,treatment,mobile,31.934267542467396,0,0.0
1900,treatment,mobile,81.3929404787853,1,67.30034207137574
1901,treatment,mobile,11.277697137972352,0,0.0
1902,control,desktop,10.370586844322826,0,0.0
1903,control,mobile,13.266846773923378,0,0.0
1904,treatment,desktop,44.616568541663504,1,106.47848719876691
1905,control,mobile,67.6848503985852,0,0.0
1906,control,desktop,103.07829891228005,0,0.0
1907,control,mobile,80.35061841375068,0,0.0
1908,control,mobile,54.565350426936725,0,0.0
1909,control,mobile,31.75168212439325,0,0.0
1910,treatment,mobile,21.465014195230076,0,0.0
1911,control,mobile,45.62229927435456,0,0.0
1912,treatment,desktop,34.21465392766657,0,0.0
1913,treatment,mobile,16.168797452639694,0,0.0
1914,treatment,desktop,21.954883274352657,0,0.0
1915,control,desktop,19.810031616024812,0,0.0
1916,control,desktop,9.458688475126575,0,0.0
1917,treatment,desktop,106.38506382841408,0,0.0
1918,control,mobile,17.851151441961427,0,0.0
1919,treatment,mobile,9.727532273467917,1,61.71517519116812
1920,control,mobile,27.928676651152703,0,0.0
1921,treatment,mobile,51.07172523247751,1,76.99815786334617
1922,treatment,mobile,8.766990486197528,0,0.0
1923,control,mobile,51.634182714689494,0,0.0
1924,treatment,mobile,50.53246232367713,0,0.0
1925,treatment,mobile,26.704594927066655,0,0.0
1926,control,mobile,85.22071420926004,0,0.0
1927,treatment,mobile,44.12470269102564,0,0.0
1928,control,mobile,29.170587149986467,0,0.0
1929,control,desktop,85.99322255282146,0,0.0
1930,control,desktop,45.044628308199506,0,0.0
1931,control,mobile,19.400880047787947,0,0.0
1932,treatment,mobile,11.373280507281628,0,0.0
1933,treatment,mobile,23.057313790217215,0,0.0
1934,treatment,mobile,20.421362925390873,0,0.0
1935,treatment,mobile,26.194991275302954,0,0.0
1936,control,mobile,20.974866864273164,0,0.0
1937,treatment,mobile,14.570485558558023,1,117.87396990313897
1938,control,desktop,27.844851331040644,0,0.0
1939,treatment,desktop,4.868030186419605,0,0.0
1940,treatment,desktop,27.112264596964046,0,0.0
1941,treatment,mobile,43.01349685969584,0,0.0
1942,control,mobile,45.1647980912789,0,0.0
1943,control,desktop,72.62784830117116,0,0.0
1944,treatment,mobile,50.63214063810685,0,0.0
1945,control,mobile,7.9557794060130425,0,0.0
1946,control,desktop,37.37884972363811,0,0.0
1947,treatment,mobile,21.941922704272898,0,0.0
1948,control,desktop,22.307215006329663,0,0.0
1949,control,desktop,12.974156178260053,0,0.0
1950,control,desktop,68.83789639482742,0,0.0
1951,control,mobile,23.959016551484655,0,0.0
1952,treatment,desktop,3.8295484493365612,1,51.33963000651034
1953,control,mobile,14.40662523303428,1,106.65725585818849
1954,control,desktop,92.14542371485484,0,0.0
1955,control,mobile,21.206284999988142,0,0.0
1956,treatment,desktop,51.854736528625736,0,0.0
1957,control,mobile,54.72957436448474,1,22.267187717830986
1958,control,mobile,2.4958815219210644,0,0.0
1959,control,mobile,32.370990350892974,0,0.0
1960,control,mobile,44.111877049134534,0,0.0
1961,control,desktop,19.252087494837518,0,0.0
1962,treatment,mobile,82.77057028950706,0,0.0
1963,control,mobile,63.04152485587377,0,0.0
1964,control,mobile,80.58108154457813,1,97.60761181775939
1965,treatment,desktop,39.13611282482123,0,0.0
1966,treatment,mobile,66.13216559708418,0,0.0
1967,control,desktop,15.208831318081213,0,0.0
1968,treatment,mobile,3.938582497590297,0,0.0
1969,control,desktop,6.721773700178754,0,0.0
1970,treatment,desktop,61.29100205033921,0,0.0
1971,control,mobile,46.19654828627729,0,0.0
1972,control,desktop,32.23265223311643,0,0.0
1973,control,desktop,84.81562176631378,0,0.0
1974,control,desktop,102.53526580168244,0,0.0
1975,treatment,desktop,10.489131435395812,0,0.0
1976,control,mobile,96.81112531781893,0,0.0
1977,treatment,mobile,36.94327698472668,0,0.0
1978,treatment,mobile,32.813435502339665,0,0.0
1979,control,mobile,55.87844108628698,0,0.0
1980,control,mobile,55.570287885979326,0,0.0
1981,control,mobile,265.22380410281716,0,0.0
1982,treatment,desktop,26.879018046151536,1,34.06453918794837
1983,control,desktop,30.885002052951695,0,0.0
1984,treatment,mobile,38.96697744181158,0,0.0
1985,treatment,desktop,16.44731086640193,0,0.0
1986,control,desktop,14.652483850260987,0,0.0
1987,treatment,mobile,10.063724843607522,1,14.014694953443124
1988,treatment,desktop,12.150759553991442,1,61.20022264797724
1989,control,mobile,24.357781553571655,0,0.0
1990,treatment,desktop,21.777327666497264,0,0.0
1991,treatment,mobile,103.70392509079117,0,0.0
1992,control,mobile,71.33052761159779,0,0.0
1993,treatment,desktop,45.3934660856772,0,0.0
1994,treatment,mobile,8.73627423325537,0,0.0
1995,treatment,desktop,70.63767629690871,1,13.671505113781983
1996,control,desktop,13.199622893024877,1,79.82929173934777
1997,treatment,mobile,32.19584980857461,0,0.0
1998,treatment,mobile,24.447727625269017,0,0.0
1999,control,mobile,61.92478985302785,0,0.0
2000,control,desktop,6.14345165076191,0,0.0
2001,control,desktop,25.63284922536095,0,0.0
2002,control,desktop,36.06935653827661,0,0.0
2003,control,mobile,19.571584698315924,0,0.0
2004,treatment,mobile,59.69543570995047,0,0.0
2005,control,mobile,45.38266219141299,0,0.0
2006,treatment,desktop,28.28455599985852,0,0.0
2007,treatment,desktop,56.107051165810624,0,0.0
2008,treatment,mobile,29.416514863381988,0,0.0
2009,control,desktop,85.88535425446767,0,0.0
2010,control,desktop,34.375425057422405,0,0.0
2011,control,desktop,43.217827534305144,0,0.0
2012,treatment,desktop,49.2544328430339,1,35.894812809648656
2013,treatment,desktop,26.36120895827886,0,0.0
2014,control,mobile,82.11818550902976,1,13.980074281827912
2015,control,desktop,38.5993787476651,0,0.0
2016,control,desktop,74.3142075963743,0,0.0
2017,control,mobile,89.00363709355571,0,0.0
2018,treatment,mobile,46.9267706106035,0,0.0
2019,treatment,desktop,70.29285489328129,0,0.0
2020,treatment,desktop,149.51185637097566,1,34.474907546585754
2021,treatment,desktop,9.698698494537618,0,0.0
2022,treatment,mobile,7.707574001554617,0,0.0
2023,control,desktop,104.80518467833386,0,0.0
2024,treatment,mobile,56.40241854298333,0,0.0
2025,control,desktop,35.9904611781215,0,0.0
2026,control,mobile,21.66551978186995,0,0.0
2027,control,desktop,46.6045900789624,0,0.0
2028,treatment,desktop,7.2325340288851905,0,0.0
2029,treatment,mobile,21.899472044274138,0,0.0
2030,control,desktop,9.477120165148639,0,0.0
2031,treatment,desktop,27.28728822813125,0,0.0
2032,control,mobile,39.059916806172204,0,0.0
2033,control,desktop,6.27502905049829,0,0.0
2034,control,desktop,28.497362613829527,1,122.88893193352452
2035,treatment,desktop,31.158168797211022,0,0.0
2036,treatment,mobile,15.709063021795108,0,0.0
2037,control,desktop,69.53590152011196,0,0.0
2038,treatment,mobile,93.40761751576349,0,0.0
2039,treatment,mobile,55.39704267967543,0,0.0
2040,control,desktop,75.63064421589938,1,123.4416348976135
2041,treatment,desktop,62.39865203084097,0,0.0
2042,control,mobile,37.223529160954016,0,0.0
2043,control,mobile,35.83314643269932,0,0.0
2044,treatment,mobile,53.39077633068733,0,0.0
2045,treatment,desktop,16.60167843177149,0,0.0
2046,treatment,mobile,13.50734195524975,0,0.0
2047,treatment,mobile,40.27015594531365,0,0.0
2048,control,desktop,47.407794841057516,0,0.0
2049,treatment,desktop,50.23297089531177,0,0.0
2050,control,mobile,14.645214185677535,0,0.0
2051,treatment,desktop,13.033351465156882,0,0.0
2052,treatment,mobile,66.61423790644963,0,0.0
2053,control,desktop,13.531889671028727,0,0.0
2054,treatment,desktop,26.53291780959841,0,0.0
2055,control,mobile,26.601831647207767,0,0.0
2056,treatment,desktop,84.58881303804523,1,31.28162638309917
2057,treatment,desktop,61.450534020747796,0,0.0
2058,control,desktop,14.63676215211698,0,0.0
2059,control,mobile,21.361037460215357,0,0.0
2060,control,mobile,11.699850801112436,0,0.0
2061,treatment,desktop,72.73126145231177,0,0.0
2062,treatment,desktop,3.3636234555175677,0,0.0
2063,treatment,mobile,18.83001604585794,1,33.35098138817741
2064,control,desktop,88.0495860473024,0,0.0
2065,control,desktop,79.63369726672832,1,40.864449753992645
2066,treatment,mobile,43.73106162499519,0,0.0
2067,treatment,desktop,36.38691290878252,0,0.0
2068,control,mobile,37.64015540835243,1,68.18299354907043
2069,treatment,desktop,12.373544238233677,0,0.0
2070,control,desktop,50.67134221472006,0,0.0
2071,treatment,desktop,11.091289656661028,0,0.0
2072,control,desktop,6.38919880975036,0,0.0
2073,treatment,desktop,100.70214182968346,0,0.0
2074,treatment,desktop,32.22087056202536,0,0.0
2075,treatment,desktop,78.83474063319645,0,0.0
2076,control,desktop,9.726023453113879,0,0.0
2077,control,mobile,41.493621651407494,0,0.0
2078,treatment,mobile,24.00974686766395,1,56.39544151684999
2079,control,mobile,28.424435279101125,0,0.0
2080,treatment,mobile,70.57087089998907,0,0.0
2081,treatment,desktop,69.04090500647806,0,0.0
2082,control,desktop,95.11049492977526,0,0.0
2083,control,mobile,95.00002100040531,0,0.0
2084,treatment,mobile,39.420129172213045,0,0.0
2085,treatment,mobile,61.731073766544384,0,0.0
2086,control,desktop,109.63508173013642,0,0.0
2087,control,mobile,37.20449091305025,0,0.0
2088,treatment,desktop,29.768013331377283,0,0.0
2089,treatment,desktop,11.571892977576779,0,0.0
2090,control,mobile,31.808540009764727,0,0.0
2091,treatment,desktop,37.0437473289509,0,0.0
2092,treatment,desktop,102.15363700576644,0,0.0
2093,control,desktop,40.66385202962031,0,0.0
2094,treatment,desktop,52.289836697132905,0,0.0
2095,treatment,mobile,12.837551671459423,0,0.0
2096,treatment,desktop,11.750869707610338,0,0.0
2097,treatment,desktop,56.66222625329812,0,0.0
2098,control,desktop,29.70316797696285,0,0.0
2099,treatment,desktop,21.926365972470244,0,0.0
2100,treatment,mobile,87.40791274714893,1,29.124377480660485
2101,treatment,mobile,16.108881592331098,0,0.0
2102,control,desktop,55.57856680937163,0,0.0
2103,treatment,mobile,23.365237956972464,0,0.0
2104,control,mobile,22.465603270400702,0,0.0
2105,treatment,desktop,76.72042839893571,0,0.0
2106,treatment,mobile,31.592504235801954,0,0.0
2107,control,mobile,91.68811337920059,0,0.0
2108,control,desktop,35.465819905648054,0,0.0
2109,control,mobile,90.14042680782366,0,0.0
2110,control,desktop,44.08190040557102,0,0.0
2111,control,desktop,130.9008846339567,0,0.0
2112,control,desktop,18.489168411726812,0,0.0
2113,control,mobile,19.99697536368872,0,0.0
2114,control,mobile,56.58817783492726,0,0.0
2115,control,mobile,41.86115564973253,0,0.0
2116,treatment,mobile,30.712391739064074,0,0.0
2117,control,desktop,24.611149581651834,0,0.0
2118,treatment,desktop,53.72268741763516,0,0.0
2119,treatment,mobile,9.236005973960639,0,0.0
2120,control,desktop,19.663015777377556,0,0.0
2121,treatment,mobile,25.745363574877175,0,0.0
2122,treatment,mobile,7.200234845725367,0,0.0
2123,treatment,mobile,14.187445244118525,0,0.0
2124,treatment,desktop,34.63262180783603,0,0.0
2125,control,mobile,38.767272641181656,0,0.0
2126,control,desktop,46.942528129073615,0,0.0
2127,treatment,mobile,86.29786705190327,0,0.0
2128,control,mobile,31.72483236215568,0,0.0
2129,treatment,desktop,12.162049973966369,0,0.0
2130,treatment,mobile,49.318920254004766,0,0.0
2131,control,desktop,23.840919504204876,0,0.0
2132,treatment,mobile,64.65609097850283,0,0.0
2133,treatment,mobile,11.97848203398385,0,0.0
2134,treatment,desktop,33.33610249410942,0,0.0
2135,control,mobile,79.83307927162672,0,0.0
2136,control,mobile,42.534077175790294,0,0.0
2137,control,mobile,48.510120953656866,0,0.0
2138,treatment,mobile,140.18692406478,1,46.82142598737325
2139,control,desktop,14.107976556796974,1,173.20837183588762
2140,control,mobile,64.25457946157658,0,0.0
2141,control,mobile,23.756953761788,1,57.67037297719847
2142,control,mobile,32.49561682139712,0,0.0
2143,control,desktop,13.399585596053917,0,0.0
2144,control,desktop,53.35280886620591,0,0.0
2145,control,desktop,16.37398710899691,0,0.0
2146,control,mobile,8.847178486529415,0,0.0
2147,control,desktop,29.308129578837733,0,0.0
2148,treatment,desktop,23.844553907765622,0,0.0
2149,control,mobile,74.36142332394526,0,0.0
2150,control,mobile,107.70054148902514,0,0.0
2151,treatment,mobile,23.9667743116096,0,0.0
2152,treatment,mobile,10.671413294362296,0,0.0
2153,treatment,desktop,36.06962096603522,0,0.0
2154,control,desktop,31.50218996427379,0,0.0
2155,treatment,mobile,7.176453160779918,0,0.0
2156,control,desktop,34.095840049105774,0,0.0
2157,control,desktop,17.526298918848013,0,0.0
2158,control,mobile,10.35661232034342,0,0.0
2159,treatment,mobile,11.286981111659657,0,0.0
2160,treatment,desktop,5.172898517495405,0,0.0
2161,control,desktop,18.62617207447467,0,0.0
2162,treatment,desktop,14.476733889906699,0,0.0
2163,treatment,mobile,57.69383204914511,1,92.51960776729722
2164,control,desktop,12.516851902699603,0,0.0
2165,control,mobile,9.354888533978222,0,0.0
2166,treatment,desktop,52.69609823587437,0,0.0
2167,control,desktop,29.05699140326634,0,0.0
2168,treatment,mobile,55.407692196173244,0,0.0
2169,treatment,mobile,91.80888610650143,0,0.0
2170,control,mobile,28.056585873612377,1,42.630499291474315
2171,treatment,mobile,21.62022622318392,0,0.0
2172,control,mobile,32.776268101415845,0,0.0
2173,control,mobile,67.00350860650096,1,52.12865243567895
2174,control,mobile,18.93419170034813,0,0.0
2175,treatment,mobile,36.54274297764828,0,0.0
2176,treatment,mobile,36.21116632573153,0,0.0
2177,control,mobile,68.45669320287574,0,0.0
2178,treatment,mobile,13.487512366616315,0,0.0
2179,control,mobile,8.564468806285754,0,0.0
2180,treatment,desktop,12.513029210887868,0,0.0
2181,control,desktop,15.752657627306888,0,0.0
2182,control,desktop,68.06138514723007,1,39.312908718435686
2183,treatment,desktop,28.668803851281464,0,0.0
2184,treatment,mobile,16.144457145607852,0,0.0
2185,treatment,mobile,43.89035243635468,0,0.0
2186,treatment,mobile,30.409853012395654,0,0.0
2187,control,mobile,23.52506615773204,0,0.0
2188,treatment,mobile,15.01792164495027,0,0.0
2189,treatment,mobile,2.9789247125542695,0,0.0
2190,control,desktop,28.479856636538422,0,0.0
2191,treatment,mobile,58.24663265853522,0,0.0
2192,treatment,desktop,41.16753800617823,0,0.0
2193,control,desktop,33.983927813280346,0,0.0
2194,control,desktop,9.687196343444311,0,0.0
2195,control,desktop,71.55715452498127,0,0.0
2196,treatment,mobile,59.15848487382951,0,0.0
2197,treatment,desktop,6.1731998029232615,0,0.0
2198,control,desktop,13.915903157413926,0,0.0
2199,control,desktop,60.38618552979672,0,0.0
2200,control,desktop,18.720742682199518,0,0.0
2201,treatment,desktop,93.42303679851341,0,0.0
2202,treatment,desktop,67.18689481811184,0,0.0
2203,control,desktop,17.48137508490024,0,0.0
2204,treatment,mobile,56.96712884844497,0,0.0
2205,treatment,mobile,57.352454540889745,0,0.0
2206,control,desktop,46.96078425804146,0,0.0
2207,treatment,mobile,22.15931044467758,0,0.0
2208,treatment,mobile,40.630774197527586,0,0.0
2209,control,desktop,16.3263549139691,0,0.0
2210,treatment,desktop,62.09227095771627,0,0.0
2211,control,desktop,19.459189154508426,0,0.0
2212,control,mobile,1.8882882424456804,0,0.0
2213,treatment,mobile,28.690818152613723,0,0.0
2214,control,desktop,32.379155185055744,0,0.0
2215,treatment,desktop,14.842876083994248,0,0.0
2216,treatment,mobile,24.306353640423985,0,0.0
2217,treatment,mobile,79.05414267507884,0,0.0
2218,treatment,mobile,40.02733513146144,0,0.0
2219,control,desktop,49.452272363067706,0,0.0
2220,control,desktop,51.74725570816632,0,0.0
2221,control,mobile,66.48244072626156,0,0.0
2222,control,desktop,8.132364620471025,0,0.0
2223,treatment,desktop,66.16490719678329,0,0.0
2224,control,desktop,70.33755650809644,0,0.0
2225,treatment,desktop,128.44923488491847,0,0.0
2226,control,mobile,15.683615698541683,0,0.0
2227,treatment,mobile,15.870120065581943,0,0.0
2228,treatment,mobile,31.647910950714696,0,0.0
2229,control,desktop,56.04977695006642,0,0.0
2230,treatment,desktop,9.326100599622604,0,0.0
2231,treatment,desktop,10.787533922223718,1,122.29336053308808
2232,control,mobile,58.82860041350081,0,0.0
2233,treatment,mobile,106.50580052183473,0,0.0
2234,control,mobile,16.673108057957517,0,0.0
2235,treatment,desktop,39.78944251378291,0,0.0
2236,control,mobile,33.18002753019725,0,0.0
2237,treatment,mobile,52.47159779542209,0,0.0
2238,treatment,mobile,11.187355260749454,0,0.0
2239,control,mobile,9.56609783246382,0,0.0
2240,treatment,desktop,15.325284717218732,0,0.0
2241,control,desktop,18.741618342012732,0,0.0
2242,treatment,mobile,25.971623220754154,0,0.0
2243,treatment,mobile,23.90534402756057,0,0.0
2244,treatment,mobile,24.617895818795475,0,0.0
2245,control,desktop,13.6498902182559,0,0.0
2246,treatment,desktop,51.34101966843148,0,0.0
2247,treatment,mobile,21.555280482602768,0,0.0
2248,control,desktop,40.01695018451585,0,0.0
2249,control,mobile,18.560957909505007,0,0.0
2250,treatment,mobile,98.42504170138213,0,0.0
2251,treatment,desktop,31.1326577712438,0,0.0
2252,treatment,mobile,18.400256998818914,0,0.0
2253,treatment,desktop,56.70791500201726,0,0.0
2254,control,desktop,166.164609460524,0,0.0
2255,control,mobile,33.8614078506569,0,0.0
2256,control,desktop,21.56769008679788,0,0.0
2257,treatment,mobile,42.94650062135629,0,0.0
2258,control,mobile,155.37490949238898,0,0.0
2259,control,desktop,15.844073897332924,0,0.0
2260,treatment,mobile,8.220498669634434,0,0.0
2261,control,desktop,47.08048601944891,0,0.0
2262,control,desktop,19.817046080574638,0,0.0
2263,control,mobile,27.264576747516497,0,0.0
2264,treatment,mobile,4.123314104756057,0,0.0
2265,control,desktop,10.014695216527434,0,0.0
2266,control,mobile,38.29224407074232,0,0.0
2267,control,mobile,55.31579620958727,0,0.0
2268,treatment,desktop,50.17747002175626,0,0.0
2269,control,desktop,57.9653024712313,0,0.0
2270,control,mobile,76.31150045743165,0,0.0
2271,treatment,desktop,38.451379221401126,0,0.0
2272,treatment,desktop,24.851540294620598,0,0.0
2273,treatment,mobile,36.30808789815488,0,0.0
2274,control,mobile,6.475361108941831,0,0.0
2275,control,mobile,8.694097691813532,1,31.26011340956262
2276,control,mobile,29.879263596157564,0,0.0
2277,treatment,mobile,26.934268540980717,0,0.0
2278,treatment,mobile,27.458366705560945,0,0.0
2279,control,mobile,26.766468227517265,0,0.0
2280,treatment,desktop,2.571266060345947,0,0.0
2281,control,desktop,88.74529554778489,1,30.4851189947891
2282,control,desktop,34.64684316090675,0,0.0
2283,control,desktop,5.2743605872498005,0,0.0
2284,control,desktop,77.78175837986163,1,125.88875464276616
2285,control,desktop,92.7344540509621,0,0.0
2286,treatment,desktop,40.911364234039915,0,0.0
2287,control,desktop,27.740972077289054,0,0.0
2288,control,desktop,64.67186851601012,0,0.0
2289,treatment,mobile,10.955171231623371,0,0.0
2290,control,mobile,76.23436632261692,0,0.0
2291,treatment,desktop,41.881937043583626,0,0.0
2292,control,mobile,10.230942616435089,0,0.0
2293,control,desktop,16.37618941712192,0,0.0
2294,control,mobile,43.86470052900468,0,0.0
2295,control,mobile,27.235360929132813,0,0.0
2296,treatment,mobile,11.0406149025248,0,0.0
2297,control,mobile,71.09365668100408,0,0.0
2298,control,desktop,56.285991029664196,0,0.0
2299,control,mobile,31.93387871962817,0,0.0
2300,treatment,mobile,39.52790130804529,0,0.0
2301,control,mobile,30.061251351262108,0,0.0
2302,control,mobile,41.657965629573795,0,0.0
2303,control,mobile,33.54367387108356,0,0.0
2304,control,mobile,15.884381068892377,0,0.0
2305,treatment,mobile,60.85833412792991,0,0.0
2306,control,desktop,7.541506526571572,0,0.0
2307,treatment,desktop,42.95831194940937,0,0.0
2308,control,desktop,33.39466500172166,0,0.0
2309,control,desktop,38.14577803057675,0,0.0
2310,treatment,desktop,70.96268880116129,0,0.0
2311,treatment,desktop,35.76475115266302,0,0.0
2312,control,desktop,53.435717496206756,0,0.0
2313,control,desktop,27.519303092030526,1,41.08899784408541
2314,control,mobile,80.32776638041071,0,0.0
2315,control,desktop,17.4626554532766,0,0.0
2316,control,mobile,40.47053299059452,0,0.0
2317,treatment,desktop,41.45102183428757,1,40.537719297735535
2318,treatment,desktop,15.312151157063777,1,55.96466873096413
2319,control,mobile,50.79844401973521,0,0.0
2320,treatment,desktop,13.974012274095696,0,0.0
2321,treatment,mobile,123.6183057564819,0,0.0
2322,treatment,mobile,44.56448238880174,0,0.0
2323,treatment,mobile,33.84535464316992,0,0.0
2324,treatment,mobile,21.68997702137578,1,78.34491762538998
2325,treatment,mobile,14.737188785996036,1,62.311519134657814
2326,treatment,mobile,26.523137531769507,0,0.0
2327,control,desktop,57.81615298367753,1,39.300320807073135
2328,treatment,mobile,78.42550430885476,0,0.0
2329,treatment,mobile,32.11217001851396,0,0.0
2330,control,mobile,5.447408421099173,0,0.0
2331,treatment,mobile,92.00316358365149,0,0.0
2332,control,mobile,79.91572278251087,0,0.0
2333,treatment,desktop,125.31669286855391,0,0.0
2334,control,desktop,45.53645463434792,0,0.0
2335,control,mobile,25.655004655489172,0,0.0
2336,treatment,desktop,76.61791561432156,0,0.0
2337,control,desktop,34.55668333427254,0,0.0
2338,treatment,mobile,30.520880327299604,0,0.0
2339,treatment,mobile,12.723160338979957,0,0.0
2340,control,mobile,52.73761598007362,0,0.0
2341,treatment,desktop,111.9997729288008,0,0.0
2342,control,mobile,23.625889432774606,0,0.0
2343,treatment,mobile,18.17131984196201,0,0.0
2344,treatment,desktop,38.883292756269284,0,0.0
2345,control,desktop,13.663484973263404,0,0.0
2346,treatment,mobile,39.89052683321601,0,0.0
2347,control,desktop,19.407519233171776,1,38.43503074260081
2348,treatment,mobile,16.57811534780406,0,0.0
2349,treatment,mobile,26.064368155037346,0,0.0
2350,control,mobile,86.71635260558809,0,0.0
2351,control,mobile,9.044135196079145,0,0.0
2352,control,desktop,24.30866126024453,0,0.0
2353,control,desktop,26.22618682158404,0,0.0
2354,treatment,desktop,28.127468470474323,0,0.0
2355,treatment,mobile,62.56944090035849,0,0.0
2356,control,desktop,27.23721434176046,1,43.42737252877893
2357,control,mobile,46.75267387742541,0,0.0
2358,treatment,mobile,50.164466814906,0,0.0
2359,control,mobile,54.262143255979936,0,0.0
2360,treatment,mobile,33.293984711689774,0,0.0
2361,control,desktop,17.373408100189216,0,0.0
2362,control,desktop,39.205763157324334,0,0.0
2363,control,mobile,26.755381700996615,0,0.0
2364,control,mobile,18.633317175747678,0,0.0
2365,treatment,mobile,10.839894755718994,0,0.0
2366,treatment,mobile,54.45349141205985,0,0.0
2367,treatment,desktop,47.17520667551963,0,0.0
2368,treatment,desktop,30.104581726689176,0,0.0
2369,treatment,desktop,24.629237684947377,0,0.0
2370,control,mobile,4.440110016101456,0,0.0
2371,treatment,desktop,55.233759731009975,1,67.7557135758017
2372,control,desktop,20.849868003060408,0,0.0
2373,control,desktop,47.80180717597168,0,0.0
2374,treatment,desktop,16.38252489491942,0,0.0
2375,control,desktop,70.24804395596094,0,0.0
2376,control,desktop,17.412605145448765,0,0.0
2377,treatment,mobile,116.59688893287995,0,0.0
2378,treatment,desktop,9.405797847079771,0,0.0
2379,control,mobile,6.900323824663472,0,0.0
2380,treatment,mobile,13.822497413011885,0,0.0
2381,treatment,desktop,36.77311239016569,0,0.0
2382,treatment,desktop,40.1189054681014,0,0.0
2383,treatment,desktop,39.10918501357694,0,0.0
2384,control,desktop,43.13776206392493,0,0.0
2385,control,desktop,21.62520935746536,0,0.0
2386,control,desktop,30.821331893717563,0,0.0
2387,control,mobile,26.900434380166793,0,0.0
2388,control,mobile,38.247849975729515,1,41.15019043843854
2389,treatment,desktop,39.279151350784424,0,0.0
2390,control,desktop,17.0485506721861,0,0.0
2391,treatment,desktop,3.303660297875897,0,0.0
2392,control,mobile,129.0034123907641,1,47.374162593251576
2393,control,mobile,4.10177862702106,0,0.0
2394,control,mobile,58.40880202938385,0,0.0
2395,control,mobile,56.538792214882214,0,0.0
2396,treatment,mobile,19.71025291716819,1,47.31097411089455
2397,control,mobile,27.526714826309394,0,0.0
2398,treatment,mobile,18.359155441513963,0,0.0
2399,treatment,mobile,18.65956404947816,0,0.0
2400,control,desktop,21.88046082423954,0,0.0
2401,control,desktop,77.63174903215304,0,0.0
2402,treatment,desktop,27.39165117253179,0,0.0
2403,treatment,desktop,19.944059193285845,0,0.0
2404,control,desktop,14.609878503680518,0,0.0
2405,control,desktop,65.86155149463372,1,56.421731312463855
2406,control,desktop,10.714425105896801,0,0.0
2407,treatment,mobile,1.298756982243598,0,0.0
2408,control,desktop,77.80180959393375,0,0.0
2409,treatment,mobile,7.634350868189311,0,0.0
2410,treatment,desktop,97.14274136004703,0,0.0
2411,treatment,mobile,122.52549836695898,0,0.0
2412,control,desktop,16.669754979382688,0,0.0
2413,control,mobile,52.87526754389664,0,0.0
2414,control,desktop,26.134878023339418,0,0.0
2415,treatment,mobile,15.592717677928427,1,4.925436149980018
2416,control,desktop,29.047344300261223,0,0.0
2417,treatment,desktop,15.669278330280434,0,0.0
2418,treatment,desktop,19.01839653713423,0,0.0
2419,control,mobile,28.92749318846985,0,0.0
2420,treatment,desktop,67.65278074439661,0,0.0
2421,treatment,desktop,72.08837608996645,1,70.7306385561559
2422,treatment,desktop,25.450789107896256,0,0.0
2423,treatment,mobile,39.74173541601314,0,0.0
2424,treatment,mobile,20.552794462726403,0,0.0
2425,control,desktop,120.81302684697407,0,0.0
2426,control,mobile,18.67636674596038,0,0.0
2427,control,desktop,85.77985732845156,1,67.1904805967477
2428,treatment,desktop,15.126746014299812,0,0.0
2429,treatment,mobile,40.52440166488559,0,0.0
2430,treatment,desktop,65.17732178296846,0,0.0
2431,control,mobile,61.23275212377328,0,0.0
2432,control,desktop,75.26698573070081,1,24.402543296558306
2433,treatment,desktop,12.683634744405206,0,0.0
2434,treatment,desktop,23.30451477284809,0,0.0
2435,control,desktop,61.79101783220952,0,0.0
2436,treatment,desktop,17.06257352497214,0,0.0
2437,treatment,mobile,26.290529094773426,0,0.0
2438,treatment,mobile,45.045353821573585,0,0.0
2439,treatment,desktop,12.515734762109211,0,0.0
2440,control,mobile,5.183064812205572,1,121.16114896962358
2441,treatment,desktop,31.5033245509934,0,0.0
2442,control,mobile,28.368524387300592,1,52.868802459609846
2443,control,desktop,25.956353393806747,0,0.0
2444,control,desktop,32.51795395354382,0,0.0
2445,control,mobile,48.63491343131373,0,0.0
2446,control,mobile,42.22646785261705,0,0.0
2447,treatment,mobile,76.63750449804772,0,0.0
2448,control,mobile,51.95076417684149,0,0.0
2449,control,desktop,31.51296709782134,0,0.0
2450,treatment,desktop,44.312260789190674,0,0.0
2451,control,mobile,32.79684059353584,0,0.0
2452,control,mobile,42.65551793230046,0,0.0
2453,treatment,mobile,79.43720942765908,0,0.0
2454,treatment,desktop,35.29948140268926,0,0.0
2455,treatment,desktop,11.251082083908441,0,0.0
2456,control,desktop,2.497611671792895,0,0.0
2457,control,desktop,17.340802523668934,0,0.0
2458,control,mobile,60.12594827693043,0,0.0
2459,treatment,desktop,22.119252796280616,0,0.0
2460,treatment,desktop,43.702345409059234,0,0.0
2461,control,desktop,16.34934657437061,0,0.0
2462,control,desktop,53.900077089519414,0,0.0
2463,control,desktop,5.871743251985173,0,0.0
2464,control,desktop,86.66503531088593,0,0.0
2465,control,mobile,23.08351365789616,0,0.0
2466,treatment,desktop,13.968345195863384,0,0.0
2467,control,mobile,16.289679274691746,0,0.0
2468,control,mobile,50.74466691076999,0,0.0
2469,control,mobile,32.77177020883348,0,0.0
2470,control,desktop,8.799947861528585,0,0.0
2471,control,desktop,30.788160281704254,0,0.0
2472,treatment,mobile,14.819505108795878,1,35.78421041804783
2473,control,desktop,38.27020246577114,0,0.0
2474,treatment,desktop,88.20636335450541,0,0.0
2475,treatment,desktop,58.028599652773295,0,0.0
2476,control,desktop,52.559338209903,0,0.0
2477,control,desktop,78.86609849378338,0,0.0
2478,treatment,desktop,23.512427048992606,0,0.0
2479,control,mobile,32.72520696120851,0,0.0
2480,control,desktop,21.485551097765658,0,0.0
2481,treatment,mobile,22.17702243640197,0,0.0
2482,control,mobile,12.798371337103037,0,0.0
2483,control,mobile,29.086659164866752,1,48.8178343480622
2484,control,mobile,69.26721310701593,0,0.0
2485,control,mobile,22.41798323340231,0,0.0
2486,treatment,desktop,98.47304430862758,0,0.0
2487,treatment,desktop,23.577400438138447,0,0.0
2488,control,mobile,33.129041528016096,0,0.0
2489,control,mobile,42.564456103897285,1,130.58090619436152
2490,control,desktop,13.479737809426325,0,0.0
2491,treatment,mobile,14.080756488067339,0,0.0
2492,treatment,mobile,39.89460265738825,0,0.0
2493,control,mobile,24.419144911810825,0,0.0
2494,treatment,mobile,24.919609765218603,0,0.0
2495,treatment,desktop,51.203495420338555,1,86.65186030295104
2496,treatment,mobile,49.22398266079522,1,50.688784477541695
2497,treatment,desktop,19.018315222103496,0,0.0
2498,control,desktop,84.38295112116091,0,0.0
2499,control,mobile,44.94046331590917,0,0.0
2500,treatment,desktop,23.89458441281934,0,0.0
2501,treatment,desktop,110.59495199102217,0,0.0
2502,control,desktop,23.138679598757548,0,0.0
2503,control,mobile,47.813152634772116,0,0.0
2504,treatment,mobile,5.706887518429282,0,0.0
2505,treatment,mobile,53.29791417771736,0,0.0
2506,control,mobile,29.01193994910418,1,87.98988351693832
2507,control,mobile,29.0151211751334,0,0.0
2508,control,mobile,11.672685326466157,1,88.42791748733055
2509,control,mobile,74.55667433388122,0,0.0
2510,control,desktop,21.872034212521374,0,0.0
2511,treatment,mobile,138.1298204787546,0,0.0
2512,treatment,desktop,36.55068325647704,0,0.0
2513,treatment,desktop,59.304629546407654,0,0.0
2514,treatment,desktop,9.881491608780639,0,0.0
2515,control,mobile,33.358400009487575,0,0.0
2516,control,desktop,16.96788432407076,0,0.0
2517,control,desktop,8.842504442256507,0,0.0
2518,control,desktop,18.501100461167688,0,0.0
2519,treatment,mobile,54.404483664987126,0,0.0
2520,treatment,mobile,63.55346091001902,0,0.0
2521,treatment,mobile,25.961486010535822,1,15.240087574080071
2522,control,mobile,35.88824256524325,0,0.0
2523,control,mobile,149.38750087662757,1,46.38656460601909
2524,control,desktop,32.47273981421161,0,0.0
2525,control,desktop,21.98103653252953,0,0.0
2526,control,mobile,36.736953864660094,0,0.0
2527,treatment,desktop,29.505874339859467,1,52.21535291336879
2528,control,mobile,22.84537083711124,0,0.0
2529,control,desktop,22.324977504311725,0,0.0
2530,control,mobile,33.78791007283504,0,0.0
2531,treatment,desktop,32.69433115613502,0,0.0
2532,treatment,desktop,56.70423681307425,0,0.0
2533,control,desktop,28.412748001743104,0,0.0
2534,treatment,mobile,22.512974586195984,0,0.0
2535,treatment,desktop,16.596120605907153,0,0.0
2536,treatment,mobile,5.332042328859669,0,0.0
2537,control,mobile,71.38524947209126,0,0.0
2538,treatment,mobile,47.71173447504613,0,0.0
2539,treatment,desktop,10.838554770222473,0,0.0
2540,treatment,mobile,44.88059647899924,0,0.0
2541,control,desktop,35.61016759432966,0,0.0
2542,treatment,desktop,21.267785082392663,1,84.4342162763881
2543,control,mobile,22.735835820070083,0,0.0
2544,control,desktop,58.06093097516815,0,0.0
2545,treatment,mobile,114.33259653506057,1,91.1616330308135
2546,control,desktop,16.759767919549734,0,0.0
2547,treatment,desktop,25.65760825303495,1,59.49693358119846
2548,treatment,mobile,30.6288158757257,0,0.0
2549,control,mobile,34.102035609174806,0,0.0
2550,control,desktop,34.86336597836546,0,0.0
2551,treatment,desktop,83.59272717819812,0,0.0
2552,treatment,desktop,28.703769167545005,0,0.0
2553,treatment,mobile,34.917251692678384,0,0.0
2554,treatment,mobile,29.69253589343438,0,0.0
2555,treatment,mobile,144.36150239985056,0,0.0
2556,treatment,mobile,5.859496536446284,0,0.0
2557,control,desktop,41.82502297123517,0,0.0
2558,control,desktop,28.507358018573154,0,0.0
2559,control,desktop,9.92204584678791,1,32.92877103991599
2560,treatment,mobile,83.21614019345341,0,0.0
2561,treatment,mobile,13.723307267134214,0,0.0
2562,treatment,desktop,62.989455622609896,0,0.0
2563,control,desktop,16.00430697282022,0,0.0
2564,control,mobile,31.575551632533895,0,0.0
2565,treatment,desktop,11.192964545538608,1,10.388692705407886
2566,control,mobile,66.1204037671535,0,0.0
2567,control,desktop,12.304813405949846,1,36.519310564315376
2568,treatment,mobile,36.09662681246972,1,132.35089095555264
2569,treatment,desktop,6.644110828827673,0,0.0
2570,control,desktop,63.8074393389964,1,44.67553714465404
2571,control,desktop,55.35459306422319,0,0.0
2572,control,desktop,57.47987946164549,1,43.20095194202702
2573,control,mobile,114.98169582243915,0,0.0
2574,control,mobile,50.83749414016364,0,0.0
2575,treatment,mobile,57.540484482224144,0,0.0
2576,treatment,desktop,44.110441442782616,0,0.0
2577,control,desktop,34.934160515737055,0,0.0
2578,treatment,desktop,36.27532440423062,0,0.0
2579,treatment,desktop,47.98131185621018,0,0.0
2580,treatment,desktop,16.952911620934067,0,0.0
2581,control,desktop,16.45773701740527,0,0.0
2582,treatment,desktop,60.04288068794658,0,0.0
2583,control,desktop,71.19841834048835,0,0.0
2584,control,mobile,11.954584306790766,0,0.0
2585,treatment,mobile,5.033571948011727,0,0.0
2586,treatment,desktop,14.725723119394939,0,0.0
2587,control,desktop,9.587951124921211,0,0.0
2588,treatment,desktop,65.14905581263122,0,0.0
2589,treatment,desktop,22.66209607308499,0,0.0
2590,control,desktop,32.17062735898087,0,0.0
2591,treatment,mobile,18.403136313345797,0,0.0
2592,treatment,mobile,35.029260658043185,0,0.0
2593,treatment,mobile,34.82731066126806,0,0.0
2594,control,desktop,66.4590643238251,0,0.0
2595,treatment,desktop,28.43975995639385,0,0.0
2596,control,desktop,89.30459509651358,0,0.0
2597,control,mobile,154.9007992872205,0,0.0
2598,control,desktop,28.762222680337494,0,0.0
2599,treatment,mobile,29.484830870094306,0,0.0
2600,treatment,mobile,11.26381054485455,0,0.0
2601,control,desktop,52.12644464523993,0,0.0
2602,treatment,mobile,30.330500635442977,1,40.83800226061594
2603,control,desktop,14.092621478972214,0,0.0
2604,treatment,desktop,39.90394809616746,0,0.0
2605,treatment,desktop,25.298180414251775,0,0.0
2606,treatment,mobile,63.88757750940969,0,0.0
2607,control,desktop,143.45492322388094,0,0.0
2608,treatment,mobile,53.15479060450989,0,0.0
2609,treatment,mobile,10.012605661112698,0,0.0
2610,control,desktop,106.20181588551903,0,0.0
2611,control,mobile,32.285105216382455,0,0.0
2612,treatment,desktop,59.18872100740134,0,0.0
2613,control,desktop,49.283667582153114,1,121.81433340574566
2614,treatment,desktop,20.121810369327623,0,0.0
2615,treatment,desktop,35.073985061940924,0,0.0
2616,treatment,desktop,42.67341488117658,0,0.0
2617,treatment,mobile,8.075242615892137,0,0.0
2618,control,desktop,14.411254231783985,0,0.0
2619,treatment,desktop,62.29953440189598,0,0.0
2620,control,desktop,28.58002778979884,0,0.0
2621,treatment,desktop,36.582692804021725,0,0.0
2622,treatment,desktop,55.12034020281931,0,0.0
2623,treatment,mobile,6.457331931858821,0,0.0
2624,treatment,desktop,45.267436573021186,0,0.0
2625,treatment,mobile,34.56722669993982,0,0.0
2626,treatment,desktop,44.933688009870345,0,0.0
2627,control,desktop,18.36185742560604,0,0.0
2628,treatment,desktop,7.191903922376612,0,0.0
2629,treatment,mobile,25.39702537179948,0,0.0
2630,treatment,mobile,85.25631952593237,0,0.0
2631,control,desktop,11.078642464077454,0,0.0
2632,control,desktop,62.440783999189904,0,0.0
2633,treatment,mobile,25.668061784172576,0,0.0
2634,control,desktop,87.64447659068003,0,0.0
2635,treatment,mobile,30.656625878842902,0,0.0
2636,treatment,desktop,45.56018635010566,0,0.0
2637,treatment,mobile,18.84761543022939,0,0.0
2638,treatment,desktop,88.33197199198875,1,51.600012355787655
2639,control,desktop,10.549147856996054,0,0.0
2640,control,desktop,17.351021063482953,0,0.0
2641,control,mobile,31.627071117498335,0,0.0
2642,treatment,mobile,20.334686547843877,0,0.0
2643,control,desktop,11.033890788500187,0,0.0
2644,control,mobile,30.078289891714327,0,0.0
2645,control,desktop,12.392208505180989,0,0.0
2646,control,mobile,32.64609069523188,0,0.0
2647,control,mobile,16.567627729156644,1,33.155863511522384
2648,treatment,mobile,17.655513856446166,0,0.0
2649,control,desktop,68.94075340945696,0,0.0
2650,treatment,desktop,62.2858568001778,0,0.0
2651,treatment,desktop,23.433246058114023,0,0.0
2652,treatment,mobile,95.23928151908187,0,0.0
2653,control,desktop,29.86213135727741,0,0.0
2654,control,desktop,41.37922766415042,0,0.0
2655,control,desktop,99.38729552998112,0,0.0
2656,treatment,desktop,40.93976862158145,0,0.0
2657,treatment,mobile,3.5993877607801017,0,0.0
2658,control,desktop,14.830292488775624,0,0.0
2659,control,mobile,93.29559053699757,0,0.0
2660,treatment,mobile,38.117533688058046,0,0.0
2661,treatment,mobile,21.325026386922925,0,0.0
2662,control,desktop,22.051679040786208,0,0.0
2663,treatment,desktop,29.755647355193563,0,0.0
2664,treatment,mobile,56.670481657139305,0,0.0
2665,treatment,desktop,4.591487235994975,0,0.0
2666,control,desktop,67.5552471591014,0,0.0
2667,control,mobile,6.22365276857015,0,0.0
2668,treatment,desktop,21.574656039503054,0,0.0
2669,control,mobile,2.6094256866847587,0,0.0
2670,treatment,desktop,27.61349830182871,0,0.0
2671,treatment,desktop,59.06283121061651,0,0.0
2672,control,mobile,24.29647055337744,0,0.0
2673,treatment,desktop,14.335652427612683,0,0.0
2674,control,desktop,43.713792018572725,0,0.0
2675,control,mobile,18.621377200623773,0,0.0
2676,control,mobile,32.22026439927438,0,0.0
2677,control,desktop,40.070983850041905,0,0.0
2678,control,desktop,76.49562819016965,0,0.0
2679,treatment,desktop,62.62893936010244,0,0.0
2680,treatment,mobile,4.716344895179812,0,0.0
2681,treatment,mobile,47.838350762143264,0,0.0
2682,control,mobile,84.24286383913973,0,0.0
2683,treatment,mobile,13.989926310871798,0,0.0
2684,control,mobile,47.086964548035574,0,0.0
2685,treatment,desktop,93.37406097087593,0,0.0
2686,treatment,desktop,13.458402585481153,0,0.0
2687,treatment,desktop,29.649154141639443,0,0.0
2688,treatment,desktop,35.06242172828186,0,0.0
2689,treatment,mobile,30.842321008226094,0,0.0
2690,treatment,desktop,44.19953924895627,0,0.0
2691,control,desktop,53.31674453213939,0,0.0
2692,treatment,desktop,24.92682911809736,0,0.0
2693,control,desktop,60.05217285245549,0,0.0
2694,control,mobile,40.25013713164068,0,0.0
2695,control,mobile,23.09431448083094,0,0.0
2696,control,desktop,36.56909689598698,0,0.0
2697,treatment,mobile,20.501347981527896,0,0.0
2698,control,desktop,60.01847330433975,0,0.0
2699,control,mobile,21.100011026209458,1,44.31000494229794
2700,treatment,desktop,64.56531534266946,0,0.0
2701,control,desktop,18.980851242465235,0,0.0
2702,control,desktop,49.473133875398865,0,0.0
2703,control,mobile,55.71623205842965,0,0.0
2704,treatment,mobile,87.0663767173678,0,0.0
2705,control,mobile,13.251302409624184,0,0.0
2706,control,desktop,1.7015350050380604,0,0.0
2707,treatment,mobile,33.58660532274236,0,0.0
2708,control,desktop,21.954872052516478,0,0.0
2709,control,desktop,50.80610890325193,0,0.0
2710,control,desktop,15.539948082089076,0,0.0
2711,control,mobile,9.805350892912076,0,0.0
2712,control,mobile,25.448105882402995,0,0.0
2713,control,mobile,29.977622528848052,1,59.91552552476263
2714,control,desktop,9.510681804343779,0,0.0
2715,treatment,desktop,27.60338565689654,0,0.0
2716,control,desktop,193.3846924493705,0,0.0
2717,control,desktop,35.49707724248181,0,0.0
2718,treatment,desktop,24.500290282781286,0,0.0
2719,treatment,desktop,13.405767192905556,0,0.0
2720,treatment,desktop,212.58942401932413,0,0.0
2721,treatment,desktop,88.33538393380462,0,0.0
2722,control,mobile,54.656482396273915,0,0.0
2723,control,mobile,6.77072418402318,0,0.0
2724,control,desktop,110.45062178575392,1,104.5641705323813
2725,treatment,desktop,33.99359585215522,0,0.0
2726,control,desktop,62.841935374682194,0,0.0
2727,control,desktop,20.27877133911794,0,0.0
2728,control,desktop,31.33645445925196,0,0.0
2729,treatment,desktop,36.68643382188022,0,0.0
2730,treatment,desktop,46.07076529138076,0,0.0
2731,treatment,desktop,58.34302901551352,0,0.0
2732,control,mobile,39.14970224020746,0,0.0
2733,treatment,mobile,24.342386656812796,1,42.359502901804944
2734,treatment,desktop,4.982791228250866,0,0.0
2735,treatment,desktop,30.173590015601842,0,0.0
2736,control,mobile,17.893803479536572,0,0.0
2737,control,mobile,27.116481763288675,0,0.0
2738,control,mobile,16.370785981242026,0,0.0
2739,treatment,desktop,41.271486381852284,0,0.0
2740,control,desktop,12.672596014881108,0,0.0
2741,control,desktop,32.62572987393696,0,0.0
2742,control,mobile,108.6800914305124,0,0.0
2743,treatment,mobile,17.86740958245431,0,0.0
2744,control,mobile,30.190135272245296,0,0.0
2745,control,desktop,24.404024234446375,0,0.0
2746,control,mobile,29.223950189360256,0,0.0
2747,control,mobile,28.96275199067929,0,0.0
2748,control,mobile,28.17935722614522,0,0.0
2749,control,desktop,22.165765819352092,0,0.0
2750,treatment,mobile,70.99176009878754,0,0.0
2751,control,mobile,44.08957812273155,0,0.0
2752,control,desktop,20.32766284678193,0,0.0
2753,treatment,desktop,37.8702739116332,0,0.0
2754,control,mobile,67.11157328689397,0,0.0
2755,control,mobile,7.420879069806988,0,0.0
2756,treatment,mobile,19.82986107526675,0,0.0
2757,control,mobile,24.00081384800285,0,0.0
2758,treatment,mobile,36.96951956373611,0,0.0
2759,control,mobile,20.505492091856063,0,0.0
2760,treatment,mobile,113.65102786208979,0,0.0
2761,control,mobile,84.38274520284806,0,0.0
2762,control,desktop,24.914746941134215,1,80.39908042850945
2763,control,desktop,41.53504601120908,0,0.0
2764,control,mobile,11.414937177899972,0,0.0
2765,control,mobile,20.37256188657174,0,0.0
2766,treatment,mobile,3.273911260076164,0,0.0
2767,control,mobile,37.54906749686504,0,0.0
2768,control,mobile,39.74656984766687,0,0.0
2769,control,mobile,27.387183651197574,0,0.0
2770,treatment,desktop,31.271408834088625,0,0.0
2771,treatment,desktop,14.664794357056541,0,0.0
2772,treatment,mobile,26.14519235148531,0,0.0
2773,control,desktop,113.35219635389622,1,59.0337989438164
2774,control,desktop,38.33321811664073,0,0.0
2775,control,desktop,62.15123862999406,1,152.04775431121953
2776,treatment,mobile,49.19654336852223,0,0.0
2777,treatment,desktop,23.32949168760316,0,0.0
2778,treatment,desktop,31.49055891281726,0,0.0
2779,control,desktop,13.904265617129388,0,0.0
2780,treatment,mobile,12.47016697925256,0,0.0
2781,control,mobile,34.87279982577882,1,73.06462348670314
2782,treatment,mobile,33.82965708521533,0,0.0
2783,control,mobile,30.186443939082125,0,0.0
2784,treatment,mobile,51.76296776482491,0,0.0
2785,control,desktop,34.97254442614374,0,0.0
2786,control,mobile,44.33524824270868,0,0.0
2787,control,mobile,35.83389242386239,0,0.0
2788,control,mobile,29.557283764592107,0,0.0
2789,treatment,desktop,60.09181259040909,0,0.0
2790,treatment,mobile,19.78113490466591,0,0.0
2791,treatment,desktop,3.675375711355241,0,0.0
2792,treatment,mobile,67.70142474426106,0,0.0
2793,control,desktop,34.65676963910009,0,0.0
2794,treatment,desktop,27.990356611522984,0,0.0
2795,treatment,mobile,54.90123035597358,0,0.0
2796,control,desktop,32.39141682007897,0,0.0
2797,control,desktop,59.42709182494382,0,0.0
2798,treatment,mobile,29.84413635084687,0,0.0
2799,treatment,desktop,4.66560571939904,0,0.0
2800,control,mobile,7.365157370767671,1,140.46945526498305
2801,treatment,desktop,53.71936528891611,0,0.0
2802,control,desktop,55.6306223647207,0,0.0
2803,treatment,desktop,98.23213823058578,0,0.0
2804,control,desktop,41.17811474642043,0,0.0
2805,control,mobile,44.0816116895619,0,0.0
2806,treatment,desktop,22.26760564774967,0,0.0
2807,treatment,mobile,25.948604293142907,0,0.0
2808,control,desktop,6.708367537269105,0,0.0
2809,control,desktop,7.270828240746913,1,90.18947205539216
2810,treatment,desktop,15.238227939907798,1,57.97335327828483
2811,control,desktop,16.39692624239174,0,0.0
2812,treatment,desktop,92.96608020169796,0,0.0
2813,treatment,desktop,37.14414238900772,0,0.0
2814,treatment,mobile,34.72303255738946,0,0.0
2815,treatment,desktop,58.201696369908916,0,0.0
2816,treatment,desktop,28.46505659668054,0,0.0
2817,control,desktop,46.471575059906684,0,0.0
2818,treatment,mobile,6.5776636576543765,0,0.0
2819,control,desktop,35.184568969128584,1,20.922271343380633
2820,control,mobile,60.973468593560455,0,0.0
2821,control,mobile,70.5019978576444,0,0.0
2822,treatment,desktop,76.81946640148692,1,70.26700129848238
2823,treatment,desktop,11.388354628856385,0,0.0
2824,treatment,mobile,26.93566686328454,0,0.0
2825,control,mobile,18.799744843802756,0,0.0
2826,treatment,mobile,14.473459297546201,0,0.0
2827,control,desktop,13.042501790701643,0,0.0
2828,treatment,mobile,39.57841602270137,0,0.0
2829,control,desktop,44.27316375750606,0,0.0
2830,control,mobile,13.975396607180366,1,54.579529221989176
2831,control,mobile,11.902226775712245,0,0.0
2832,control,desktop,92.02224377403283,1,101.90249713366687
2833,control,desktop,41.77406395453083,0,0.0
2834,control,desktop,79.53157472261466,0,0.0
2835,control,mobile,2.863554522994898,0,0.0
2836,treatment,desktop,8.053463524987269,0,0.0
2837,control,mobile,9.371549382639454,0,0.0
2838,treatment,desktop,6.239702805921706,0,0.0
2839,control,desktop,19.755621874462964,0,0.0
2840,treatment,mobile,52.749268504413294,0,0.0
2841,control,mobile,33.24206102890389,0,0.0
2842,treatment,mobile,10.450261992010518,0,0.0
2843,treatment,mobile,75.2542226127379,0,0.0
2844,control,mobile,16.5257518461757,0,0.0
2845,treatment,desktop,20.238799207570814,0,0.0
2846,control,mobile,27.64218341486174,0,0.0
2847,control,mobile,91.27616939936996,0,0.0
2848,treatment,desktop,72.93864054996702,0,0.0
2849,treatment,mobile,41.53185163031867,0,0.0
2850,treatment,mobile,36.15728857401072,0,0.0
2851,treatment,mobile,30.32413654774787,0,0.0
2852,treatment,mobile,22.669046075211597,0,0.0
2853,control,mobile,23.281070307159354,1,40.71585882291584
2854,control,mobile,20.02489096154015,0,0.0
2855,treatment,mobile,296.63586911382527,1,51.085277578126465
2856,control,mobile,57.58993516355563,0,0.0
2857,treatment,mobile,11.269413367396373,0,0.0
2858,control,mobile,33.620678234575585,0,0.0
2859,treatment,desktop,60.92309604965685,0,0.0
2860,control,desktop,37.60343422520078,0,0.0
2861,treatment,desktop,32.04002025294478,0,0.0
2862,treatment,desktop,31.427986805914113,0,0.0
2863,control,desktop,15.840611442331321,0,0.0
2864,control,mobile,39.24601576281346,1,20.95179859631058
2865,control,desktop,28.756807434341468,0,0.0
2866,treatment,desktop,67.60636589702062,0,0.0
2867,control,desktop,67.56597096513941,1,79.7375610487402
2868,control,mobile,10.85117447303263,0,0.0
2869,control,desktop,11.957227076801633,0,0.0
2870,control,desktop,28.1185011909389,0,0.0
2871,treatment,mobile,10.194532298865674,0,0.0
2872,control,desktop,26.85745000763916,0,0.0
2873,control,desktop,26.010181835628472,0,0.0
2874,control,desktop,73.25764734286108,0,0.0
2875,treatment,mobile,28.874947506712427,0,0.0
2876,control,desktop,6.535867804894535,0,0.0
2877,control,desktop,24.96554406905057,0,0.0
2878,control,mobile,40.69926241396398,0,0.0
2879,control,mobile,58.88998571917377,0,0.0
2880,treatment,desktop,37.81496811810138,0,0.0
2881,treatment,mobile,68.75852779747528,0,0.0
2882,control,desktop,33.081011095360054,0,0.0
2883,control,desktop,7.28804604865786,0,0.0
2884,control,mobile,33.85367962028503,0,0.0
2885,control,mobile,16.331591838418436,0,0.0
2886,treatment,mobile,15.807446382276773,0,0.0
2887,treatment,desktop,22.64023969099792,0,0.0
2888,treatment,mobile,42.28196537637298,0,0.0
2889,control,mobile,25.276851970687506,1,110.27778716817672
2890,control,mobile,39.2364636261836,0,0.0
2891,control,desktop,43.92540148375694,0,0.0
2892,treatment,desktop,28.588277303588733,0,0.0
2893,treatment,mobile,95.9315299757254,1,45.871817460474595
2894,control,desktop,26.80491544587197,0,0.0
2895,control,desktop,11.936583455156944,1,3.9109563221331283
2896,treatment,desktop,14.354263748717779,1,37.97147820146994
2897,control,desktop,13.721690927383591,1,34.16889770696116
2898,control,mobile,76.18522582593145,0,0.0
2899,treatment,desktop,13.794287279738363,0,0.0
2900,control,mobile,53.7534936051247,0,0.0
2901,treatment,desktop,48.72879114724984,0,0.0
2902,treatment,mobile,24.692666544140902,0,0.0
2903,control,mobile,20.392002620650487,0,0.0
2904,control,mobile,66.10984037148762,0,0.0
2905,control,mobile,100.44425594593356,0,0.0
2906,treatment,mobile,136.50900209221882,0,0.0
2907,control,mobile,40.43522774993812,0,0.0
2908,control,mobile,135.36841273446697,0,0.0
2909,control,mobile,14.045791315879779,0,0.0
2910,treatment,desktop,18.10366175059927,0,0.0
2911,treatment,desktop,71.44650189466462,0,0.0
2912,treatment,desktop,22.419624319976972,0,0.0
2913,treatment,desktop,88.06320313799071,0,0.0
2914,treatment,mobile,44.18971792972931,0,0.0
2915,treatment,mobile,8.289943238628751,0,0.0
2916,control,mobile,14.98014690745749,0,0.0
2917,control,mobile,23.58143589070025,0,0.0
2918,treatment,mobile,21.902248713787465,0,0.0
2919,control,mobile,50.786173878359946,0,0.0
2920,treatment,mobile,61.59654220542018,0,0.0
2921,treatment,mobile,42.220469122691846,0,0.0
2922,control,mobile,62.098650664231286,0,0.0
2923,control,mobile,34.841970671239494,0,0.0
2924,treatment,mobile,5.279875913245804,0,0.0
2925,treatment,mobile,30.59069348761939,0,0.0
2926,control,mobile,55.35155992189022,0,0.0
2927,control,mobile,6.669967582402002,0,0.0
2928,control,desktop,55.84397689936526,0,0.0
2929,control,mobile,9.372797754584752,0,0.0
2930,control,desktop,37.313657403255725,0,0.0
2931,control,mobile,32.1442590943533,0,0.0
2932,treatment,mobile,1.9973914485764888,0,0.0
2933,treatment,mobile,4.9833838994985165,0,0.0
2934,treatment,desktop,36.7115214031668,0,0.0
2935,treatment,desktop,41.17004951010838,0,0.0
2936,treatment,mobile,30.068649452866644,1,12.21594957822053
2937,treatment,desktop,35.64215917276353,0,0.0
2938,treatment,desktop,35.20881185077853,0,0.0
2939,treatment,mobile,63.378785133007646,0,0.0
2940,control,desktop,29.375437933043482,1,19.37443104447684
2941,treatment,desktop,76.62041523675968,0,0.0
2942,treatment,desktop,13.705777962461806,0,0.0
2943,treatment,mobile,89.87640146157403,0,0.0
2944,control,mobile,19.488326387363358,0,0.0
2945,control,mobile,78.43891506900108,0,0.0
2946,control,mobile,97.55110683310266,1,133.2479560968902
2947,treatment,desktop,25.069410538141838,1,67.11774019349606
2948,control,mobile,70.32714958187705,0,0.0
2949,control,desktop,33.43596437289011,0,0.0
2950,control,desktop,68.0728900634851,0,0.0
2951,treatment,mobile,38.050117479756686,0,0.0
2952,treatment,desktop,27.96059886876421,1,59.499580812938525
2953,treatment,mobile,57.45408685201639,0,0.0
2954,treatment,desktop,31.855953184270504,0,0.0
2955,control,mobile,20.37156533679722,1,50.97108126438974
2956,control,desktop,21.893818505925662,0,0.0
2957,treatment,mobile,57.71570142005581,0,0.0
2958,control,desktop,23.638366527814686,0,0.0
2959,treatment,desktop,45.13018764117194,0,0.0
2960,control,desktop,17.134770036486373,1,35.770726308692744
2961,treatment,desktop,23.568095122550705,0,0.0
2962,control,mobile,8.495189267395496,0,0.0
2963,control,desktop,9.585125405719952,0,0.0
2964,control,mobile,13.058262696907867,0,0.0
2965,treatment,desktop,51.70866681468061,0,0.0
2966,control,desktop,65.12846857218948,0,0.0
2967,control,mobile,62.93348700256614,0,0.0
2968,control,desktop,153.9513227646247,0,0.0
2969,treatment,mobile,48.717452201658,0,0.0
2970,treatment,desktop,24.4173163256513,0,0.0
2971,treatment,desktop,59.158930549434785,0,0.0
2972,control,mobile,35.780937401309735,0,0.0
2973,treatment,mobile,37.27809722832953,0,0.0
2974,treatment,mobile,35.10320637948898,1,43.326334230922136
2975,treatment,desktop,58.92606086333126,0,0.0
2976,treatment,mobile,30.79740075321849,0,0.0
2977,treatment,mobile,20.439637648207636,0,0.0
2978,treatment,mobile,13.779651948254878,0,0.0
2979,control,mobile,5.584090781382055,0,0.0
2980,control,desktop,26.855178598852643,0,0.0
2981,treatment,mobile,47.55381199661997,0,0.0
2982,control,mobile,5.922363348551337,0,0.0
2983,treatment,desktop,8.743175838443678,0,0.0
2984,control,mobile,72.32657014634745,0,0.0
2985,treatment,mobile,80.5708538255335,0,0.0
2986,treatment,desktop,1.3349333174405125,0,0.0
2987,control,desktop,20.26091806502169,0,0.0
2988,control,mobile,54.27925553939324,0,0.0
2989,control,desktop,47.67896425489636,0,0.0
2990,control,mobile,27.725327325906758,1,49.92282066866746
2991,control,mobile,34.61229271815223,0,0.0
2992,control,desktop,20.07329111159858,1,30.44341259934575
2993,treatment,mobile,18.01419127962625,0,0.0
2994,treatment,mobile,10.958907758350396,0,0.0
2995,treatment,mobile,54.700379878159126,0,0.0
2996,treatment,desktop,18.37379648833528,0,0.0
2997,treatment,desktop,44.503568375219004,0,0.0
2998,control,mobile,27.857589941672014,0,0.0
2999,treatment,mobile,49.26801724512467,0,0.0
3000,control,mobile,40.361690169558045,0,0.0
3001,treatment,desktop,58.50039098817396,0,0.0
3002,control,mobile,23.561236693199646,0,0.0
3003,treatment,mobile,124.8106949224075,0,0.0
3004,treatment,desktop,19.60984993598127,0,0.0
3005,control,mobile,27.659953026168015,0,0.0
3006,treatment,desktop,140.18175566812604,1,20.9350746709315
3007,treatment,mobile,28.8741226135236,0,0.0
3008,treatment,desktop,40.910178827011904,0,0.0
3009,control,mobile,16.412391638253766,0,0.0
3010,treatment,mobile,92.96865767591704,0,0.0
3011,treatment,desktop,23.29632274126252,0,0.0
3012,control,desktop,34.69026305957247,0,0.0
3013,treatment,desktop,12.156197022303258,0,0.0
3014,treatment,desktop,9.699843198303599,0,0.0
3015,control,mobile,35.29454559232238,0,0.0
3016,treatment,desktop,41.10383480508158,0,0.0
3017,control,mobile,15.45752944872244,0,0.0
3018,treatment,desktop,55.962743931077014,0,0.0
3019,control,mobile,28.271041331161662,0,0.0
3020,control,mobile,114.11101124533525,0,0.0
3021,control,desktop,22.472001683264335,0,0.0
3022,treatment,mobile,79.18917086855649,1,43.86301490817957
3023,control,desktop,26.30841362750577,0,0.0
3024,control,desktop,33.99170834663783,0,0.0
3025,control,desktop,51.820343683756676,0,0.0
3026,treatment,mobile,11.836654086448124,0,0.0
3027,treatment,desktop,37.35206605574254,0,0.0
3028,treatment,mobile,41.24154299607347,0,0.0
3029,treatment,mobile,3.24723922497805,1,25.385527323192402
3030,treatment,mobile,63.926232260290874,0,0.0
3031,treatment,mobile,51.04869038988005,0,0.0
3032,treatment,mobile,16.78695647286447,1,50.74196807947066
3033,treatment,desktop,31.471646412671248,0,0.0
3034,control,desktop,20.27708052274901,0,0.0
3035,treatment,desktop,10.418134248195454,0,0.0
3036,treatment,mobile,8.261394938369778,0,0.0
3037,control,desktop,34.500272617128985,0,0.0
3038,control,desktop,24.103136561744464,0,0.0
3039,treatment,desktop,11.246336254932812,0,0.0
3040,treatment,mobile,23.49932090053177,0,0.0
3041,treatment,desktop,34.59223130738018,0,0.0
3042,treatment,desktop,91.22081837970234,0,0.0
3043,treatment,desktop,42.70862228579461,0,0.0
3044,treatment,desktop,40.56680715226185,1,14.031956290207443
3045,treatment,mobile,13.830289357588061,1,12.677206663400915
3046,control,desktop,44.07294034545991,0,0.0
3047,control,desktop,22.75775875694512,0,0.0
3048,treatment,mobile,49.209852698531265,0,0.0
3049,control,mobile,21.74053910775065,0,0.0
3050,control,desktop,8.122220513009164,0,0.0
3051,treatment,desktop,7.45357457308219,0,0.0
3052,treatment,desktop,68.2895221738595,0,0.0
3053,treatment,mobile,47.473945594995904,0,0.0
3054,control,mobile,74.88938090948326,0,0.0
3055,treatment,desktop,81.44750906696189,0,0.0
3056,control,desktop,21.828901746775344,0,0.0
3057,treatment,mobile,13.219115106606768,1,44.03659531117308
3058,treatment,mobile,20.515486897946612,0,0.0
3059,treatment,mobile,18.110235633175996,0,0.0
3060,control,desktop,23.42243428276078,0,0.0
3061,control,desktop,24.806741323948582,0,0.0
3062,treatment,mobile,58.00566685720015,1,44.22464912127709
3063,treatment,mobile,66.07240246324314,0,0.0
3064,treatment,mobile,39.290081668259205,0,0.0
3065,treatment,mobile,33.115914846892316,0,0.0
3066,treatment,desktop,11.776583393348904,1,33.84378821425092
3067,treatment,mobile,13.989325820957239,0,0.0
3068,treatment,desktop,60.106174600356596,0,0.0
3069,control,mobile,30.380548498089503,0,0.0
3070,treatment,mobile,71.89960348964595,1,70.55224227262643
3071,control,mobile,70.54558412939153,1,62.93514755343454
3072,control,mobile,112.69201659404371,0,0.0
3073,control,mobile,8.328778636874816,0,0.0
3074,control,desktop,50.27793333935384,0,0.0
3075,treatment,mobile,38.35841162330404,0,0.0
3076,control,desktop,38.08344060232136,0,0.0
3077,control,desktop,19.773654592871548,0,0.0
3078,treatment,mobile,24.516596987527734,0,0.0
3079,control,desktop,55.67598659768635,0,0.0
3080,treatment,mobile,30.539134398397238,0,0.0
3081,control,mobile,13.355718254248888,0,0.0
3082,treatment,mobile,43.72621385176259,1,109.5375217099091
3083,control,mobile,38.889350147270896,0,0.0
3084,treatment,mobile,67.9358414729347,0,0.0
3085,treatment,mobile,52.76146743133984,0,0.0
3086,treatment,mobile,27.11701577551789,0,0.0
3087,control,mobile,11.312164408024223,0,0.0
3088,control,desktop,44.05230642583184,0,0.0
3089,control,desktop,86.2736259289176,0,0.0
3090,treatment,mobile,9.813096159962107,0,0.0
3091,treatment,mobile,33.930042694234494,0,0.0
3092,control,desktop,6.651083920160531,0,0.0
3093,control,desktop,36.72021567657847,0,0.0
3094,control,mobile,39.22265914906021,0,0.0
3095,treatment,mobile,35.9260201949122,0,0.0
3096,treatment,mobile,67.5325682143012,0,0.0
3097,control,mobile,87.59066406597674,0,0.0
3098,treatment,mobile,47.31685331863545,0,0.0
3099,control,desktop,21.612915603883884,0,0.0
3100,control,mobile,32.627104321584554,0,0.0
3101,control,mobile,16.524395851614514,0,0.0
3102,control,mobile,23.911731693087162,0,0.0
3103,treatment,mobile,5.281564673794675,0,0.0
3104,control,desktop,18.09378950998868,1,40.89643725929718
3105,control,desktop,39.10191871095717,0,0.0
3106,control,mobile,27.181805574184665,0,0.0
3107,control,desktop,27.98127247622451,0,0.0
3108,control,desktop,23.78770348135916,0,0.0
3109,control,desktop,31.45422815076811,0,0.0
3110,control,desktop,90.95186768864062,0,0.0
3111,control,mobile,32.40459234325176,0,0.0
3112,treatment,mobile,61.23606216933939,0,0.0
3113,control,mobile,17.811714507361124,0,0.0
3114,treatment,desktop,29.53228767120293,0,0.0
3115,treatment,desktop,39.72278231893872,0,0.0
3116,control,mobile,62.56504484016056,0,0.0
3117,treatment,mobile,39.202857725372496,0,0.0
3118,control,desktop,13.992364751202937,1,18.83315113014069
3119,treatment,mobile,18.018432960901052,0,0.0
3120,control,mobile,7.526576897237948,0,0.0
3121,treatment,mobile,3.037047406908971,0,0.0
3122,treatment,mobile,36.649255317417726,0,0.0
3123,treatment,desktop,56.971205893777146,0,0.0
3124,treatment,desktop,6.299142339491639,0,0.0
3125,control,desktop,47.62139486711238,0,0.0
3126,control,mobile,96.65911390336733,0,0.0
3127,treatment,desktop,2.6563560791361818,0,0.0
3128,control,mobile,23.75530138287802,0,0.0
3129,control,mobile,57.297479332124084,0,0.0
3130,control,mobile,65.43080358590711,0,0.0
3131,treatment,mobile,46.10991496046415,1,28.6164856611926
3132,control,desktop,10.497576188758726,0,0.0
3133,control,desktop,49.07125695570859,0,0.0
3134,control,mobile,69.62754736829513,0,0.0
3135,treatment,mobile,30.3160795511171,0,0.0
3136,treatment,desktop,51.64857239548368,0,0.0
3137,treatment,mobile,23.43220271721476,0,0.0
3138,treatment,mobile,37.10641799464964,0,0.0
3139,control,desktop,61.92928877589051,0,0.0
3140,treatment,desktop,15.488730045555254,0,0.0
3141,treatment,desktop,35.45484891257834,0,0.0
3142,control,desktop,17.89727394484475,1,65.29556362175809
3143,treatment,desktop,25.88833762084247,0,0.0
3144,treatment,desktop,5.734123074677701,0,0.0
3145,control,mobile,21.877919423834026,0,0.0
3146,treatment,desktop,38.22943678561956,0,0.0
3147,control,desktop,33.16415700871993,0,0.0
3148,treatment,desktop,19.720601404932484,0,0.0
3149,treatment,desktop,21.197209422672234,0,0.0
3150,control,desktop,63.283600046417526,0,0.0
3151,treatment,mobile,74.14402702508478,0,0.0
3152,treatment,mobile,9.280098086499022,0,0.0
3153,control,mobile,39.981069695846,0,0.0
3154,control,mobile,98.91809671257056,0,0.0
3155,control,mobile,50.61850359386245,0,0.0
3156,treatment,desktop,21.568730784277513,0,0.0
3157,treatment,desktop,8.295546320948205,0,0.0
3158,control,desktop,29.331356665843494,0,0.0
3159,control,desktop,40.21370703159735,0,0.0
3160,control,mobile,47.099246306360236,0,0.0
3161,treatment,desktop,62.15976527723075,0,0.0
3162,control,desktop,71.41530138865518,1,175.24377918585148
3163,treatment,desktop,80.33488002436071,0,0.0
3164,control,desktop,13.851629318679624,0,0.0
3165,control,desktop,97.33612975837532,0,0.0
3166,treatment,mobile,16.20326756952081,0,0.0
3167,control,mobile,18.2991061886084,0,0.0
3168,control,desktop,55.20055465453625,0,0.0
3169,control,mobile,7.9626524155954765,0,0.0
3170,control,mobile,33.48676449841068,0,0.0
3171,treatment,mobile,40.15941855378395,0,0.0
3172,treatment,mobile,41.78282300282301,0,0.0
3173,treatment,desktop,8.196857627172959,0,0.0
3174,control,desktop,37.71512510551098,0,0.0
3175,treatment,desktop,10.48906759448652,0,0.0
3176,treatment,mobile,91.14625128087154,0,0.0
3177,treatment,mobile,87.98032316634114,0,0.0
3178,control,mobile,67.33278677702134,0,0.0
3179,treatment,desktop,84.17015697488293,0,0.0
3180,control,desktop,56.741026413338325,0,0.0
3181,treatment,mobile,10.397966325801972,0,0.0
3182,control,mobile,59.21132179866676,0,0.0
3183,treatment,desktop,24.30570034979608,0,0.0
3184,control,mobile,32.440413560651365,0,0.0
3185,treatment,desktop,21.022337198463333,0,0.0
3186,control,mobile,15.788340987246903,0,0.0
3187,treatment,mobile,116.78873923206535,0,0.0
3188,control,mobile,25.017687361295945,0,0.0
3189,control,mobile,52.33593486357193,0,0.0
3190,treatment,mobile,55.967674928970375,0,0.0
3191,control,mobile,11.793652933849035,0,0.0
3192,treatment,desktop,69.5949758532963,0,0.0
3193,control,mobile,107.84675283237091,0,0.0
3194,control,mobile,34.538566282867606,0,0.0
3195,control,desktop,25.654216946429685,0,0.0
3196,treatment,desktop,16.516645326754016,0,0.0
3197,treatment,mobile,32.92260113779765,0,0.0
3198,treatment,mobile,63.80608421740773,0,0.0
3199,control,mobile,178.30868886171544,0,0.0
3200,treatment,mobile,19.543518947527666,0,0.0
3201,treatment,mobile,22.883573777254476,0,0.0
3202,treatment,desktop,85.99766983515795,0,0.0
3203,treatment,mobile,9.797863600752034,0,0.0
3204,control,mobile,18.781487278006708,0,0.0
3205,treatment,mobile,22.060217567315995,1,36.14688129689394
3206,control,mobile,70.51960066891414,0,0.0
3207,control,mobile,13.523447704895432,0,0.0
3208,treatment,mobile,50.78089543290407,0,0.0
3209,treatment,mobile,64.29956518185458,1,66.19418520320535
3210,treatment,mobile,85.96719893718355,0,0.0
3211,treatment,desktop,48.16265051664706,0,0.0
3212,control,mobile,139.54242520905828,0,0.0
3213,treatment,desktop,19.265499354633057,0,0.0
3214,treatment,mobile,78.81448194923179,0,0.0
3215,treatment,desktop,48.57163250811189,0,0.0
3216,treatment,desktop,36.74667436705424,0,0.0
3217,treatment,desktop,27.36840544837031,0,0.0
3218,treatment,mobile,34.81104617420516,0,0.0
3219,control,mobile,25.444949880976463,0,0.0
3220,control,desktop,9.479585566567895,0,0.0
3221,treatment,mobile,23.658744593494696,0,0.0
3222,control,desktop,68.02981198417072,0,0.0
3223,treatment,mobile,24.979792717011733,0,0.0
3224,treatment,mobile,15.071084344685842,0,0.0
3225,control,desktop,145.79152810379887,1,22.46408720207334
3226,treatment,desktop,33.042744226916106,0,0.0
3227,control,desktop,71.55733082390857,0,0.0
3228,control,desktop,31.149708490411406,1,11.724879876499502
3229,treatment,mobile,20.174223407192997,0,0.0
3230,control,mobile,58.549754904509,1,122.2885980973474
3231,treatment,desktop,29.646622774133142,0,0.0
3232,treatment,mobile,5.066841540867676,0,0.0
3233,control,mobile,26.683057677874732,0,0.0
3234,treatment,desktop,10.884650286484728,0,0.0
3235,treatment,mobile,52.886013765334255,0,0.0
3236,treatment,desktop,18.353848533439464,1,68.96009276995181
3237,treatment,desktop,64.90396790672561,0,0.0
3238,control,mobile,7.351829994996152,0,0.0
3239,control,mobile,21.625894120813854,0,0.0
3240,control,desktop,44.16078362122157,0,0.0
3241,control,desktop,49.295018284846975,0,0.0
3242,control,desktop,19.98081615554962,0,0.0
3243,control,mobile,71.39749470733234,0,0.0
3244,treatment,desktop,19.02955088807947,0,0.0
3245,treatment,mobile,56.79355000165071,0,0.0
3246,control,desktop,19.62940177457352,0,0.0
3247,control,desktop,10.272766776195873,0,0.0
3248,control,desktop,20.900435490445957,0,0.0
3249,control,mobile,25.68176679590301,1,39.39479823316018
3250,treatment,desktop,42.448210676310055,0,0.0
3251,treatment,mobile,71.18558712607376,0,0.0
3252,treatment,desktop,26.77433248069005,1,58.67894991010531
3253,control,desktop,30.985206742460242,0,0.0
3254,treatment,desktop,28.639580329931285,0,0.0
3255,treatment,mobile,3.271513494230174,0,0.0
3256,control,desktop,44.38408783384813,0,0.0
3257,treatment,mobile,6.079784199932745,0,0.0
3258,control,mobile,128.58969945192425,0,0.0
3259,control,desktop,46.31851639971836,0,0.0
3260,treatment,desktop,5.898807569405787,0,0.0
3261,treatment,desktop,6.162905861651296,0,0.0
3262,treatment,mobile,55.494852071399805,0,0.0
3263,treatment,desktop,37.43949010060678,0,0.0
3264,control,mobile,20.19852400616417,0,0.0
3265,control,desktop,20.80678169803338,0,0.0
3266,treatment,desktop,19.34262199753696,0,0.0
3267,control,mobile,44.19876813787422,0,0.0
3268,treatment,mobile,77.60293897491394,1,71.48935487211573
3269,control,mobile,7.436563525319276,0,0.0
3270,treatment,mobile,11.772963729988188,0,0.0
3271,control,mobile,39.73953336942889,0,0.0
3272,control,desktop,10.11081653254238,0,0.0
3273,treatment,desktop,30.822542365320086,0,0.0
3274,treatment,mobile,52.13853752746046,0,0.0
3275,treatment,mobile,3.255314213013823,0,0.0
3276,treatment,mobile,30.989274236173976,0,0.0
3277,treatment,mobile,4.71649619111678,0,0.0
3278,control,desktop,9.901256961879191,0,0.0
3279,control,mobile,49.68607534920946,0,0.0
3280,control,desktop,14.8481452192697,0,0.0
3281,control,desktop,26.24697776603709,0,0.0
3282,control,mobile,45.394897883204294,0,0.0
3283,control,mobile,44.56644840796203,0,0.0
3284,treatment,desktop,24.27167392972567,1,48.77148815360973
3285,treatment,mobile,55.32052565520202,0,0.0
3286,control,desktop,20.020957371499883,0,0.0
3287,control,mobile,53.18055670494469,0,0.0
3288,treatment,mobile,24.83893669944763,0,0.0
3289,control,mobile,41.85840639047376,0,0.0
3290,control,desktop,13.968072015102294,0,0.0
3291,treatment,mobile,40.019651779136964,0,0.0
3292,treatment,desktop,48.79370966190051,0,0.0
3293,treatment,mobile,20.728973635821554,1,38.3718643968512
3294,control,mobile,46.89830109495129,0,0.0
3295,treatment,mobile,7.036894900937495,0,0.0
3296,treatment,desktop,49.57509803253048,0,0.0
3297,treatment,mobile,20.554912837472457,0,0.0
3298,treatment,desktop,49.352247985033216,0,0.0
3299,control,desktop,75.77840981241785,0,0.0
3300,treatment,mobile,13.199707618750093,0,0.0
3301,treatment,desktop,10.998908944884114,0,0.0
3302,treatment,desktop,48.17616442181341,1,27.913406795761986
3303,treatment,desktop,39.89298085356137,0,0.0
3304,treatment,desktop,17.39496815970118,1,280.91954721680764
3305,control,desktop,21.194964337928287,1,48.75562006624891
3306,treatment,desktop,39.907601480282935,1,22.53422163837859
3307,control,desktop,9.21458672802692,0,0.0
3308,treatment,desktop,84.54013782348419,0,0.0
3309,control,mobile,42.793899226557706,0,0.0
3310,control,mobile,64.77320616978464,0,0.0
3311,treatment,mobile,25.876391053794883,0,0.0
3312,control,desktop,13.296618067709566,0,0.0
3313,treatment,desktop,19.55355098871042,0,0.0
3314,control,desktop,18.5703734770773,0,0.0
3315,control,mobile,80.25952940092151,0,0.0
3316,control,mobile,40.39085823777614,0,0.0
3317,control,mobile,42.9228984466371,0,0.0
3318,control,desktop,31.66543587832883,0,0.0
3319,control,desktop,24.484129364235088,0,0.0
3320,treatment,mobile,15.997659529780828,0,0.0
3321,treatment,mobile,36.085665119263254,0,0.0
3322,control,desktop,17.31533838242918,0,0.0
3323,treatment,desktop,41.22921239770443,0,0.0
3324,control,desktop,21.198097468656737,0,0.0
3325,control,desktop,20.67981995232381,0,0.0
3326,treatment,mobile,32.37312225698258,0,0.0
3327,treatment,desktop,36.01572597690268,0,0.0
3328,control,desktop,76.63169668279646,0,0.0
3329,treatment,mobile,32.37338387312962,1,3.3104931176156596
3330,control,desktop,9.35894431345183,0,0.0
3331,control,desktop,28.151731221506715,0,0.0
3332,treatment,mobile,36.39348621403623,1,106.14953825308119
3333,treatment,desktop,60.99042432082246,0,0.0
3334,treatment,mobile,10.689314548622724,0,0.0
3335,control,desktop,62.043501748553105,0,0.0
3336,treatment,desktop,36.159145123722524,1,125.51054515188208
3337,control,desktop,36.07654674016716,0,0.0
3338,treatment,mobile,48.08486849577249,0,0.0
3339,treatment,desktop,38.6036487427006,0,0.0
3340,treatment,desktop,9.380755165198693,0,0.0
3341,treatment,mobile,54.438986212044405,0,0.0
3342,treatment,mobile,38.78577911718781,0,0.0
3343,control,desktop,18.430239540445513,0,0.0
3344,treatment,desktop,35.5637883918851,0,0.0
3345,treatment,desktop,40.47014382082168,0,0.0
3346,control,desktop,65.04544820421673,0,0.0
3347,control,desktop,28.960080379164076,0,0.0
3348,treatment,desktop,26.570937771221672,0,0.0
3349,control,desktop,0.815696042744213,0,0.0
3350,treatment,desktop,38.27339343734301,0,0.0
3351,treatment,desktop,21.05398251691506,0,0.0
3352,treatment,mobile,42.02280833186095,0,0.0
3353,treatment,mobile,82.55331961047197,1,27.993516861029843
3354,treatment,desktop,30.12811894511815,0,0.0
3355,treatment,mobile,18.155466455025415,0,0.0
3356,treatment,desktop,61.606597343921116,0,0.0
3357,control,mobile,27.747766957727737,0,0.0
3358,treatment,desktop,63.10425256788407,0,0.0
3359,control,mobile,8.223023603241767,0,0.0
3360,control,desktop,11.957078030821908,0,0.0
3361,control,mobile,90.02837590645939,0,0.0
3362,treatment,mobile,59.71389860880757,0,0.0
3363,control,mobile,62.01747766012299,0,0.0
3364,control,desktop,24.28468230608768,1,35.8611548938255
3365,treatment,desktop,54.71790330340818,0,0.0
3366,treatment,mobile,38.91152650294781,0,0.0
3367,control,desktop,10.198855501069028,1,23.191436597644277
3368,control,desktop,6.727215288684842,0,0.0
3369,treatment,mobile,29.79362395688842,1,36.87362327858624
3370,control,mobile,14.37290111223821,0,0.0
3371,control,mobile,23.36048428356657,0,0.0
3372,control,desktop,15.192374482818654,0,0.0
3373,treatment,mobile,36.06562510317412,0,0.0
3374,control,desktop,30.32515900930397,0,0.0
3375,treatment,desktop,13.783180294893702,0,0.0
3376,control,desktop,41.784743556057634,0,0.0
3377,treatment,desktop,0.6495833026432971,0,0.0
3378,control,desktop,15.251666288630819,0,0.0
3379,control,mobile,47.14295332197977,0,0.0
3380,treatment,mobile,21.05584810785443,0,0.0
3381,treatment,desktop,26.93865027589276,0,0.0
3382,control,desktop,37.196836690955955,0,0.0
3383,treatment,mobile,43.541448893997135,0,0.0
3384,control,desktop,59.72348493507876,0,0.0
3385,control,mobile,36.49715672353012,0,0.0
3386,treatment,desktop,29.86999179790372,0,0.0
3387,control,mobile,9.551927183738254,0,0.0
3388,treatment,mobile,100.48402946262297,0,0.0
3389,treatment,mobile,34.14274903818453,0,0.0
3390,control,desktop,56.20374753670407,1,48.770281236131765
3391,treatment,mobile,32.57959140610615,1,44.69785533355678
3392,treatment,desktop,45.263916090527275,0,0.0
3393,treatment,mobile,47.17711159614754,0,0.0
3394,control,mobile,63.9950816214424,0,0.0
3395,treatment,desktop,62.94664425410558,0,0.0
3396,control,desktop,41.18435207041966,1,68.86808037323851
3397,treatment,desktop,19.645189131904395,0,0.0
3398,control,desktop,61.11025261400968,0,0.0
3399,control,desktop,15.626613102981718,0,0.0
3400,control,mobile,66.30957075245587,0,0.0
3401,treatment,mobile,41.27910712355018,0,0.0
3402,treatment,mobile,91.34979066830049,0,0.0
3403,control,mobile,5.245914505408281,0,0.0
3404,control,mobile,9.532818687225847,0,0.0
3405,control,desktop,42.90841203676648,0,0.0
3406,treatment,desktop,12.72129007462677,0,0.0
3407,control,mobile,12.662768115369365,0,0.0
3408,control,desktop,43.75669122997721,1,26.462032143948463
3409,control,desktop,3.4180039553140995,0,0.0
3410,control,mobile,57.04607092410667,0,0.0
3411,treatment,desktop,39.520652686066214,0,0.0
3412,treatment,desktop,12.715588541107032,1,37.2650877967988
3413,control,mobile,23.161130546644586,1,34.33630467846797
3414,treatment,desktop,12.988860468452621,0,0.0
3415,control,desktop,15.716246919873578,1,100.01830023524981
3416,control,mobile,13.75426694021357,0,0.0
3417,control,desktop,32.2631268478297,0,0.0
3418,control,desktop,18.611351313488626,0,0.0
3419,control,desktop,123.33942002852984,0,0.0
3420,control,mobile,67.70767546796888,0,0.0
3421,treatment,desktop,12.47845165464955,0,0.0
3422,treatment,desktop,10.016283193794838,0,0.0
3423,treatment,mobile,24.47753913814138,0,0.0
3424,control,desktop,14.284005226923096,0,0.0
3425,control,desktop,71.60946015243805,1,67.44398162016812
3426,treatment,desktop,12.006863086940227,0,0.0
3427,control,desktop,58.968795272731555,0,0.0
3428,treatment,mobile,99.33760681337895,0,0.0
3429,treatment,mobile,5.189003759820906,0,0.0
3430,control,mobile,55.113951354741666,0,0.0
3431,control,desktop,36.600853463922256,0,0.0
3432,treatment,desktop,22.78166316441867,0,0.0
3433,control,desktop,53.87281707653136,0,0.0
3434,treatment,mobile,11.491109576011322,0,0.0
3435,treatment,mobile,21.182522879924953,0,0.0
3436,treatment,mobile,99.65806203593765,0,0.0
3437,control,desktop,58.76336030294485,0,0.0
3438,treatment,desktop,19.236748011745096,0,0.0
3439,control,mobile,4.197391567167491,1,29.633888934644123
3440,control,mobile,12.75381081629231,0,0.0
3441,treatment,mobile,76.14394558615504,0,0.0
3442,treatment,desktop,1.4532035763740945,0,0.0
3443,control,mobile,45.784809875820756,1,24.67385964921742
3444,control,desktop,36.65436461676169,0,0.0
3445,control,mobile,62.72388578217095,0,0.0
3446,control,desktop,8.898349802993899,0,0.0
3447,control,desktop,4.935302678095528,0,0.0
3448,treatment,desktop,20.540701428726006,0,0.0
3449,control,mobile,20.72725943937383,0,0.0
3450,control,mobile,17.789254193159863,0,0.0
3451,treatment,desktop,67.48396321907073,0,0.0
3452,control,mobile,45.301532487776804,0,0.0
3453,control,desktop,62.37439334890417,0,0.0
3454,control,desktop,39.007231472015405,0,0.0
3455,treatment,mobile,20.560502409563014,1,35.51772114050217
3456,control,desktop,40.055204876902025,0,0.0
3457,treatment,desktop,81.41646340685443,0,0.0
3458,control,desktop,37.83329163756805,0,0.0
3459,control,mobile,25.739329403312553,0,0.0
3460,control,mobile,34.52684471362973,0,0.0
3461,control,desktop,89.34603099818212,0,0.0
3462,treatment,desktop,20.17947879123367,0,0.0
3463,control,mobile,116.72634550152004,1,51.11456340831173
3464,treatment,mobile,56.90229259315459,0,0.0
3465,control,mobile,53.260503796406226,0,0.0
3466,treatment,mobile,45.807704820198445,0,0.0
3467,treatment,desktop,30.159291132783768,0,0.0
3468,treatment,desktop,115.7186388773234,0,0.0
3469,control,mobile,36.988259503827344,0,0.0
3470,control,desktop,33.26580931533994,0,0.0
3471,control,desktop,34.84533234076371,0,0.0
3472,treatment,mobile,127.12630774810341,0,0.0
3473,control,mobile,18.553082550681786,1,57.648939906987835
3474,treatment,desktop,5.732834909917818,0,0.0
3475,treatment,desktop,20.24148210622123,0,0.0
3476,control,desktop,26.218871260127322,0,0.0
3477,treatment,desktop,58.57673232428944,0,0.0
3478,control,desktop,6.731396833114056,0,0.0
3479,control,mobile,16.541119367873947,0,0.0
3480,treatment,desktop,61.315977908432316,0,0.0
3481,treatment,mobile,38.7406754130176,0,0.0
3482,treatment,mobile,11.464155103312493,0,0.0
3483,treatment,mobile,27.612605179881818,0,0.0
3484,treatment,desktop,35.465054252134586,0,0.0
3485,treatment,desktop,25.137970849265606,0,0.0
3486,control,desktop,32.750863080960094,0,0.0
3487,treatment,mobile,61.062401418279975,0,0.0
3488,control,mobile,26.8413997120306,1,124.85380742892879
3489,control,mobile,8.828800745159338,0,0.0
3490,treatment,mobile,76.0512008977886,0,0.0
3491,control,desktop,91.34877517187675,1,70.99959013139579
3492,control,mobile,38.96389167553446,0,0.0
3493,control,desktop,33.81540251591049,0,0.0
3494,control,mobile,7.99985992370035,0,0.0
3495,treatment,mobile,40.61043174197057,0,0.0
3496,control,desktop,88.93012557255611,0,0.0
3497,treatment,mobile,19.49848457408007,0,0.0
3498,control,mobile,78.5691697775316,0,0.0
3499,control,desktop,55.29362359177761,1,10.496722077633825
3500,treatment,mobile,8.183902971568113,0,0.0
3501,control,desktop,28.033255644198324,0,0.0
3502,treatment,mobile,15.778095007532762,0,0.0
3503,control,mobile,3.4368478925529553,0,0.0
3504,treatment,desktop,39.439968517555045,0,0.0
3505,control,desktop,12.478209969474758,0,0.0
3506,control,mobile,26.252995765195095,0,0.0
3507,control,mobile,89.709007708444,0,0.0
3508,treatment,mobile,14.795203859899067,1,136.09578070273065
3509,control,desktop,27.815476156322887,0,0.0
3510,control,mobile,6.726269608834087,0,0.0
3511,control,desktop,94.47450380445667,0,0.0
3512,control,mobile,50.6522765189333,1,95.2833843552745
3513,control,desktop,40.61327486811122,0,0.0
3514,control,desktop,39.744065739130036,0,0.0
3515,control,desktop,69.32597493435088,0,0.0
3516,treatment,desktop,22.4688872924856,1,72.89401452463889
3517,treatment,mobile,45.316252204925156,0,0.0
3518,control,desktop,37.91587061695138,0,0.0
3519,treatment,mobile,41.465619261639404,0,0.0
3520,control,desktop,59.632603094486555,0,0.0
3521,control,mobile,60.223376877385164,0,0.0
3522,treatment,mobile,28.878712713925484,0,0.0
3523,control,mobile,9.920389428481634,0,0.0
3524,control,mobile,48.78256317286861,0,0.0
3525,treatment,mobile,80.29837630237071,0,0.0
3526,control,mobile,109.62913282417779,0,0.0
3527,control,desktop,46.37891221684781,0,0.0
3528,control,desktop,71.26022822920312,0,0.0
3529,control,mobile,10.993655980099732,0,0.0
3530,treatment,mobile,14.801938497300181,0,0.0
3531,control,desktop,7.824965553300489,0,0.0
3532,control,mobile,7.598907524350011,0,0.0
3533,treatment,desktop,29.778241253765408,0,0.0
3534,treatment,desktop,108.98214062873613,0,0.0
3535,treatment,mobile,68.41245047177325,0,0.0
3536,control,desktop,87.29507318205181,0,0.0
3537,treatment,desktop,46.76116601129256,0,0.0
3538,treatment,mobile,49.47943152543847,0,0.0
3539,treatment,mobile,27.152358755393784,0,0.0
3540,control,desktop,34.11972297241335,0,0.0
3541,control,desktop,35.27666933070477,1,51.90427985836955
3542,treatment,desktop,43.29514201830753,0,0.0
3543,control,mobile,57.89938141317038,0,0.0
3544,treatment,mobile,39.5601294305243,0,0.0
3545,treatment,desktop,28.86352331578053,0,0.0
3546,treatment,mobile,22.85156312635449,0,0.0
3547,treatment,desktop,41.227299369025026,1,96.66313077361947
3548,treatment,desktop,34.90519212970055,0,0.0
3549,treatment,mobile,70.82794478634162,0,0.0
3550,control,mobile,40.67250044682648,0,0.0
3551,treatment,mobile,45.37253326134798,1,86.1427875259941
3552,treatment,desktop,25.738986018373183,0,0.0
3553,control,mobile,37.48652795857575,0,0.0
3554,treatment,desktop,51.765189452350086,0,0.0
3555,treatment,desktop,60.50036704830116,0,0.0
3556,control,desktop,93.76847916118712,0,0.0
3557,treatment,mobile,30.99296748348798,1,99.63292867030249
3558,treatment,desktop,8.860262431257523,0,0.0
3559,treatment,desktop,72.33274416359605,0,0.0
3560,control,desktop,45.49681218441907,0,0.0
3561,treatment,mobile,63.24411831026075,0,0.0
3562,control,mobile,33.78857295508334,1,34.26119483432814
3563,treatment,mobile,104.1959733862038,0,0.0
3564,control,desktop,8.799591136020616,0,0.0
3565,control,desktop,1.733547401654246,0,0.0
3566,treatment,mobile,113.85620425848678,0,0.0
3567,control,mobile,46.93249173481871,0,0.0
3568,control,mobile,15.153654933902862,0,0.0
3569,treatment,mobile,51.62451546901284,0,0.0
3570,treatment,mobile,42.30734371375941,1,69.60044340097727
3571,control,desktop,20.735821967388496,0,0.0
3572,treatment,desktop,48.67166845070411,0,0.0
3573,treatment,mobile,34.94253167687873,0,0.0
3574,control,mobile,5.505238894503465,0,0.0
3575,control,desktop,38.17980540834223,1,46.30749127710837
3576,control,desktop,8.685815775053058,0,0.0
3577,control,desktop,31.411808203343845,0,0.0
3578,control,mobile,38.69317670344609,0,0.0
3579,treatment,desktop,3.5069223771684244,0,0.0
3580,treatment,mobile,89.34075979685906,0,0.0
3581,treatment,mobile,68.56061076716166,0,0.0
3582,treatment,mobile,18.39458429886048,0,0.0
3583,control,mobile,29.805331819834862,0,0.0
3584,treatment,mobile,26.041241334080034,0,0.0
3585,treatment,desktop,22.169860231675017,0,0.0
3586,treatment,mobile,95.25528389916124,0,0.0
3587,treatment,mobile,19.706229978701895,0,0.0
3588,control,mobile,42.44711263802081,0,0.0
3589,control,mobile,97.272875762907,0,0.0
3590,control,desktop,48.68110732590775,0,0.0
3591,treatment,mobile,16.79950560788792,0,0.0
3592,control,desktop,44.72236247593684,1,57.7675815875774
3593,control,mobile,47.888531617016895,0,0.0
3594,control,mobile,49.576768414200465,0,0.0
3595,control,mobile,9.161946754060107,0,0.0
3596,control,mobile,89.00704132722001,0,0.0
3597,control,desktop,27.12487958630544,1,93.78393988024827
3598,treatment,desktop,13.466937669182414,0,0.0
3599,control,mobile,71.03463497594484,0,0.0
3600,control,desktop,8.941466065818442,0,0.0
3601,control,desktop,25.439686524942736,0,0.0
3602,treatment,desktop,15.512444715160743,0,0.0
3603,control,desktop,23.13812329480082,0,0.0
3604,control,desktop,42.42788678281129,0,0.0
3605,treatment,desktop,12.000349616642422,0,0.0
3606,control,mobile,25.403240965561974,0,0.0
3607,treatment,desktop,41.894406772024446,0,0.0
3608,treatment,mobile,82.93058643306517,0,0.0
3609,treatment,desktop,11.283888821296738,0,0.0
3610,control,mobile,147.31306103178446,0,0.0
3611,treatment,desktop,24.457858435090344,0,0.0
3612,treatment,desktop,114.83943607536727,0,0.0
3613,treatment,desktop,29.627878716046,0,0.0
3614,treatment,mobile,30.275169379062245,0,0.0
3615,treatment,desktop,41.3460978131199,0,0.0
3616,treatment,desktop,41.731677335297135,0,0.0
3617,control,mobile,13.623859924266746,0,0.0
3618,treatment,desktop,142.69516920681076,0,0.0
3619,treatment,mobile,60.64473440320768,1,118.19772906522374
3620,treatment,desktop,31.627898234922952,0,0.0
3621,control,mobile,72.46239117256148,0,0.0
3622,treatment,desktop,27.624743372111027,0,0.0
3623,control,desktop,34.23599693591714,0,0.0
3624,treatment,mobile,17.92233185465358,0,0.0
3625,treatment,desktop,41.24171472549614,1,60.45244376077698
3626,treatment,mobile,41.82869930505889,0,0.0
3627,treatment,mobile,115.39016357585523,0,0.0
3628,treatment,desktop,27.947573766986054,0,0.0
3629,treatment,mobile,31.71383436196983,0,0.0
3630,control,desktop,47.120571757396625,0,0.0
3631,control,desktop,29.27281373671108,0,0.0
3632,treatment,mobile,34.74455975479164,0,0.0
3633,treatment,desktop,14.569549927601999,0,0.0
3634,treatment,desktop,61.25990601869523,1,152.40447357834128
3635,treatment,mobile,47.8874809099489,0,0.0
3636,control,desktop,22.166315322188765,0,0.0
3637,treatment,mobile,20.839360193545005,0,0.0
3638,control,mobile,38.875682542349836,0,0.0
3639,control,mobile,33.756421143584106,0,0.0
3640,control,mobile,23.012604353060958,0,0.0
3641,treatment,desktop,14.869314141593069,0,0.0
3642,control,desktop,26.070264221211428,0,0.0
3643,control,desktop,23.158719275748723,0,0.0
3644,control,mobile,16.025787458907683,0,0.0
3645,control,desktop,11.36866726185268,0,0.0
3646,treatment,desktop,119.94619175636358,0,0.0
3647,control,mobile,36.374130652604265,1,87.63780693905649
3648,control,mobile,32.6639317166511,0,0.0
3649,treatment,mobile,14.084780937337877,0,0.0
3650,control,desktop,56.92744768521771,0,0.0
3651,treatment,desktop,58.43111034189412,0,0.0
3652,control,mobile,29.70285292850629,0,0.0
3653,control,mobile,58.68134349266451,0,0.0
3654,control,mobile,21.519647114957344,0,0.0
3655,control,mobile,49.43423076444934,0,0.0
3656,control,desktop,40.493883971921576,0,0.0
3657,treatment,mobile,48.42406649238761,0,0.0
3658,treatment,mobile,35.60953607111064,0,0.0
3659,control,desktop,57.457770193144384,0,0.0
3660,control,desktop,12.644915367664296,0,0.0
3661,treatment,mobile,23.419081315377618,1,28.527193298422212
3662,treatment,desktop,55.79505347643491,0,0.0
3663,control,desktop,34.59331751247065,0,0.0
3664,treatment,desktop,32.601872710749255,1,11.461926142221719
3665,treatment,mobile,32.891997915345705,0,0.0
3666,treatment,desktop,63.13149356570947,0,0.0
3667,control,desktop,25.396891239668,0,0.0
3668,treatment,desktop,78.08887636066663,0,0.0
3669,control,mobile,16.16153155867831,0,0.0
3670,treatment,desktop,21.651828184771375,0,0.0
3671,treatment,mobile,16.5815784188578,0,0.0
3672,control,mobile,37.800146802366875,0,0.0
3673,treatment,desktop,15.292123359995335,0,0.0
3674,control,mobile,20.902045617669835,0,0.0
3675,treatment,desktop,56.9514493465459,0,0.0
3676,control,desktop,26.952577585544173,0,0.0
3677,control,desktop,6.331084307812402,0,0.0
3678,treatment,desktop,88.841049219616,0,0.0
3679,treatment,mobile,34.20378108972697,0,0.0
3680,treatment,desktop,49.96820956925578,0,0.0
3681,control,desktop,57.268099810559725,0,0.0
3682,treatment,mobile,7.318210382216518,0,0.0
3683,control,desktop,80.56699506763778,0,0.0
3684,treatment,desktop,16.117820418356736,0,0.0
3685,control,mobile,18.387940386964786,0,0.0
3686,treatment,mobile,31.37673475669167,0,0.0
3687,control,desktop,23.526422297333156,0,0.0
3688,control,mobile,32.80354246305914,1,57.88419509973172
3689,control,desktop,39.05003971970832,0,0.0
3690,control,mobile,32.98772608720707,0,0.0
3691,treatment,mobile,30.937971334222006,0,0.0
3692,control,mobile,8.765650342833691,0,0.0
3693,control,desktop,23.192669668118345,0,0.0
3694,treatment,mobile,37.74188252619209,0,0.0
3695,control,desktop,22.602512505839044,0,0.0
3696,treatment,mobile,33.92334005715383,0,0.0
3697,control,desktop,10.727419110311889,0,0.0
3698,control,desktop,16.674134355393726,0,0.0
3699,treatment,desktop,21.540272268467064,0,0.0
3700,control,mobile,62.817172843136944,0,0.0
3701,control,desktop,12.040747778851822,1,8.791719630257951
3702,treatment,desktop,38.483518150858096,0,0.0
3703,treatment,mobile,100.72895234327686,0,0.0
3704,treatment,desktop,6.0364972550069105,0,0.0
3705,treatment,desktop,59.68359756205673,0,0.0
3706,treatment,mobile,53.14459880796068,0,0.0
3707,treatment,desktop,79.69853487956459,0,0.0
3708,treatment,mobile,32.72015343528659,1,95.0181776553685
3709,control,desktop,29.75815733583424,0,0.0
3710,treatment,desktop,53.84975127402143,0,0.0
3711,treatment,mobile,24.272940852932848,1,6.744507083727653
3712,control,mobile,26.286569195459997,0,0.0
3713,treatment,mobile,12.672553323622234,0,0.0
3714,control,mobile,12.954444454680278,0,0.0
3715,control,mobile,44.53342337472706,0,0.0
3716,control,desktop,28.07064032380863,0,0.0
3717,treatment,mobile,39.103406975687555,0,0.0
3718,treatment,mobile,10.984523681840681,0,0.0
3719,treatment,mobile,21.19582676157647,0,0.0
3720,treatment,mobile,35.18322051623705,0,0.0
3721,control,desktop,16.75308208709591,0,0.0
3722,treatment,desktop,61.96161906889989,0,0.0
3723,treatment,mobile,6.211196932197782,0,0.0
3724,control,desktop,66.75484124445481,0,0.0
3725,control,desktop,86.82537526558674,0,0.0
3726,treatment,desktop,25.767177033752745,0,0.0
3727,control,mobile,61.554971036344746,0,0.0
3728,treatment,desktop,36.27890174771824,0,0.0
3729,treatment,desktop,30.456861709419513,0,0.0
3730,control,desktop,38.7066491671888,0,0.0
3731,treatment,desktop,37.012644825228925,1,28.421898562597644
3732,treatment,desktop,111.53209400343142,0,0.0
3733,treatment,desktop,17.69228553097105,0,0.0
3734,treatment,desktop,47.39666057000696,1,43.71840044138486
3735,control,desktop,40.74468117117299,0,0.0
3736,control,mobile,121.87558145001974,0,0.0
3737,treatment,mobile,23.584343231784985,0,0.0
3738,treatment,desktop,39.879376392722186,0,0.0
3739,control,mobile,63.60639134879847,0,0.0
3740,control,mobile,19.207593106556736,1,16.41256874863015
3741,control,mobile,92.56210439325868,0,0.0
3742,control,mobile,74.4834094502204,0,0.0
3743,treatment,mobile,27.577445552855405,0,0.0
3744,control,desktop,21.576999672250594,0,0.0
3745,treatment,mobile,36.94234843211938,1,20.719719419146337
3746,control,desktop,59.52250534785102,0,0.0
3747,control,desktop,31.338059030050797,0,0.0
3748,control,desktop,34.50097042776399,0,0.0
3749,control,mobile,53.02210479928661,0,0.0
3750,control,mobile,16.30475412682975,1,61.10676592578931
3751,treatment,mobile,42.22052924349313,0,0.0
3752,control,mobile,22.18620891278198,0,0.0
3753,control,desktop,9.052735186621874,0,0.0
3754,treatment,desktop,21.446817025224057,0,0.0
3755,treatment,mobile,104.11303899341024,0,0.0
3756,treatment,mobile,81.89021415642186,0,0.0
3757,control,desktop,47.79685365240981,0,0.0
3758,control,mobile,32.75828050331697,0,0.0
3759,treatment,desktop,79.39487681786885,0,0.0
3760,treatment,desktop,55.55622812664279,0,0.0
3761,treatment,mobile,20.01603356478318,0,0.0
3762,treatment,desktop,19.889536323648095,0,0.0
3763,control,desktop,26.234337659811636,0,0.0
3764,control,desktop,13.397501127595152,0,0.0
3765,treatment,desktop,32.25419877701062,1,44.26698344640539
3766,control,desktop,157.51225342166845,0,0.0
3767,control,desktop,66.34469538551488,0,0.0
3768,treatment,desktop,16.580429076379172,0,0.0
3769,treatment,mobile,42.21825942569194,1,66.66532516945483
3770,treatment,mobile,32.07492419869874,0,0.0
3771,treatment,desktop,10.45218176157955,0,0.0
3772,treatment,mobile,31.732819903473203,0,0.0
3773,treatment,desktop,31.045755360529895,0,0.0
3774,control,mobile,18.578184765902282,0,0.0
3775,treatment,desktop,59.84643273183988,0,0.0
3776,control,desktop,15.04972047010436,0,0.0
3777,treatment,desktop,15.207882529057654,0,0.0
3778,treatment,mobile,3.010221583728638,0,0.0
3779,treatment,desktop,44.7751070173599,0,0.0
3780,treatment,desktop,108.74912307964317,0,0.0
3781,treatment,desktop,122.08896495204476,0,0.0
3782,treatment,mobile,53.34245288113926,0,0.0
3783,treatment,desktop,37.39490472630847,0,0.0
3784,treatment,desktop,34.28421123797462,0,0.0
3785,control,desktop,2.0520358652310704,0,0.0
3786,treatment,desktop,6.428682423794751,0,0.0
3787,treatment,mobile,47.63716416405756,0,0.0
3788,control,mobile,27.52811480035723,0,0.0
3789,control,mobile,44.084871245186186,0,0.0
3790,treatment,mobile,35.58778079832706,0,0.0
3791,control,mobile,25.168352698725297,0,0.0
3792,treatment,mobile,35.221035110012174,0,0.0
3793,treatment,desktop,10.864612705758578,0,0.0
3794,control,mobile,40.49394279423844,0,0.0
3795,control,mobile,9.419202683786107,0,0.0
3796,treatment,mobile,36.28580733545168,0,0.0
3797,treatment,desktop,35.39117234914719,0,0.0
3798,control,desktop,70.19850158176361,0,0.0
3799,control,desktop,59.463986425351656,1,55.949684491203314
3800,treatment,desktop,22.323675158895323,0,0.0
3801,control,mobile,141.30652779277472,0,0.0
3802,control,mobile,42.21934685891759,0,0.0
3803,treatment,desktop,19.96654738919345,0,0.0
3804,treatment,mobile,36.5510960373608,0,0.0
3805,treatment,mobile,59.499962793345134,0,0.0
3806,treatment,desktop,38.25475644645111,1,33.717484904675864
3807,control,desktop,10.1683297425709,0,0.0
3808,control,desktop,12.94109346111507,0,0.0
3809,control,desktop,31.604752348346157,0,0.0
3810,treatment,desktop,17.027849655172044,0,0.0
3811,treatment,mobile,39.73637730168947,0,0.0
3812,treatment,mobile,26.736713153849827,0,0.0
3813,treatment,mobile,24.411630417324808,0,0.0
3814,treatment,desktop,66.07574472428125,0,0.0
3815,control,desktop,43.27060951537857,0,0.0
3816,control,desktop,10.596669687185598,0,0.0
3817,control,desktop,80.84648373325984,0,0.0
3818,control,mobile,43.84871339851516,0,0.0
3819,treatment,mobile,30.110925693983745,0,0.0
3820,treatment,desktop,33.04342909979549,0,0.0
3821,control,desktop,99.9962308793581,0,0.0
3822,treatment,mobile,25.08276609043266,0,0.0
3823,control,mobile,68.62860996798995,0,0.0
3824,treatment,desktop,8.048441945732332,0,0.0
3825,treatment,desktop,54.86766824836205,1,72.50738889038037
3826,control,desktop,28.740384023959944,0,0.0
3827,treatment,mobile,39.54703441955766,0,0.0
3828,treatment,mobile,37.86128155709776,1,4.597862837626857
3829,treatment,mobile,7.138707993918407,0,0.0
3830,control,desktop,34.06028008360752,0,0.0
3831,treatment,mobile,50.74744754269878,0,0.0
3832,treatment,mobile,31.370579955715854,0,0.0
3833,control,mobile,8.05770503499803,0,0.0
3834,control,desktop,95.01257683544345,0,0.0
3835,treatment,mobile,37.98946246165037,0,0.0
3836,control,desktop,28.766573125342404,1,23.854538067229925
3837,control,mobile,10.478658653909708,0,0.0
3838,control,desktop,7.9497377820581425,0,0.0
3839,control,mobile,15.054743566675167,0,0.0
3840,treatment,mobile,72.35007212567739,0,0.0
3841,treatment,desktop,55.45450337398318,0,0.0
3842,treatment,mobile,61.25935762263589,0,0.0
3843,control,mobile,150.26952796654916,0,0.0
3844,treatment,mobile,71.5704937023968,0,0.0
3845,treatment,desktop,22.65587798472938,0,0.0
3846,control,desktop,21.825948594366345,0,0.0
3847,treatment,mobile,23.95074688628984,0,0.0
3848,control,mobile,4.443644460277155,0,0.0
3849,control,desktop,69.6732561377117,0,0.0
3850,treatment,mobile,36.54070333401843,1,125.83483590358524
3851,control,desktop,53.72454886576381,0,0.0
3852,treatment,desktop,8.749625844517508,0,0.0
3853,control,desktop,40.386619729666215,0,0.0
3854,treatment,mobile,53.70675993682311,0,0.0
3855,control,mobile,38.64085488018842,0,0.0
3856,treatment,desktop,9.654606652356167,0,0.0
3857,treatment,mobile,71.45618530338847,1,84.09613543799931
3858,control,desktop,34.44461481872604,0,0.0
3859,treatment,desktop,32.841015537438956,0,0.0
3860,control,desktop,34.67271990386495,0,0.0
3861,control,desktop,45.1114260587724,0,0.0
3862,treatment,desktop,79.90503505262862,0,0.0
3863,control,desktop,57.33796027198038,0,0.0
3864,treatment,mobile,78.7096820553462,0,0.0
3865,control,desktop,5.641699106135524,1,31.377932745016373
3866,treatment,mobile,23.882962058326722,0,0.0
3867,treatment,desktop,13.86115229004167,0,0.0
3868,treatment,mobile,57.92651033724504,0,0.0
3869,control,mobile,36.463593647896595,1,53.454201940027765
3870,control,desktop,21.632216581563352,0,0.0
3871,treatment,desktop,82.65300671431149,1,16.588917629118104
3872,control,mobile,3.0255581304195696,0,0.0
3873,control,desktop,70.38051677573971,0,0.0
3874,treatment,mobile,41.44412290716553,0,0.0
3875,control,mobile,17.90747878240638,0,0.0
3876,control,desktop,88.84632501893432,1,81.65728399543845
3877,treatment,mobile,40.21306917618793,0,0.0
3878,control,desktop,66.4460528584878,0,0.0
3879,treatment,desktop,16.193525205805532,0,0.0
3880,treatment,mobile,60.065450861157,0,0.0
3881,control,desktop,20.66032462340484,0,0.0
3882,control,desktop,17.044652140549484,0,0.0
3883,treatment,desktop,19.746790801345337,0,0.0
3884,treatment,mobile,12.450675495519445,0,0.0
3885,treatment,desktop,19.941829760276185,0,0.0
3886,control,mobile,18.23611639898165,0,0.0
3887,treatment,mobile,55.77977843592344,0,0.0
3888,control,mobile,2.4364799276493283,0,0.0
3889,treatment,desktop,61.81882411788591,0,0.0
3890,treatment,mobile,32.75555266303049,1,35.669054452740795
3891,control,desktop,53.76604134850705,1,72.48875496671377
3892,control,mobile,16.230025015671373,0,0.0
3893,treatment,mobile,21.92886663112752,0,0.0
3894,control,mobile,24.320951131203707,0,0.0
3895,control,mobile,42.67300612366651,1,44.01939018261063
3896,control,mobile,55.02826386617257,0,0.0
3897,control,desktop,2.432926356466312,0,0.0
3898,control,desktop,8.837692418498328,0,0.0
3899,control,desktop,70.22470756592618,0,0.0
3900,treatment,desktop,36.3369737652059,0,0.0
3901,control,mobile,9.575194584727198,0,0.0
3902,treatment,desktop,85.80775722764855,0,0.0
3903,control,desktop,32.82614006213567,0,0.0
3904,control,mobile,27.898914593847188,0,0.0
3905,treatment,mobile,7.550419960263447,0,0.0
3906,treatment,mobile,36.43867517151502,0,0.0
3907,treatment,mobile,16.71898214244544,0,0.0
3908,control,mobile,123.9966498803738,0,0.0
3909,control,desktop,94.69146105620453,0,0.0
3910,treatment,desktop,63.88402837581212,0,0.0
3911,control,desktop,51.62458529096234,0,0.0
3912,treatment,desktop,36.19051572661895,0,0.0
3913,treatment,desktop,26.85627424232299,0,0.0
3914,treatment,mobile,33.45219552521434,0,0.0
3915,control,desktop,33.45153016081539,0,0.0
3916,control,desktop,54.90452970796851,0,0.0
3917,control,desktop,65.6986744065138,0,0.0
3918,control,mobile,67.48308190240184,0,0.0
3919,control,desktop,42.77320552395646,0,0.0
3920,treatment,mobile,7.943989021887994,0,0.0
3921,treatment,desktop,0.8180965484521984,0,0.0
3922,control,desktop,36.38776436028627,0,0.0
3923,control,mobile,88.38675888457414,0,0.0
3924,control,mobile,56.25849479380029,0,0.0
3925,control,desktop,70.95048389950223,1,189.85664382662983
3926,treatment,mobile,56.68273860538379,0,0.0
3927,control,mobile,11.297300722265934,0,0.0
3928,treatment,mobile,9.176373527776168,0,0.0
3929,treatment,mobile,89.62064880664136,0,0.0
3930,treatment,desktop,37.15621655783402,0,0.0
3931,treatment,mobile,29.364232996098615,1,52.14520001755263
3932,treatment,desktop,71.46361801388181,0,0.0
3933,control,desktop,35.336393577771446,0,0.0
3934,treatment,desktop,54.4475833849673,0,0.0
3935,treatment,desktop,63.6541064034644,0,0.0
3936,treatment,desktop,30.281836700548574,1,5.7034801294001625
3937,control,mobile,19.3467470397116,0,0.0
3938,control,mobile,33.950172450082874,0,0.0
3939,treatment,desktop,116.39779750448054,0,0.0
3940,treatment,desktop,30.47469494858843,0,0.0
3941,treatment,desktop,18.64210517184558,0,0.0
3942,control,mobile,41.52599751486666,0,0.0
3943,treatment,mobile,41.597789713488055,0,0.0
3944,treatment,mobile,32.44737105017474,0,0.0
3945,control,mobile,36.81115362750744,0,0.0
3946,treatment,desktop,38.087663909783956,0,0.0
3947,treatment,desktop,39.94352028148067,0,0.0
3948,treatment,desktop,55.46188363632574,0,0.0
3949,control,desktop,9.213087189844353,0,0.0
3950,control,mobile,95.36414154134525,0,0.0
3951,treatment,mobile,10.17682815940245,0,0.0
3952,control,desktop,39.21941304248128,0,0.0
3953,control,mobile,51.71036847088637,0,0.0
3954,treatment,desktop,110.44778802048064,0,0.0
3955,control,mobile,5.060030649611028,0,0.0
3956,treatment,mobile,35.42998144101113,0,0.0
3957,treatment,mobile,62.1276943150529,0,0.0
3958,control,desktop,62.92213982726046,0,0.0
3959,treatment,mobile,41.31534656837469,0,0.0
3960,control,mobile,14.985126319438377,0,0.0
3961,treatment,desktop,28.02656036901891,0,0.0
3962,control,mobile,20.214261436803,0,0.0
3963,control,mobile,25.260942619720606,0,0.0
3964,control,desktop,45.519162710093525,0,0.0
3965,treatment,desktop,87.17686825908484,0,0.0
3966,treatment,desktop,61.61318291643816,0,0.0
3967,treatment,mobile,82.03201123996472,0,0.0
3968,treatment,mobile,45.01702554977215,0,0.0
3969,control,desktop,20.766183419307964,0,0.0
3970,control,mobile,54.73266451974447,0,0.0
3971,control,desktop,34.29745001301373,0,0.0
3972,treatment,desktop,45.777987589610746,0,0.0
3973,treatment,desktop,56.712744607028455,0,0.0
3974,treatment,mobile,34.245625681381135,1,101.4854920705185
3975,treatment,desktop,44.39876177797352,1,101.11879988737233
3976,treatment,desktop,25.371463138346087,1,71.97359606463723
3977,control,mobile,58.583484688272314,0,0.0
3978,treatment,mobile,16.651084265095022,0,0.0
3979,treatment,desktop,24.186839180461423,1,132.56347555927255
3980,treatment,mobile,23.104792649220972,0,0.0
3981,control,desktop,5.671370840306632,0,0.0
3982,treatment,desktop,42.27162863670997,1,49.0551673006768
3983,control,mobile,46.91618471294815,0,0.0
3984,treatment,desktop,48.14015589223899,0,0.0
3985,treatment,desktop,15.219961894460653,0,0.0
3986,treatment,mobile,8.667079969290484,0,0.0
3987,treatment,mobile,133.24419011525697,0,0.0
3988,control,desktop,65.33003041073388,0,0.0
3989,control,desktop,31.433725408489316,0,0.0
3990,control,desktop,18.638195845673188,0,0.0
3991,treatment,desktop,10.798873248389405,0,0.0
3992,treatment,mobile,82.20324977616622,0,0.0
3993,treatment,mobile,22.971395755792408,0,0.0
3994,treatment,mobile,13.00086749735,0,0.0
3995,control,mobile,22.818965416346305,0,0.0
3996,treatment,mobile,29.9634805575452,0,0.0
3997,control,desktop,21.90177555525759,0,0.0
3998,treatment,desktop,32.595273435617635,0,0.0
3999,control,desktop,23.88778196146103,0,0.0
4000,control,mobile,32.42472836364677,0,0.0
4001,control,mobile,31.058582755137884,0,0.0
4002,treatment,desktop,45.117799599968585,0,0.0
4003,treatment,desktop,17.573732149509596,0,0.0
4004,control,desktop,4.166060779128319,0,0.0
4005,treatment,desktop,31.00516803336077,0,0.0
4006,control,desktop,63.102239746990676,0,0.0
4007,treatment,mobile,32.283086512059995,0,0.0
4008,control,mobile,29.10615325688768,0,0.0
4009,control,mobile,40.09033584521732,0,0.0
4010,control,mobile,63.24817912244064,0,0.0
4011,control,mobile,89.72816713559635,0,0.0
4012,treatment,mobile,29.676082084458585,0,0.0
4013,treatment,mobile,18.124944303066222,0,0.0
4014,treatment,desktop,2.8688184925232503,0,0.0
4015,control,desktop,12.079804977974526,0,0.0
4016,control,mobile,46.61626176562109,1,52.32990706234026
4017,treatment,desktop,7.580267340686657,0,0.0
4018,control,desktop,25.959633639371795,0,0.0
4019,treatment,desktop,34.14888916311622,0,0.0
4020,control,mobile,20.19282879116365,0,0.0
4021,treatment,desktop,97.84163430219466,0,0.0
4022,treatment,desktop,112.21145738261241,0,0.0
4023,treatment,desktop,67.72753242128452,0,0.0
4024,treatment,desktop,97.696945581881,0,0.0
4025,control,desktop,7.5592675262285205,1,60.48585201812105
4026,treatment,desktop,9.569445807943932,0,0.0
4027,treatment,desktop,75.10176054485014,0,0.0
4028,control,desktop,41.43844848526629,0,0.0
4029,control,desktop,16.398140991488035,0,0.0
4030,treatment,desktop,54.345535020716724,1,46.77166463584024
4031,control,desktop,36.53792681778175,0,0.0
4032,treatment,desktop,34.45617394514403,0,0.0
4033,treatment,mobile,13.685208400121567,0,0.0
4034,treatment,desktop,4.302917823205949,0,0.0
4035,control,mobile,2.4050112305055715,0,0.0
4036,treatment,mobile,7.807211396687256,1,79.07116027816397
4037,treatment,mobile,25.445701982929716,0,0.0
4038,treatment,mobile,18.26534902327357,0,0.0
4039,treatment,mobile,31.201508712199942,0,0.0
4040,treatment,mobile,41.88462762101507,0,0.0
4041,control,mobile,22.439996741814994,0,0.0
4042,control,desktop,58.78960640589554,0,0.0
4043,control,desktop,29.913972227488813,0,0.0
4044,control,desktop,36.626776821677666,0,0.0
4045,treatment,mobile,16.731830501716328,0,0.0
4046,control,desktop,5.831422477282224,0,0.0
4047,treatment,desktop,37.54505987162559,0,0.0
4048,control,mobile,71.70955596740063,0,0.0
4049,control,mobile,25.22935994433162,0,0.0
4050,control,mobile,28.710272702389435,0,0.0
4051,treatment,mobile,33.44060209467877,0,0.0
4052,treatment,mobile,105.21706479042041,0,0.0
4053,control,mobile,30.621350910004903,0,0.0
4054,control,mobile,33.83932852519274,0,0.0
4055,control,desktop,51.95446943738653,0,0.0
4056,control,desktop,60.50763114462881,0,0.0
4057,control,desktop,15.341439024429564,1,92.21038947661378
4058,control,mobile,41.36226456472216,0,0.0
4059,treatment,mobile,8.441406780538818,0,0.0
4060,treatment,desktop,32.06609884537488,1,41.787442423152505
4061,control,mobile,29.480866574808203,0,0.0
4062,treatment,desktop,41.92428794906768,0,0.0
4063,control,desktop,13.322956133790203,0,0.0
4064,control,mobile,14.210512344116275,0,0.0
4065,control,mobile,23.532289713832874,0,0.0
4066,treatment,mobile,37.106597720643045,0,0.0
4067,control,mobile,17.606115756946025,0,0.0
4068,control,desktop,13.759501866016796,0,0.0
4069,control,desktop,40.51952533760236,0,0.0
4070,treatment,mobile,56.060052244003714,1,108.41184223183
4071,treatment,desktop,82.73261481349374,0,0.0
4072,treatment,desktop,44.59935049223851,0,0.0
4073,control,desktop,30.549890256657815,0,0.0
4074,control,mobile,23.271177424820362,1,35.50713021374061
4075,control,mobile,34.09189129804236,0,0.0
4076,control,mobile,60.72446426991035,0,0.0
4077,treatment,desktop,49.43455018226386,0,0.0
4078,treatment,mobile,90.04833129416376,0,0.0
4079,control,desktop,22.821323956072707,0,0.0
4080,treatment,desktop,8.744524687034449,0,0.0
4081,control,mobile,39.19817865875864,0,0.0
4082,control,desktop,27.01018761480843,1,37.07475902179988
4083,control,desktop,27.63590964884439,1,48.95724978517254
4084,treatment,desktop,66.90605347250343,0,0.0
4085,treatment,mobile,48.41466471990578,1,25.39708553089095
4086,control,mobile,81.75173954573219,0,0.0
4087,treatment,desktop,27.690460199357872,0,0.0
4088,treatment,mobile,36.77316810672339,0,0.0
4089,treatment,desktop,40.324393698625734,0,0.0
4090,control,mobile,6.180090265282557,0,0.0
4091,control,desktop,28.992809244916195,0,0.0
4092,control,desktop,39.38617497504525,0,0.0
4093,treatment,desktop,27.79541339162108,1,69.27758570554732
4094,control,desktop,22.409239723775983,0,0.0
4095,control,mobile,30.98148473360083,0,0.0
4096,treatment,desktop,58.56547215518581,0,0.0
4097,treatment,desktop,104.78164831107486,0,0.0
4098,control,mobile,53.29617330841974,0,0.0
4099,treatment,mobile,36.89422428166604,0,0.0
4100,treatment,mobile,20.154953799437347,0,0.0
4101,control,mobile,60.84415796567132,0,0.0
4102,treatment,desktop,34.4953441358514,0,0.0
4103,treatment,desktop,36.69246297508004,0,0.0
4104,control,desktop,31.57635935284471,0,0.0
4105,treatment,mobile,69.838532340264,1,21.162597534062364
4106,treatment,mobile,16.666333244872465,0,0.0
4107,control,desktop,80.6613862038065,0,0.0
4108,treatment,desktop,25.1017116115421,0,0.0
4109,control,mobile,50.09478304724486,0,0.0
4110,control,desktop,63.30459423284668,0,0.0
4111,control,mobile,54.329612783440794,0,0.0
4112,treatment,mobile,81.44403588288876,1,87.19434197361628
4113,control,desktop,124.92645551720389,0,0.0
4114,treatment,mobile,20.958671368059463,0,0.0
4115,control,desktop,9.004223695634687,0,0.0
4116,treatment,mobile,35.08674527002932,0,0.0
4117,control,mobile,10.38803019576212,0,0.0
4118,control,mobile,70.57816581135059,0,0.0
4119,control,mobile,31.92106092100881,0,0.0
4120,treatment,desktop,27.81465524072445,0,0.0
4121,control,mobile,57.57863487325638,0,0.0
4122,control,mobile,15.826405228942793,0,0.0
4123,treatment,mobile,34.726010901583734,1,12.35821883368583
4124,control,mobile,29.269823836203162,0,0.0
4125,treatment,desktop,8.713074163900934,0,0.0
4126,treatment,mobile,24.00918177355927,0,0.0
4127,treatment,desktop,51.466134577612905,1,60.93618896183895
4128,control,mobile,49.51507393924953,0,0.0
4129,control,mobile,21.356106377041385,0,0.0
4130,control,desktop,15.974602348361353,0,0.0
4131,control,mobile,14.360319217241702,0,0.0
4132,control,desktop,30.365923675254876,0,0.0
4133,control,mobile,55.5199134459265,0,0.0
4134,treatment,mobile,21.953410081477923,0,0.0
4135,treatment,desktop,107.21687671917064,1,170.75720287078974
4136,treatment,mobile,21.27667028857267,0,0.0
4137,treatment,mobile,20.418840641257393,0,0.0
4138,treatment,desktop,36.87039249776595,1,58.93369703299048
4139,treatment,mobile,35.80486927512957,0,0.0
4140,control,mobile,49.08098824293948,0,0.0
4141,treatment,desktop,47.15615994356456,0,0.0
4142,treatment,mobile,28.69156805625611,0,0.0
4143,treatment,mobile,28.249162260354566,0,0.0
4144,treatment,desktop,29.937166581002916,0,0.0
4145,treatment,desktop,53.411920052932935,0,0.0
4146,control,mobile,30.552349146939378,0,0.0
4147,control,desktop,43.34731165641048,0,0.0
4148,treatment,desktop,71.76551686811918,1,25.897344596508052
4149,control,desktop,50.605684333846526,0,0.0
4150,treatment,mobile,50.73031415705438,0,0.0
4151,treatment,mobile,21.14882251345624,0,0.0
4152,treatment,mobile,57.32205315906393,0,0.0
4153,treatment,mobile,52.53783242966605,0,0.0
4154,control,mobile,3.346907651228983,0,0.0
4155,treatment,desktop,99.22734380713547,0,0.0
4156,control,desktop,32.93350193550125,0,0.0
4157,control,mobile,35.82703951388317,0,0.0
4158,treatment,mobile,4.151334674863106,0,0.0
4159,treatment,desktop,26.662751813904407,0,0.0
4160,control,mobile,25.70538281343093,0,0.0
4161,treatment,mobile,15.65032229443175,0,0.0
4162,control,mobile,68.74387641750097,0,0.0
4163,treatment,mobile,14.866785876503704,0,0.0
4164,treatment,desktop,12.998898414222646,0,0.0
4165,treatment,mobile,66.74854904870128,0,0.0
4166,control,desktop,55.61105763452959,0,0.0
4167,control,desktop,75.64367707191779,0,0.0
4168,treatment,mobile,61.55141159600316,0,0.0
4169,control,desktop,69.3094514590523,0,0.0
4170,treatment,mobile,81.89429910224163,0,0.0
4171,control,mobile,38.59001050101587,0,0.0
4172,control,mobile,42.149417537081774,0,0.0
4173,control,desktop,45.576640131582124,0,0.0
4174,control,mobile,61.926048531349245,0,0.0
4175,control,desktop,143.99883403713724,0,0.0
4176,treatment,desktop,31.68238724553104,0,0.0
4177,control,mobile,46.96624958671093,0,0.0
4178,treatment,desktop,58.33129182917432,0,0.0
4179,control,desktop,16.33925930842562,0,0.0
4180,control,mobile,36.17331372342127,0,0.0
4181,control,mobile,41.63425339497543,0,0.0
4182,control,desktop,87.57197043954902,0,0.0
4183,control,desktop,16.7648044358747,0,0.0
4184,control,desktop,18.979863789831132,0,0.0
4185,treatment,mobile,74.82833174460896,1,20.36336704454904
4186,treatment,desktop,52.55722301247526,0,0.0
4187,control,desktop,66.89644960817222,0,0.0
4188,control,desktop,100.72409258806395,0,0.0
4189,treatment,mobile,40.58921089565369,0,0.0
4190,treatment,mobile,28.53601025233484,0,0.0
4191,control,desktop,28.705161468190216,0,0.0
4192,treatment,desktop,10.833291935809717,0,0.0
4193,treatment,mobile,55.648798802843835,0,0.0
4194,treatment,desktop,13.917029296143346,0,0.0
4195,control,desktop,8.264133204898371,0,0.0
4196,treatment,mobile,30.82309397049181,0,0.0
4197,treatment,desktop,11.574488769768676,0,0.0
4198,treatment,mobile,49.79984526849911,1,38.17035405714812
4199,control,mobile,50.010209885866885,0,0.0
4200,treatment,desktop,24.971970415392654,0,0.0
4201,control,mobile,64.70074403721433,0,0.0
4202,treatment,desktop,38.90696770002518,0,0.0
4203,control,desktop,74.126470916395,0,0.0
4204,control,mobile,95.4051438819606,0,0.0
4205,control,mobile,39.59401647376759,0,0.0
4206,treatment,mobile,52.25088455286227,0,0.0
4207,control,desktop,71.54879237044617,0,0.0
4208,treatment,mobile,12.211892591700522,0,0.0
4209,control,mobile,3.8076572264321227,0,0.0
4210,control,mobile,8.890894624835768,0,0.0
4211,control,mobile,31.66926498389318,0,0.0
4212,treatment,mobile,34.89336828706422,0,0.0
4213,control,mobile,30.381318364224732,0,0.0
4214,control,mobile,67.11262253152657,0,0.0
4215,control,mobile,32.860782801193984,0,0.0
4216,treatment,desktop,31.199648439335263,0,0.0
4217,treatment,mobile,61.87794702821922,0,0.0
4218,treatment,mobile,50.43679067093362,0,0.0
4219,control,desktop,5.777461962905761,0,0.0
4220,control,desktop,37.96459556264113,0,0.0
4221,control,mobile,5.556673173728041,0,0.0
4222,treatment,desktop,29.679162699894967,0,0.0
4223,control,desktop,15.85598136721649,0,0.0
4224,control,desktop,13.610273549661153,0,0.0
4225,treatment,mobile,31.72966363299996,0,0.0
4226,treatment,desktop,11.281883821031503,1,97.76776229396235
4227,control,mobile,5.412306290564627,1,111.4905570362205
4228,control,desktop,45.236417312826376,1,201.98421717195757
4229,control,desktop,3.111089662670083,0,0.0
4230,treatment,mobile,15.291731081708853,1,31.223870595506025
4231,control,mobile,30.734524146806145,0,0.0
4232,control,mobile,12.139073301621528,0,0.0
4233,treatment,mobile,39.142206391299425,0,0.0
4234,treatment,desktop,32.040976355585286,0,0.0
4235,control,mobile,10.788217374043956,0,0.0
4236,treatment,mobile,43.6908725961642,0,0.0
4237,control,desktop,34.80194635071691,0,0.0
4238,control,mobile,20.016061807470756,1,79.47765646425164
4239,control,mobile,108.00210368225684,0,0.0
4240,treatment,desktop,28.212900743440557,0,0.0
4241,control,mobile,24.5883112395828,0,0.0
4242,control,mobile,10.944559341792758,0,0.0
4243,control,desktop,7.381402369408326,0,0.0
4244,treatment,desktop,22.107397421148256,0,0.0
4245,control,mobile,43.91708921000442,0,0.0
4246,control,desktop,55.70697537367501,0,0.0
4247,treatment,mobile,63.77515512774035,0,0.0
4248,control,desktop,33.661895821878744,0,0.0
4249,treatment,desktop,21.157174857980173,0,0.0
4250,control,mobile,59.66501422209619,0,0.0
4251,treatment,mobile,65.71056786836228,1,69.5828279592676
4252,treatment,mobile,89.44456830238454,0,0.0
4253,treatment,desktop,12.405989312892443,0,0.0
4254,treatment,desktop,61.94732414256536,0,0.0
4255,control,desktop,59.25655332789566,0,0.0
4256,control,desktop,57.261825409588745,0,0.0
4257,control,mobile,12.923618111449468,1,15.610829610912514
4258,control,desktop,15.327943219764324,0,0.0
4259,treatment,mobile,34.11609102987144,0,0.0
4260,control,mobile,46.75512627742323,0,0.0
4261,treatment,desktop,23.102206397727624,0,0.0
4262,control,desktop,68.00294091105545,0,0.0
4263,treatment,desktop,70.60029024492381,0,0.0
4264,treatment,desktop,31.79462731067286,0,0.0
4265,treatment,desktop,48.13705547296743,0,0.0
4266,control,mobile,11.438648781576859,0,0.0
4267,treatment,desktop,27.21503000820708,0,0.0
4268,treatment,desktop,25.235908094288014,0,0.0
4269,control,mobile,42.1449050046204,0,0.0
4270,control,desktop,62.079767882941,0,0.0
4271,treatment,desktop,27.47355661830663,0,0.0
4272,treatment,mobile,5.248296082545185,0,0.0
4273,control,mobile,14.068446508371007,0,0.0
4274,treatment,mobile,68.98075712614049,0,0.0
4275,control,mobile,5.654880465115867,0,0.0
4276,control,desktop,34.13295280109504,1,144.91639995505517
4277,control,mobile,82.94440380151644,0,0.0
4278,treatment,mobile,64.7465837046572,0,0.0
4279,treatment,mobile,21.60662212041707,0,0.0
4280,treatment,desktop,19.4901766371996,0,0.0
4281,treatment,desktop,32.87421841016052,0,0.0
4282,treatment,desktop,17.100821778697256,0,0.0
4283,control,mobile,13.686292504556425,0,0.0
4284,control,desktop,77.30963545404687,0,0.0
4285,treatment,desktop,20.19683172429234,0,0.0
4286,treatment,desktop,11.900413027759665,0,0.0
4287,control,mobile,47.31869690407972,0,0.0
4288,control,desktop,10.394128433428286,0,0.0
4289,control,mobile,28.74617805172764,0,0.0
4290,treatment,mobile,27.86667790408302,0,0.0
4291,control,mobile,71.07048442649996,0,0.0
4292,control,mobile,88.46035993152667,0,0.0
4293,treatment,desktop,72.04605602968023,1,109.78326181579523
4294,treatment,desktop,87.30976424027662,0,0.0
4295,control,mobile,19.893899357886333,0,0.0
4296,treatment,mobile,20.352298479451107,0,0.0
4297,treatment,mobile,48.19636964105215,0,0.0
4298,control,mobile,47.99215702018267,0,0.0
4299,control,desktop,19.429778942981134,0,0.0
4300,treatment,desktop,15.209029574810666,0,0.0
4301,control,mobile,52.6275386896815,0,0.0
4302,control,desktop,111.06180279021743,0,0.0
4303,treatment,mobile,48.82725447551158,0,0.0
4304,control,desktop,89.36530893394517,0,0.0
4305,treatment,desktop,22.933790785324184,0,0.0
4306,treatment,desktop,21.781195906845568,0,0.0
4307,control,desktop,41.07257639455768,0,0.0
4308,treatment,desktop,11.146886874385384,0,0.0
4309,control,mobile,31.018759838095278,0,0.0
4310,control,mobile,56.96305733935187,0,0.0
4311,treatment,mobile,72.35362901787825,1,57.25762921933607
4312,treatment,desktop,46.73566950509154,0,0.0
4313,control,desktop,29.035046739034343,0,0.0
4314,control,desktop,20.30437819696654,0,0.0
4315,control,mobile,68.91497078189747,0,0.0
4316,treatment,mobile,29.447088507577448,1,13.1189811681882
4317,treatment,desktop,6.653922701676585,0,0.0
4318,control,desktop,85.33809385176943,0,0.0
4319,treatment,mobile,31.045327813087905,0,0.0
4320,treatment,mobile,37.91120772670278,1,80.19270266648843
4321,control,mobile,144.046063719503,0,0.0
4322,treatment,mobile,18.617166247142357,1,46.65714101588609
4323,treatment,mobile,46.517922024707104,0,0.0
4324,control,desktop,80.08809977739688,0,0.0
4325,control,mobile,48.11492818551927,0,0.0
4326,control,mobile,25.816912314594724,0,0.0
4327,treatment,mobile,55.63870520686875,0,0.0
4328,control,mobile,6.768774310025351,0,0.0
4329,treatment,mobile,42.54411282538192,0,0.0
4330,treatment,mobile,5.775621120358473,0,0.0
4331,treatment,mobile,31.99332562442155,1,1.0772886588959774
4332,control,desktop,31.535766167198844,0,0.0
4333,treatment,desktop,75.51479722057525,0,0.0
4334,control,desktop,25.478873126517758,0,0.0
4335,control,mobile,58.40406886832622,0,0.0
4336,control,mobile,15.51598450433442,0,0.0
4337,treatment,desktop,6.3573852882434885,0,0.0
4338,control,mobile,14.531071476079251,0,0.0
4339,treatment,mobile,31.11032526005467,0,0.0
4340,treatment,mobile,31.891940113438267,0,0.0
4341,control,mobile,4.727929038796044,0,0.0
4342,control,desktop,65.959638090629,0,0.0
4343,treatment,desktop,55.423331564365554,1,78.28122574401188
4344,treatment,mobile,31.200118103097367,0,0.0
4345,control,mobile,36.34776607879106,0,0.0
4346,treatment,mobile,21.637582804827634,0,0.0
4347,treatment,desktop,29.740199027886295,0,0.0
4348,control,desktop,20.244861142271475,0,0.0
4349,control,desktop,98.28447220686658,1,4.8434494081903425
4350,control,mobile,17.00355978239324,0,0.0
4351,control,desktop,32.618547316618574,0,0.0
4352,treatment,mobile,42.654494833008734,0,0.0
4353,treatment,desktop,24.127330923372043,0,0.0
4354,control,desktop,10.885379223215976,0,0.0
4355,control,mobile,16.425467305056028,0,0.0
4356,control,mobile,38.527415979256105,0,0.0
4357,treatment,mobile,92.86127905192234,0,0.0
4358,control,mobile,70.87964198802422,0,0.0
4359,control,desktop,36.616287499411,0,0.0
4360,treatment,mobile,4.102209616816623,0,0.0
4361,treatment,desktop,5.6544270210152945,0,0.0
4362,control,mobile,67.95706726039468,0,0.0
4363,treatment,mobile,43.673909306659404,0,0.0
4364,treatment,mobile,22.724275783626023,0,0.0
4365,treatment,mobile,61.074671025522456,0,0.0
4366,treatment,desktop,42.85453897409123,0,0.0
4367,treatment,mobile,17.899631689837193,0,0.0
4368,treatment,desktop,15.059148603794718,0,0.0
4369,treatment,mobile,57.44658735873326,1,43.46187564868523
4370,treatment,mobile,61.609909243416794,0,0.0
4371,treatment,desktop,11.13414304727947,0,0.0
4372,control,mobile,31.29228692787756,0,0.0
4373,control,mobile,41.611431333795714,0,0.0
4374,treatment,desktop,61.820292710398654,0,0.0
4375,control,mobile,41.702884502283915,0,0.0
4376,treatment,mobile,21.431849674258775,0,0.0
4377,control,mobile,44.47003171006987,0,0.0
4378,control,mobile,48.9416895845593,0,0.0
4379,control,mobile,50.45980957277703,0,0.0
4380,control,mobile,56.02117518382981,0,0.0
4381,control,desktop,7.676547080328064,0,0.0
4382,treatment,mobile,67.6303624250694,1,97.25733539360554
4383,control,desktop,34.120602182904115,1,54.23156801989167
4384,treatment,mobile,80.04150331567945,0,0.0
4385,treatment,desktop,36.06044438977217,0,0.0
4386,treatment,mobile,50.82090864481366,0,0.0
4387,treatment,mobile,24.48054916663495,0,0.0
4388,treatment,desktop,44.304710186896,0,0.0
4389,treatment,desktop,43.79892390392585,0,0.0
4390,control,mobile,74.9424145885584,0,0.0
4391,control,desktop,38.324781903197305,0,0.0
4392,control,desktop,11.41993780840461,0,0.0
4393,treatment,mobile,17.777197871252515,0,0.0
4394,control,desktop,27.28706468971732,0,0.0
4395,control,desktop,126.01197011536524,0,0.0
4396,control,desktop,41.23168115988334,0,0.0
4397,treatment,desktop,54.54895536917054,1,18.4919328357432
4398,control,mobile,53.083612993560024,0,0.0
4399,treatment,mobile,21.83493826603526,0,0.0
4400,treatment,desktop,30.610420995660668,1,103.64443431036376
4401,control,desktop,40.64545869101143,0,0.0
4402,control,desktop,37.43594955539053,0,0.0
4403,treatment,mobile,4.848100572456709,0,0.0
4404,treatment,desktop,14.945431756824803,0,0.0
4405,treatment,mobile,53.296272370375995,0,0.0
4406,treatment,mobile,2.7921384994995835,0,0.0
4407,control,mobile,13.290153731823246,0,0.0
4408,treatment,mobile,36.61326468667684,0,0.0
4409,treatment,desktop,14.002729043306314,0,0.0
4410,treatment,desktop,53.8235407552365,0,0.0
4411,control,desktop,40.90434570339511,0,0.0
4412,control,mobile,15.457269224160106,0,0.0
4413,treatment,desktop,30.83889587679522,0,0.0
4414,treatment,mobile,54.90083210962206,0,0.0
4415,control,mobile,10.089879620434452,0,0.0
4416,treatment,mobile,10.914111310266714,0,0.0
4417,control,mobile,22.1331623181266,0,0.0
4418,treatment,desktop,97.29015272802482,0,0.0
4419,control,desktop,63.64110249893778,0,0.0
4420,control,mobile,32.28939256139175,0,0.0
4421,treatment,mobile,20.180362504693946,0,0.0
4422,control,desktop,46.494093757644194,0,0.0
4423,treatment,mobile,31.190015920129845,0,0.0
4424,control,desktop,48.21828875243597,0,0.0
4425,treatment,mobile,59.6918846341535,0,0.0
4426,treatment,desktop,52.91585295373629,0,0.0
4427,control,mobile,32.63927771700318,1,139.4252285816343
4428,control,mobile,6.836414919692631,0,0.0
4429,treatment,desktop,10.348457912570304,0,0.0
4430,control,desktop,59.60324608203624,0,0.0
4431,treatment,desktop,12.374466591899932,1,61.01753431949578
4432,control,mobile,22.509945912833093,0,0.0
4433,treatment,mobile,53.12870606429817,0,0.0
4434,treatment,mobile,36.518520851770894,0,0.0
4435,treatment,desktop,44.95639210125514,0,0.0
4436,control,desktop,11.01917387186538,0,0.0
4437,treatment,mobile,38.88087349822273,0,0.0
4438,control,desktop,51.6298496753706,0,0.0
4439,treatment,desktop,22.26902407317009,1,45.19465723871021
4440,control,desktop,15.503409354400265,0,0.0
4441,treatment,mobile,8.790669310538789,0,0.0
4442,treatment,mobile,11.619198341201828,0,0.0
4443,control,desktop,47.68369602123754,0,0.0
4444,control,mobile,21.376582042906005,0,0.0
4445,control,mobile,18.997922849236005,0,0.0
4446,control,mobile,43.54331580809897,0,0.0
4447,treatment,desktop,47.25537175179157,0,0.0
4448,control,mobile,45.12960601242082,0,0.0
4449,treatment,desktop,81.21586252523295,0,0.0
4450,treatment,desktop,5.38442199134237,0,0.0
4451,treatment,mobile,53.247483661650264,0,0.0
4452,control,mobile,15.51527535619705,0,0.0
4453,treatment,mobile,26.016298287827453,0,0.0
4454,control,desktop,28.31575580750911,1,24.338527908135266
4455,treatment,desktop,57.331980349163,0,0.0
4456,treatment,desktop,22.04593456092227,0,0.0
4457,treatment,desktop,19.21383982189366,0,0.0
4458,control,mobile,67.32923477985379,0,0.0
4459,treatment,mobile,6.080319285897793,0,0.0
4460,control,desktop,30.529214152642723,0,0.0
4461,treatment,mobile,7.20907370571962,0,0.0
4462,control,mobile,31.864006649137018,1,17.523887452373543
4463,control,desktop,40.317323634907645,1,9.597211528524326
4464,treatment,desktop,16.848685942582264,0,0.0
4465,control,mobile,41.86937952206235,1,19.02407728833073
4466,control,mobile,24.611067066755897,0,0.0
4467,treatment,mobile,0.8084194761827834,0,0.0
4468,control,desktop,12.971811448790369,0,0.0
4469,treatment,desktop,11.532500550728049,0,0.0
4470,control,mobile,46.681616376099214,1,20.764908437799548
4471,control,mobile,73.57102414594871,0,0.0
4472,treatment,desktop,31.526840417286913,0,0.0
4473,control,mobile,32.27909368948798,0,0.0
4474,treatment,desktop,1.9840459645238264,1,92.53634417673574
4475,treatment,desktop,18.568297540286615,0,0.0
4476,control,mobile,180.8277559641187,0,0.0
4477,treatment,mobile,10.637586411797688,0,0.0
4478,control,mobile,2.6526626705641867,0,0.0
4479,treatment,mobile,68.34443657841804,0,0.0
4480,treatment,desktop,17.470292209089937,0,0.0
4481,treatment,mobile,72.36777936087434,0,0.0
4482,control,mobile,12.532071529884218,0,0.0
4483,treatment,desktop,114.62284127824745,0,0.0
4484,control,mobile,13.052965946361244,0,0.0
4485,treatment,desktop,62.80769668783273,0,0.0
4486,treatment,mobile,24.776500961879204,0,0.0
4487,treatment,mobile,108.23791480011943,0,0.0
4488,treatment,desktop,37.9985001331137,0,0.0
4489,treatment,desktop,37.100220771109214,0,0.0
4490,treatment,mobile,72.5824017468582,0,0.0
4491,control,mobile,85.05399951886884,0,0.0
4492,control,mobile,43.4250452444558,0,0.0
4493,treatment,mobile,107.63329297458137,0,0.0
4494,treatment,mobile,76.80767763281354,1,12.521741236920956
4495,treatment,mobile,67.26435451811736,0,0.0
4496,control,desktop,15.6108427233268,0,0.0
4497,treatment,desktop,42.71982153084843,0,0.0
4498,control,mobile,79.37921519450649,0,0.0
4499,control,desktop,93.86122724414578,0,0.0
4500,control,desktop,50.84055886992033,0,0.0
4501,control,mobile,18.852873234818887,0,0.0
4502,treatment,mobile,64.91369941290421,0,0.0
4503,control,desktop,131.8198949633001,0,0.0
4504,treatment,desktop,4.062706296653903,0,0.0
4505,treatment,mobile,30.722471526811237,0,0.0
4506,treatment,desktop,52.45089957745603,0,0.0
4507,control,desktop,65.91058081629296,0,0.0
4508,treatment,mobile,23.555226535424897,0,0.0
4509,treatment,mobile,11.347201499615272,0,0.0
4510,treatment,mobile,84.46621731171751,0,0.0
4511,treatment,desktop,59.201700972689366,1,115.05533065948387
4512,control,mobile,26.166555854899862,1,12.726493128878584
4513,treatment,mobile,42.964443755553255,0,0.0
4514,control,mobile,29.212149604197837,0,0.0
4515,treatment,mobile,89.7883198309192,0,0.0
4516,treatment,desktop,49.678152466716405,0,0.0
4517,treatment,mobile,10.508894365388672,0,0.0
4518,control,desktop,78.24161851475394,0,0.0
4519,treatment,desktop,81.91063257795939,0,0.0
4520,treatment,mobile,62.32110292462458,0,0.0
4521,control,desktop,91.2809645167755,0,0.0
4522,treatment,desktop,10.481307943678612,0,0.0
4523,control,desktop,13.796296227099088,0,0.0
4524,treatment,desktop,24.039106784868384,0,0.0
4525,control,mobile,42.190720447225715,0,0.0
4526,control,desktop,51.149655362563024,0,0.0
4527,control,mobile,12.194336436716888,0,0.0
4528,treatment,mobile,34.37346805721407,0,0.0
4529,control,desktop,57.50430347252687,0,0.0
4530,treatment,desktop,18.167475158355543,0,0.0
4531,control,mobile,15.771767013947226,0,0.0
4532,treatment,desktop,86.16545888595775,0,0.0
4533,treatment,mobile,5.51652832429247,0,0.0
4534,control,desktop,9.361174824708792,0,0.0
4535,control,desktop,39.51872376037023,0,0.0
4536,treatment,desktop,75.38412330753825,0,0.0
4537,treatment,mobile,17.84327444472552,0,0.0
4538,control,desktop,23.807852425090648,0,0.0
4539,treatment,mobile,7.009067587748291,0,0.0
4540,control,mobile,10.743801137141153,0,0.0
4541,control,desktop,81.40229534803802,1,56.98167463230687
4542,treatment,desktop,13.756305255951792,0,0.0
4543,control,mobile,28.76049037805579,0,0.0
4544,control,desktop,43.81649107324854,0,0.0
4545,control,desktop,38.461002968546666,0,0.0
4546,treatment,desktop,21.92538123656018,0,0.0
4547,treatment,desktop,23.965350983290236,1,93.668914103342
4548,treatment,mobile,27.190511238161847,0,0.0
4549,treatment,mobile,30.17819701201608,0,0.0
4550,control,mobile,46.33588065219759,0,0.0
4551,treatment,mobile,15.976294148243873,0,0.0
4552,treatment,mobile,69.30474419652393,0,0.0
4553,control,desktop,9.718012588211216,1,20.741504248808987
4554,control,mobile,40.84610128131217,0,0.0
4555,control,mobile,124.70388211435393,0,0.0
4556,control,desktop,46.00040204716974,0,0.0
4557,treatment,mobile,26.588333510441437,0,0.0
4558,control,desktop,90.40487780341876,0,0.0
4559,treatment,desktop,5.284350792550691,1,73.80325293591602
4560,treatment,desktop,27.306925964488546,0,0.0
4561,treatment,desktop,21.90365590067385,0,0.0
4562,treatment,desktop,20.605031404608432,0,0.0
4563,treatment,desktop,47.93921343565407,0,0.0
4564,control,mobile,53.632740216954325,0,0.0
4565,control,mobile,33.73605026154714,1,20.21892645207596
4566,control,mobile,15.42856698067843,0,0.0
4567,treatment,desktop,41.09239191045304,0,0.0
4568,control,mobile,5.472150920017381,0,0.0
4569,treatment,mobile,42.411218825485186,0,0.0
4570,treatment,mobile,57.92769325115369,0,0.0
4571,control,desktop,27.257023338248697,0,0.0
4572,treatment,desktop,66.16819825632953,0,0.0
4573,treatment,desktop,7.2218347265145475,0,0.0
4574,control,mobile,40.7843799226693,0,0.0
4575,control,desktop,31.406807721319193,0,0.0
4576,treatment,desktop,22.040837582867326,0,0.0
4577,control,mobile,22.165980082457946,1,97.70931205859735
4578,treatment,desktop,54.3523502583227,0,0.0
4579,control,desktop,38.34185199871314,0,0.0
4580,treatment,desktop,38.56735351979281,0,0.0
4581,treatment,desktop,69.14159938444729,0,0.0
4582,treatment,desktop,30.670102709695612,0,0.0
4583,treatment,mobile,16.47970717549583,0,0.0
4584,control,mobile,1.6708713196470295,0,0.0
4585,treatment,mobile,22.230682588020674,0,0.0
4586,treatment,desktop,85.77563045264233,0,0.0
4587,control,desktop,26.329477336529532,0,0.0
4588,control,mobile,9.117156988560978,0,0.0
4589,control,desktop,37.314619530447565,0,0.0
4590,treatment,mobile,168.4758740630361,0,0.0
4591,treatment,mobile,41.76155594094201,0,0.0
4592,treatment,desktop,29.97003531328092,0,0.0
4593,treatment,mobile,70.33426568141938,1,45.97227609285006
4594,control,mobile,69.80314423608641,0,0.0
4595,control,mobile,16.6077102151555,1,60.8101346599402
4596,control,mobile,14.134790781477712,1,63.93217619344266
4597,control,mobile,29.521908498117572,0,0.0
4598,treatment,desktop,54.41683447241506,0,0.0
4599,control,mobile,6.169168994316068,0,0.0
4600,control,desktop,23.659320087750974,1,87.59511967278624
4601,treatment,mobile,64.46151090614296,1,8.95381746046705
4602,control,mobile,44.25589519645402,0,0.0
4603,treatment,desktop,28.000574792358535,0,0.0
4604,treatment,mobile,22.449662709611534,0,0.0
4605,treatment,mobile,12.599090472145747,0,0.0
4606,control,desktop,58.01256276638575,0,0.0
4607,treatment,mobile,36.424028034884174,1,26.580265900107335
4608,treatment,mobile,43.63030497789442,0,0.0
4609,treatment,desktop,147.6366028514371,0,0.0
4610,control,desktop,77.41042739516489,0,0.0
4611,treatment,mobile,49.19893636374798,0,0.0
4612,treatment,mobile,23.298099196714688,1,11.409138487629216
4613,control,desktop,43.3016025317291,0,0.0
4614,treatment,mobile,19.47021356455987,0,0.0
4615,treatment,mobile,72.95652063009369,0,0.0
4616,treatment,mobile,100.19415589010755,0,0.0
4617,treatment,desktop,17.239398671284476,0,0.0
4618,control,desktop,11.736163744400974,0,0.0
4619,control,mobile,16.10039235107481,0,0.0
4620,control,mobile,12.874974342639806,1,64.42140223549293
4621,control,desktop,20.247866579177447,0,0.0
4622,treatment,mobile,11.964714828171406,0,0.0
4623,control,desktop,91.49346194022392,0,0.0
4624,treatment,mobile,46.062848727006056,0,0.0
4625,control,mobile,11.396183650186188,0,0.0
4626,treatment,desktop,11.928568315705713,0,0.0
4627,treatment,desktop,44.673473032117755,0,0.0
4628,control,desktop,40.14940625888851,0,0.0
4629,treatment,mobile,66.33731178105621,0,0.0
4630,control,mobile,31.664151911617946,0,0.0
4631,control,mobile,82.02379196052573,0,0.0
4632,treatment,mobile,27.63083511458413,1,146.5394326737816
4633,control,mobile,62.674454048871894,0,0.0
4634,treatment,desktop,92.057819241694,0,0.0
4635,treatment,desktop,39.15765614639297,0,0.0
4636,control,mobile,15.27080764125242,1,40.7624068186839
4637,treatment,mobile,47.53818804281738,0,0.0
4638,control,mobile,6.050944366913353,0,0.0
4639,treatment,mobile,32.680231101619285,0,0.0
4640,control,desktop,38.178521905487955,0,0.0
4641,control,desktop,15.099620673515943,0,0.0
4642,control,desktop,48.66779798720262,0,0.0
4643,treatment,desktop,8.333119448895745,0,0.0
4644,control,desktop,26.451355829984607,0,0.0
4645,control,mobile,7.919412038241688,0,0.0
4646,control,desktop,18.381073843067178,0,0.0
4647,treatment,desktop,19.66033063492204,0,0.0
4648,control,desktop,45.71325383507241,0,0.0
4649,control,mobile,23.602759636088237,0,0.0
4650,control,mobile,31.77700118797668,0,0.0
4651,control,desktop,44.73073430736324,0,0.0
4652,control,mobile,26.641965004045616,0,0.0
4653,treatment,desktop,14.2440625472579,0,0.0
4654,control,desktop,6.415622975689411,0,0.0
4655,treatment,mobile,34.935340624894735,0,0.0
4656,control,mobile,69.99812445317333,0,0.0
4657,control,mobile,36.76806236508177,0,0.0
4658,control,mobile,26.5616443723396,0,0.0
4659,treatment,mobile,69.6701518479391,0,0.0
4660,treatment,mobile,52.70879092042055,0,0.0
4661,control,desktop,18.583238994552648,0,0.0
4662,control,mobile,16.06427437983694,0,0.0
4663,treatment,desktop,17.642459786161613,0,0.0
4664,treatment,desktop,32.93243126432462,0,0.0
4665,control,desktop,40.604125017729515,0,0.0
4666,treatment,mobile,30.666660463722973,0,0.0
4667,control,desktop,53.35207033505011,0,0.0
4668,control,mobile,19.745608748246923,0,0.0
4669,treatment,desktop,34.5971620449268,0,0.0
4670,treatment,desktop,49.091208060325,0,0.0
4671,treatment,desktop,20.41605642277773,0,0.0
4672,treatment,desktop,17.982194588465916,0,0.0
4673,control,mobile,26.108766436147345,0,0.0
4674,treatment,desktop,127.78121023884492,0,0.0
4675,treatment,desktop,88.0795580601203,0,0.0
4676,treatment,mobile,27.569522052893944,0,0.0
4677,control,mobile,13.461033636905293,0,0.0
4678,treatment,desktop,26.064000231485647,0,0.0
4679,treatment,desktop,38.49480466012277,0,0.0
4680,treatment,desktop,32.8458911249658,0,0.0
4681,control,desktop,52.625147999201864,0,0.0
4682,treatment,mobile,58.724758047007825,1,88.74533321771767
4683,control,desktop,13.669308431374002,0,0.0
4684,control,mobile,102.47232077101329,0,0.0
4685,treatment,mobile,16.296632818606213,0,0.0
4686,treatment,mobile,24.702818829288805,0,0.0
4687,treatment,mobile,65.60531344307635,0,0.0
4688,treatment,desktop,27.160791643698786,0,0.0
4689,control,mobile,50.98317282157716,0,0.0
4690,treatment,desktop,66.01387567254153,0,0.0
4691,control,desktop,112.80447968106637,0,0.0
4692,treatment,desktop,9.768413473467433,0,0.0
4693,treatment,desktop,48.7281335496585,1,106.69288088218107
4694,treatment,mobile,23.792850588074295,0,0.0
4695,treatment,mobile,12.536368759354499,0,0.0
4696,treatment,mobile,46.59348427935369,0,0.0
4697,control,mobile,27.85560739448837,0,0.0
4698,treatment,mobile,18.798978593338205,0,0.0
4699,control,desktop,61.39729488795205,1,60.17650538835664
4700,treatment,desktop,10.61267208964834,0,0.0
4701,treatment,desktop,9.256141350499368,0,0.0
4702,control,mobile,18.77168227541898,0,0.0
4703,treatment,mobile,10.505883083235156,0,0.0
4704,control,desktop,17.28933532130291,0,0.0
4705,control,mobile,24.922291452823945,0,0.0
4706,treatment,desktop,7.217987631843003,0,0.0
4707,treatment,desktop,28.31009196403141,0,0.0
4708,control,desktop,4.488443916439619,0,0.0
4709,control,mobile,44.3764197152493,0,0.0
4710,control,mobile,40.109086701752766,0,0.0
4711,treatment,mobile,48.56661025846111,0,0.0
4712,treatment,mobile,39.24231785095165,1,27.958408719369203
4713,control,desktop,38.12055191671557,0,0.0
4714,control,mobile,41.39506586812858,1,48.24168978219015
4715,treatment,desktop,54.77533170798388,0,0.0
4716,treatment,desktop,39.02888508617477,1,53.38433433808737
4717,control,desktop,22.85249698441584,0,0.0
4718,treatment,desktop,71.22821600610227,0,0.0
4719,treatment,desktop,29.796306776774824,0,0.0
4720,control,desktop,14.690275427732718,0,0.0
4721,treatment,desktop,4.210268557287388,0,0.0
4722,control,desktop,74.90941359334532,0,0.0
4723,control,mobile,38.815438639020876,0,0.0
4724,control,desktop,58.53374308317857,0,0.0
4725,treatment,desktop,15.36519785865562,0,0.0
4726,treatment,desktop,15.44708534314411,0,0.0
4727,control,desktop,35.68065650331473,0,0.0
4728,control,desktop,28.723671289865305,0,0.0
4729,treatment,mobile,18.324899184688334,0,0.0
4730,treatment,mobile,23.83592496764008,0,0.0
4731,control,mobile,61.37765438234396,0,0.0
4732,treatment,desktop,47.37666379645131,1,68.30651558329836
4733,control,mobile,41.53006041766065,0,0.0
4734,control,mobile,54.461325300403296,0,0.0
4735,control,desktop,100.11670667990474,1,211.82223570099683
4736,control,mobile,9.198936708704508,1,130.01969771044529
4737,control,mobile,56.291054902006124,0,0.0
4738,control,mobile,17.288718773120678,0,0.0
4739,control,desktop,13.031076429922159,0,0.0
4740,treatment,mobile,49.41124256400835,0,0.0
4741,treatment,desktop,49.13452286408932,0,0.0
4742,control,mobile,98.6981788102076,1,38.40094133062746
4743,treatment,mobile,42.492736332101025,0,0.0
4744,treatment,mobile,6.6916846448296665,0,0.0
4745,control,mobile,31.529987820941283,0,0.0
4746,treatment,mobile,84.42084591448982,0,0.0
4747,control,mobile,41.493670488636525,0,0.0
4748,treatment,desktop,83.06061143614531,0,0.0
4749,treatment,mobile,54.072204197819815,0,0.0
4750,treatment,mobile,25.855310001854054,0,0.0
4751,treatment,mobile,26.482079572672394,1,29.369314119058544
4752,treatment,desktop,79.1460814097485,0,0.0
4753,treatment,desktop,11.714878945988874,1,51.929267017403255
4754,control,desktop,127.29253744138282,0,0.0
4755,control,desktop,38.69211724724011,0,0.0
4756,control,mobile,20.26666240375118,0,0.0
4757,control,desktop,10.266381257159736,1,54.99294332762133
4758,treatment,mobile,21.471636742918975,0,0.0
4759,control,mobile,47.27309649608688,0,0.0
4760,control,desktop,52.7321132909406,0,0.0
4761,control,mobile,33.555132647469804,0,0.0
4762,treatment,mobile,107.25682658385341,0,0.0
4763,treatment,mobile,102.30783433077502,0,0.0
4764,control,desktop,92.187082491996,0,0.0
4765,treatment,mobile,22.37049801566463,0,0.0
4766,control,desktop,41.46933376788661,0,0.0
4767,control,mobile,15.503353330078538,0,0.0
4768,control,mobile,18.21099141692582,1,33.05629929887318
4769,treatment,desktop,83.46344695098924,0,0.0
4770,control,desktop,43.69817499531429,0,0.0
4771,control,mobile,24.906680588718388,0,0.0
4772,control,mobile,107.68939490863477,0,0.0
4773,control,desktop,5.697803436674789,0,0.0
4774,control,desktop,17.128095500508586,0,0.0
4775,control,mobile,64.13884774561825,0,0.0
4776,treatment,desktop,38.60040883355088,0,0.0
4777,control,desktop,37.40780346003835,0,0.0
4778,treatment,desktop,114.97193361778501,0,0.0
4779,treatment,desktop,84.00738805649632,1,38.066884397758685
4780,treatment,mobile,7.664749214927537,0,0.0
4781,control,mobile,44.86600319523889,0,0.0
4782,treatment,mobile,15.389625106004916,0,0.0
4783,control,desktop,71.89743069514446,1,39.926900023558844
4784,treatment,desktop,30.354114207860782,0,0.0
4785,control,desktop,44.24604347009314,0,0.0
4786,control,desktop,43.21599972343522,0,0.0
4787,control,mobile,44.13347776716453,0,0.0
4788,treatment,desktop,41.581587528047805,0,0.0
4789,treatment,mobile,26.225075490797295,0,0.0
4790,treatment,mobile,53.29330041722279,0,0.0
4791,treatment,mobile,5.427291783168266,0,0.0
4792,control,desktop,19.79622470302973,0,0.0
4793,control,desktop,14.638629241205233,0,0.0
4794,treatment,mobile,61.572316293002025,0,0.0
4795,treatment,mobile,14.860185155356172,1,102.79876357976057
4796,control,desktop,18.300344686287517,0,0.0
4797,treatment,mobile,36.11993202714739,0,0.0
4798,treatment,mobile,36.145722914616194,0,0.0
4799,control,mobile,9.963038349891928,0,0.0
4800,treatment,mobile,10.023146374035361,0,0.0
4801,treatment,mobile,19.198239414859625,0,0.0
4802,control,desktop,5.637555216422584,0,0.0
4803,control,desktop,28.41393641218341,0,0.0
4804,treatment,desktop,16.805287737743487,0,0.0
4805,control,desktop,33.71621685718969,0,0.0
4806,control,desktop,44.10463598452753,0,0.0
4807,treatment,desktop,70.2836129596669,0,0.0
4808,control,mobile,12.985904240855406,0,0.0
4809,control,mobile,95.87165353226275,0,0.0
4810,control,mobile,33.07917039202225,0,0.0
4811,treatment,desktop,18.89062845342254,0,0.0
4812,treatment,desktop,17.228663872009918,0,0.0
4813,treatment,mobile,14.70379784564426,0,0.0
4814,control,desktop,18.90433541797115,0,0.0
4815,treatment,mobile,15.16002968314729,0,0.0
4816,treatment,mobile,42.43899091274673,0,0.0
4817,treatment,desktop,24.79719506637434,0,0.0
4818,treatment,desktop,80.43619502720915,0,0.0
4819,control,mobile,36.459984710781924,0,0.0
4820,treatment,mobile,31.394071507720163,0,0.0
4821,treatment,desktop,26.043329978799562,0,0.0
4822,treatment,mobile,29.953134920295263,0,0.0
4823,treatment,desktop,21.424370836603618,0,0.0
4824,treatment,mobile,33.84980144702535,1,28.84798588919986
4825,control,mobile,59.4595280923066,0,0.0
4826,control,desktop,5.52624497707283,1,82.27546249580166
4827,control,desktop,19.81563845390424,0,0.0
4828,treatment,mobile,61.111287790718514,0,0.0
4829,control,mobile,16.313103678814997,0,0.0
4830,treatment,desktop,62.7118715412183,0,0.0
4831,control,mobile,2.826767913155,1,21.514128032547003
4832,treatment,desktop,67.3175204289253,0,0.0
4833,control,desktop,17.553303724093958,0,0.0
4834,treatment,desktop,21.322204064059477,0,0.0
4835,control,desktop,28.07548982602392,0,0.0
4836,control,desktop,95.30184528639842,0,0.0
4837,treatment,mobile,9.112063288446366,0,0.0
4838,treatment,mobile,30.830767354587735,0,0.0
4839,treatment,desktop,31.11797786492911,1,85.50823496985004
4840,control,desktop,93.90743861622197,0,0.0
4841,treatment,desktop,44.13604767913544,0,0.0
4842,control,mobile,27.424352866394152,0,0.0
4843,control,mobile,27.607799823473798,0,0.0
4844,treatment,desktop,46.25485862278648,1,76.666458664286
4845,treatment,mobile,12.389673118381914,0,0.0
4846,treatment,desktop,51.92508178366644,0,0.0
4847,control,desktop,61.44435750145534,0,0.0
4848,control,mobile,38.60010163843588,0,0.0
4849,treatment,desktop,26.611295599272403,0,0.0
4850,treatment,desktop,83.88168005957667,0,0.0
4851,control,mobile,61.3031151006782,0,0.0
4852,control,desktop,39.38361048609432,0,0.0
4853,treatment,desktop,13.179107819826184,0,0.0
4854,control,desktop,17.520343803548283,0,0.0
4855,treatment,mobile,7.842068181580578,0,0.0
4856,control,mobile,48.0273692611112,0,0.0
4857,control,mobile,36.41986927082227,0,0.0
4858,treatment,desktop,36.09792241535925,0,0.0
4859,treatment,mobile,53.861837804910266,0,0.0
4860,control,mobile,19.02157701791975,0,0.0
4861,control,desktop,61.68201386112856,0,0.0
4862,treatment,desktop,14.975161045530704,0,0.0
4863,control,desktop,3.6879376381322,0,0.0
4864,treatment,mobile,2.733717360970131,0,0.0
4865,control,mobile,37.452870018780196,0,0.0
4866,treatment,mobile,10.575221637282592,0,0.0
4867,treatment,mobile,34.07376993458057,0,0.0
4868,control,mobile,47.57498545725883,0,0.0
4869,control,desktop,8.46666272189224,1,29.013310319862796
4870,control,desktop,3.348777653913318,0,0.0
4871,control,mobile,26.57951294425777,1,49.72402493503877
4872,control,desktop,15.313847306841616,0,0.0
4873,treatment,mobile,13.919626822318424,0,0.0
4874,control,desktop,60.02538733384504,0,0.0
4875,control,mobile,14.090842164106942,0,0.0
4876,treatment,desktop,41.79069793895746,0,0.0
4877,treatment,desktop,14.79649524273624,0,0.0
4878,treatment,desktop,52.285567844166614,0,0.0
4879,control,mobile,19.127094135763457,0,0.0
4880,control,desktop,89.19007721120671,1,102.1169480643279
4881,treatment,desktop,34.298574353683634,0,0.0
4882,control,desktop,64.6771882757476,0,0.0
4883,control,mobile,3.049996006988297,0,0.0
4884,control,desktop,64.76751861573422,0,0.0
4885,treatment,desktop,34.405297388381186,0,0.0
4886,treatment,desktop,5.618294033499432,0,0.0
4887,control,mobile,24.020288419397474,0,0.0
4888,treatment,desktop,30.571989643440855,0,0.0
4889,control,desktop,53.492125042569036,0,0.0
4890,treatment,mobile,26.284949476270683,0,0.0
4891,treatment,mobile,31.15921684372573,0,0.0
4892,control,desktop,63.239011333462386,0,0.0
4893,control,desktop,20.265737965392844,0,0.0
4894,control,desktop,38.9932287480246,0,0.0
4895,control,mobile,36.772696748608475,0,0.0
4896,control,mobile,20.247964336222402,0,0.0
4897,control,desktop,19.21674192865903,0,0.0
4898,control,mobile,26.411932788912274,0,0.0
4899,control,mobile,10.546736557421179,0,0.0
4900,control,desktop,45.84565395135122,0,0.0
4901,control,mobile,14.249975596223685,0,0.0
4902,treatment,mobile,14.696305915864912,0,0.0
4903,control,mobile,28.428947333625484,0,0.0
4904,treatment,mobile,32.49762411448088,0,0.0
4905,treatment,desktop,13.872555833664377,0,0.0
4906,treatment,mobile,6.65641186941479,0,0.0
4907,control,mobile,66.88581687977586,0,0.0
4908,treatment,desktop,31.165222330223923,0,0.0
4909,control,desktop,3.600713261561906,0,0.0
4910,treatment,mobile,94.67948210310823,0,0.0
4911,treatment,mobile,11.808436738616024,0,0.0
4912,treatment,mobile,25.20507843041448,1,73.88880742652789
4913,treatment,desktop,29.855305461428113,0,0.0
4914,control,desktop,31.821049453592135,0,0.0
4915,treatment,desktop,18.288344070129884,0,0.0
4916,control,mobile,28.153212419754187,0,0.0
4917,treatment,desktop,37.682481265912024,0,0.0
4918,treatment,mobile,26.73143846331833,0,0.0
4919,control,desktop,4.440530918857688,0,0.0
4920,treatment,mobile,11.48247149662006,0,0.0
4921,control,mobile,15.851026986445016,0,0.0
4922,treatment,desktop,56.78152983489027,0,0.0
4923,treatment,mobile,68.26998905381463,1,42.79430361029495
4924,control,mobile,31.36215857785367,1,69.86395234663397
4925,control,desktop,22.539940811254514,0,0.0
4926,treatment,desktop,37.05989350393306,0,0.0
4927,treatment,mobile,48.82553132060204,0,0.0
4928,control,desktop,49.83550708184606,0,0.0
4929,treatment,mobile,31.511365347548757,0,0.0
4930,control,mobile,73.46037847511373,0,0.0
4931,treatment,desktop,93.46688889653662,1,126.07433617566257
4932,treatment,mobile,30.560913520390987,0,0.0
4933,treatment,desktop,52.32154208016055,1,12.010809470473317
4934,control,mobile,4.179555218689197,0,0.0
4935,control,desktop,85.4370799310804,0,0.0
4936,treatment,mobile,12.74136593238799,0,0.0
4937,control,mobile,38.816120013266996,0,0.0
4938,control,mobile,46.02336309605967,0,0.0
4939,treatment,mobile,11.556114741137238,0,0.0
4940,control,desktop,56.19656792059302,0,0.0
4941,control,mobile,31.804222268117684,0,0.0
4942,control,desktop,20.35643393523212,0,0.0
4943,control,mobile,47.898049454912424,1,67.74273625553036
4944,treatment,mobile,44.3764003397566,0,0.0
4945,control,desktop,19.091875872789984,0,0.0
4946,treatment,desktop,26.183791755415182,0,0.0
4947,control,desktop,13.425336718922443,1,90.59349292684001
4948,control,mobile,82.56834489619877,0,0.0
4949,control,desktop,50.49671651656666,0,0.0
4950,control,desktop,49.46345431960471,0,0.0
4951,control,mobile,38.64281147630743,0,0.0
4952,control,mobile,43.005093000406916,0,0.0
4953,treatment,desktop,67.73965478869815,0,0.0
4954,treatment,mobile,23.33405810116477,0,0.0
4955,treatment,mobile,82.7387490932895,0,0.0
4956,treatment,mobile,49.28176866226685,0,0.0
4957,treatment,desktop,28.354475400974145,0,0.0
4958,control,mobile,108.63010658796368,0,0.0
4959,control,desktop,49.675261378215076,0,0.0
4960,control,desktop,49.83455281252296,0,0.0
4961,control,desktop,61.75299814859056,0,0.0
4962,treatment,mobile,27.224801863856904,0,0.0
4963,treatment,desktop,1.2227290181223862,0,0.0
4964,treatment,mobile,19.465032623303202,0,0.0
4965,treatment,desktop,56.079631382589554,0,0.0
4966,control,desktop,33.07943960831524,0,0.0
4967,treatment,desktop,132.12550051406132,0,0.0
4968,control,mobile,47.60547240160805,0,0.0
4969,control,desktop,21.685349175534476,0,0.0
4970,control,mobile,36.77872274307211,0,0.0
4971,treatment,desktop,34.673337717954354,0,0.0
4972,control,desktop,7.0549028812402925,0,0.0
4973,treatment,mobile,85.35209736279762,0,0.0
4974,treatment,mobile,29.437615668550837,0,0.0
4975,control,desktop,38.979073485825786,0,0.0
4976,treatment,desktop,7.889706009069838,0,0.0
4977,treatment,mobile,43.18735843132949,0,0.0
4978,treatment,mobile,10.784573836310276,0,0.0
4979,control,desktop,29.909063368045402,0,0.0
4980,control,desktop,48.77227519610199,0,0.0
4981,control,mobile,75.2504547178272,0,0.0
4982,control,mobile,11.71390894932906,0,0.0
4983,control,desktop,41.621742036637116,0,0.0
4984,control,desktop,29.51877131862359,0,0.0
4985,control,desktop,13.632762939458551,0,0.0
4986,control,desktop,30.04777840623231,0,0.0
4987,treatment,desktop,13.711233848713087,0,0.0
4988,treatment,mobile,25.41014592387321,0,0.0
4989,treatment,mobile,13.93168698751792,0,0.0
4990,control,mobile,91.66294257598922,0,0.0
4991,control,mobile,68.60962335444,0,0.0
4992,control,desktop,12.887154300180248,0,0.0
4993,treatment,mobile,68.59547421556897,0,0.0
4994,treatment,desktop,30.795901191285658,0,0.0
4995,control,mobile,20.738692573784398,0,0.0
4996,treatment,desktop,24.730295194247887,0,0.0
4997,control,desktop,50.23104324920201,0,0.0
4998,treatment,mobile,42.59782605930841,0,0.0
4999,control,mobile,8.097284292773,0,0.0
5000,treatment,mobile,8.782379612812221,1,38.912169444391274
5001,treatment,mobile,22.260120632790322,0,0.0
5002,control,desktop,34.84698919390584,0,0.0
5003,control,mobile,41.79110284617691,0,0.0
5004,control,desktop,11.628635930350573,0,0.0
5005,control,desktop,45.39862783398995,1,95.45836262022596
5006,control,mobile,6.983939253201684,0,0.0
5007,control,desktop,22.42229572025267,1,34.8836642977774
5008,control,desktop,22.833401018305945,0,0.0
5009,treatment,mobile,49.28629221841017,0,0.0
5010,control,desktop,103.6171931337332,0,0.0
5011,treatment,desktop,12.069070461263571,0,0.0
5012,treatment,desktop,13.726409222589009,1,98.94690513279421
5013,treatment,desktop,60.30852006454438,1,43.5521998738243
5014,control,desktop,1.7007710650985197,0,0.0
5015,treatment,desktop,25.330001932149088,0,0.0
5016,control,desktop,53.63039604146937,0,0.0
5017,treatment,mobile,48.71220641806385,0,0.0
5018,treatment,mobile,21.68994028261721,0,0.0
5019,treatment,desktop,14.8275306389628,0,0.0
5020,treatment,desktop,10.011020691530646,1,53.403688209510925
5021,control,desktop,28.644658954637812,0,0.0
5022,control,mobile,9.229650876004888,0,0.0
5023,treatment,desktop,28.427761502156468,0,0.0
5024,treatment,mobile,29.669712550601687,0,0.0
5025,control,desktop,52.982821963981436,0,0.0
5026,control,mobile,47.11348560263035,0,0.0
5027,treatment,mobile,109.56869623979256,0,0.0
5028,control,desktop,32.224247724247405,0,0.0
5029,control,desktop,8.6471035326209,0,0.0
5030,treatment,desktop,12.952252195090248,0,0.0
5031,treatment,desktop,20.79404500057166,0,0.0
5032,treatment,desktop,20.068913760237592,0,0.0
5033,treatment,desktop,47.76410725076271,1,11.36711642991541
5034,treatment,mobile,22.673963352005913,0,0.0
5035,control,mobile,17.95778813840447,0,0.0
5036,control,mobile,13.8422091127528,0,0.0
5037,control,mobile,16.609864189734175,0,0.0
5038,control,mobile,89.41882548298324,0,0.0
5039,control,mobile,26.59960890307505,1,36.98845811487572
5040,control,desktop,77.82963452200943,0,0.0
5041,control,desktop,63.640860646091824,0,0.0
5042,treatment,desktop,113.74396484184133,0,0.0
5043,treatment,mobile,31.56749842974637,0,0.0
5044,treatment,desktop,42.40847372289188,0,0.0
5045,treatment,mobile,23.818145335526925,0,0.0
5046,control,desktop,12.113716935209343,0,0.0
5047,treatment,desktop,17.55198140530965,0,0.0
5048,treatment,mobile,15.587446363356358,0,0.0
5049,control,desktop,38.4507800388713,0,0.0
5050,control,mobile,25.791618617635823,0,0.0
5051,treatment,mobile,14.879727510142889,0,0.0
5052,control,desktop,83.30140809764498,0,0.0
5053,treatment,desktop,64.08704377310114,0,0.0
5054,treatment,desktop,130.58575138707778,0,0.0
5055,control,mobile,22.735541567815936,1,108.44672505817279
5056,control,desktop,23.637864549203904,0,0.0
5057,treatment,desktop,12.057420834365114,0,0.0
5058,treatment,desktop,27.95626125728667,0,0.0
5059,treatment,mobile,20.35496954414939,0,0.0
5060,treatment,mobile,54.5352825544703,0,0.0
5061,treatment,desktop,37.05344142645921,0,0.0
5062,control,mobile,58.53211374375937,0,0.0
5063,control,mobile,23.571617466386115,0,0.0
5064,control,mobile,42.12754080963543,0,0.0
5065,control,mobile,62.98631130636175,0,0.0
5066,control,desktop,26.86325130098574,0,0.0
5067,control,mobile,69.25190259530515,0,0.0
5068,control,desktop,56.567615833276044,0,0.0
5069,control,mobile,14.827149164440305,0,0.0
5070,control,desktop,67.86210631516116,0,0.0
5071,treatment,mobile,53.77121647259163,0,0.0
5072,control,desktop,32.67047544407085,0,0.0
5073,control,mobile,26.253853593625927,0,0.0
5074,treatment,desktop,13.419225573039403,0,0.0
5075,treatment,desktop,88.84592093587216,0,0.0
5076,control,desktop,15.855710932200571,0,0.0
5077,treatment,desktop,29.643233987251875,0,0.0
5078,treatment,mobile,14.001413864352084,0,0.0
5079,control,desktop,31.35138136122416,1,68.28279782913506
5080,treatment,mobile,61.658031094037675,0,0.0
5081,treatment,mobile,17.825966698741368,0,0.0
5082,control,mobile,57.6289415981197,1,81.09032952329105
5083,treatment,mobile,16.849334868562707,1,44.90534670082172
5084,treatment,mobile,14.171459534502196,0,0.0
5085,control,desktop,30.893194611252692,0,0.0
5086,control,desktop,5.418185644441183,1,57.748764878579586
5087,treatment,desktop,43.10468350808213,1,71.86344346615505
5088,treatment,mobile,18.205711739042393,0,0.0
5089,control,mobile,18.668470072947073,0,0.0
5090,treatment,mobile,21.294401002266575,0,0.0
5091,treatment,desktop,83.37420903135833,0,0.0
5092,control,mobile,45.27827530949012,0,0.0
5093,control,mobile,10.366963643255687,0,0.0
5094,control,mobile,33.478415222551654,0,0.0
5095,treatment,desktop,63.63273716614004,0,0.0
5096,control,mobile,45.91833945796934,0,0.0
5097,control,desktop,57.669523220624264,0,0.0
5098,control,mobile,46.73563196488578,0,0.0
5099,control,mobile,48.78334774359135,0,0.0
5100,control,desktop,16.658662535553194,0,0.0
5101,control,mobile,57.16134867666981,0,0.0
5102,treatment,mobile,11.441715607597963,0,0.0
5103,control,desktop,30.968279034428278,0,0.0
5104,treatment,desktop,15.234793902459476,0,0.0
5105,treatment,mobile,21.856957440739343,0,0.0
5106,control,desktop,58.3146430245857,0,0.0
5107,treatment,mobile,41.47913171936952,0,0.0
5108,control,mobile,47.376444064047305,0,0.0
5109,treatment,mobile,34.28652524601746,0,0.0
5110,treatment,mobile,62.004495130435934,0,0.0
5111,control,desktop,98.73937214178675,0,0.0
5112,treatment,mobile,22.09458343854079,0,0.0
5113,treatment,mobile,12.89022436568711,0,0.0
5114,control,desktop,42.81699925142452,0,0.0
5115,treatment,desktop,36.43102001452456,0,0.0
5116,treatment,mobile,82.06849941439039,0,0.0
5117,treatment,mobile,40.12635626638342,0,0.0
5118,control,desktop,11.55890399077115,0,0.0
5119,control,desktop,79.07326509067889,1,39.54545667703849
5120,control,desktop,44.51492234431871,0,0.0
5121,treatment,mobile,24.07276794881897,0,0.0
5122,control,desktop,50.560703943343924,0,0.0
5123,control,mobile,27.279890230011507,0,0.0
5124,control,desktop,18.618639235945977,0,0.0
5125,treatment,desktop,11.869431183252923,0,0.0
5126,control,desktop,79.86714647818098,0,0.0
5127,treatment,desktop,26.149353282999318,1,27.70687175876656
5128,control,mobile,77.81267999386104,0,0.0
5129,treatment,mobile,6.144982365921576,0,0.0
5130,treatment,mobile,11.19400187892741,0,0.0
5131,control,mobile,126.71222325162177,0,0.0
5132,treatment,desktop,84.55579513074238,0,0.0
5133,control,mobile,37.35719031893007,0,0.0
5134,treatment,mobile,60.67455147312441,0,0.0
5135,control,mobile,4.9992471134806085,0,0.0
5136,treatment,mobile,35.35966901287879,0,0.0
5137,treatment,desktop,23.97007283606611,1,110.38262206839214
5138,control,desktop,51.042594452838415,1,91.84514084282038
5139,control,mobile,7.212285397829332,0,0.0
5140,control,mobile,53.76143404980613,1,23.89265720358683
5141,treatment,mobile,53.9002090343482,0,0.0
5142,control,mobile,136.13842392652842,0,0.0
5143,control,mobile,34.4432105012567,0,0.0
5144,treatment,mobile,45.96946594535274,0,0.0
5145,treatment,mobile,32.76459230029063,0,0.0
5146,treatment,mobile,106.89037221260078,0,0.0
5147,control,desktop,28.489861580306947,0,0.0
5148,control,desktop,49.208768984482624,0,0.0
5149,treatment,desktop,16.151882567119088,0,0.0
5150,control,mobile,51.68496374628995,0,0.0
5151,treatment,desktop,38.7076483567285,0,0.0
5152,control,desktop,20.784582284755892,0,0.0
5153,control,desktop,13.959674210833981,0,0.0
5154,treatment,mobile,23.696937881630898,0,0.0
5155,treatment,mobile,110.02330858143378,0,0.0
5156,treatment,mobile,45.035345324937154,0,0.0
5157,treatment,desktop,54.24709440674604,1,13.079065731946907
5158,treatment,mobile,22.33786321617178,0,0.0
5159,treatment,mobile,26.895957193118054,0,0.0
5160,treatment,mobile,84.27276170740699,1,29.03191666935222
5161,control,mobile,34.0182969980897,0,0.0
5162,control,desktop,22.57892775058575,0,0.0
5163,control,desktop,95.00810868175023,0,0.0
5164,control,desktop,17.152491853822568,0,0.0
5165,treatment,mobile,25.8160959174363,1,84.26456655493163
5166,control,desktop,9.988196026176354,0,0.0
5167,control,desktop,16.699470235007517,0,0.0
5168,control,desktop,12.6627487282333,0,0.0
5169,control,desktop,46.307408079183865,0,0.0
5170,control,desktop,71.23301850754801,0,0.0
5171,control,desktop,48.66858655307128,0,0.0
5172,control,desktop,38.713142453793424,0,0.0
5173,treatment,desktop,9.066553448194819,0,0.0
5174,treatment,mobile,103.24547472580072,0,0.0
5175,control,mobile,7.6013516714251885,0,0.0
5176,treatment,desktop,27.84595489273127,0,0.0
5177,control,mobile,47.30755924111872,0,0.0
5178,control,mobile,45.7110886846521,0,0.0
5179,control,desktop,4.103757335459769,0,0.0
5180,treatment,mobile,13.347583217561265,0,0.0
5181,control,mobile,29.60481021079328,0,0.0
5182,control,desktop,17.817108520798868,0,0.0
5183,treatment,mobile,21.56520354795424,0,0.0
5184,treatment,desktop,10.860718121123174,0,0.0
5185,treatment,desktop,6.6075538553371285,0,0.0
5186,treatment,mobile,58.14675564768518,0,0.0
5187,control,mobile,22.74168702367109,0,0.0
5188,control,desktop,18.020060143952776,0,0.0
5189,treatment,desktop,15.756455503775861,0,0.0
5190,control,desktop,41.529774278196754,0,0.0
5191,treatment,desktop,88.76771268717056,0,0.0
5192,treatment,desktop,39.30636923051731,0,0.0
5193,control,mobile,14.451967512683783,1,14.252248190665021
5194,control,mobile,92.18025639988741,0,0.0
5195,treatment,mobile,17.29102957785613,0,0.0
5196,treatment,mobile,5.486065762239138,0,0.0
5197,treatment,desktop,106.93292289181373,0,0.0
5198,treatment,mobile,72.97113277383464,0,0.0
5199,control,desktop,21.360065816345255,1,44.02784674221532
5200,control,mobile,28.59795600671653,0,0.0
5201,treatment,desktop,18.07192445029344,0,0.0
5202,control,mobile,51.83504293297425,0,0.0
5203,treatment,mobile,12.886023678091371,0,0.0
5204,control,desktop,16.51230311749087,0,0.0
5205,control,mobile,63.752851812407776,0,0.0
5206,control,desktop,32.14390721320861,0,0.0
5207,control,desktop,88.5032695560686,0,0.0
5208,control,mobile,44.77556182189709,0,0.0
5209,treatment,mobile,50.18601494235618,0,0.0
5210,treatment,mobile,9.201225904258308,0,0.0
5211,treatment,mobile,22.546292672009578,0,0.0
5212,control,mobile,20.044641858434197,0,0.0
5213,control,mobile,14.597555624806644,0,0.0
5214,control,desktop,20.531314303647925,0,0.0
5215,treatment,desktop,17.31400406382535,0,0.0
5216,treatment,mobile,77.60965691857488,0,0.0
5217,control,desktop,87.09761029645679,1,28.92922460568511
5218,treatment,desktop,49.9237341653032,0,0.0
5219,treatment,desktop,23.794293339979134,0,0.0
5220,control,desktop,61.27169815792112,0,0.0
5221,treatment,desktop,28.757144529414926,0,0.0
5222,treatment,mobile,122.88824197879683,1,150.62729562659706
5223,treatment,desktop,40.586079699113206,1,25.502537040777124
5224,control,desktop,51.85606534201946,1,65.02760802714617
5225,control,mobile,41.70522527522104,0,0.0
5226,treatment,desktop,17.03179970350819,0,0.0
5227,control,mobile,53.03571659633598,0,0.0
5228,control,desktop,31.066677180180967,0,0.0
5229,treatment,mobile,12.026717875064005,1,37.776986763481425
5230,treatment,desktop,47.354010691882394,0,0.0
5231,control,desktop,82.88025434237504,1,32.822931813907324
5232,treatment,mobile,108.94982559760572,0,0.0
5233,control,desktop,19.66904586055012,1,53.86722962281239
5234,control,desktop,23.3326555349332,0,0.0
5235,treatment,mobile,9.205523459600828,1,141.3692022286861
5236,treatment,desktop,33.10363940202188,0,0.0
5237,treatment,desktop,23.460425152398695,0,0.0
5238,control,mobile,37.34963945235094,1,28.30627924490072
5239,control,desktop,75.23056362634725,0,0.0
5240,treatment,mobile,25.7458713343062,0,0.0
5241,control,mobile,76.25844306300957,0,0.0
5242,treatment,desktop,66.26277597297023,1,49.286168535125796
5243,control,mobile,17.64957508585216,1,39.284676176741534
5244,control,mobile,38.78438436264738,0,0.0
5245,treatment,mobile,21.613510020514546,0,0.0
5246,treatment,mobile,17.333313625394446,0,0.0
5247,treatment,mobile,24.02941720636139,0,0.0
5248,control,desktop,53.61162034199411,0,0.0
5249,control,mobile,53.55182379530391,0,0.0
5250,treatment,mobile,10.926793360787244,0,0.0
5251,treatment,mobile,0.7004476189253119,0,0.0
5252,treatment,desktop,49.475992518659275,0,0.0
5253,control,desktop,29.676491720698746,0,0.0
5254,control,mobile,22.825892147705705,0,0.0
5255,control,desktop,4.237321745418396,0,0.0
5256,control,mobile,103.75821693302726,0,0.0
5257,treatment,mobile,59.28128990646044,0,0.0
5258,control,mobile,26.32986242527569,0,0.0
5259,treatment,mobile,97.87926777167918,1,32.636531670994266
5260,control,desktop,27.126246567501564,0,0.0
5261,treatment,desktop,26.92047828155882,0,0.0
5262,control,desktop,19.041294332014026,0,0.0
5263,control,desktop,74.6306658456999,1,79.23715955600584
5264,control,desktop,39.71447350988352,0,0.0
5265,control,mobile,103.43620362554667,0,0.0
5266,treatment,desktop,9.90607137761367,1,34.40281324697452
5267,control,mobile,74.69895467252145,0,0.0
5268,control,desktop,116.37739477380052,0,0.0
5269,control,desktop,6.288185607335503,0,0.0
5270,control,desktop,7.401651891676918,0,0.0
5271,control,mobile,39.55795834583224,0,0.0
5272,control,desktop,24.40326397037827,0,0.0
5273,treatment,desktop,76.79526136310012,0,0.0
5274,control,desktop,71.60962527194955,0,0.0
5275,control,desktop,16.222987675340644,0,0.0
5276,treatment,mobile,29.633095611641252,0,0.0
5277,treatment,mobile,68.89850433871285,0,0.0
5278,control,mobile,21.15022424386055,0,0.0
5279,control,desktop,30.084233717657035,0,0.0
5280,treatment,desktop,53.65878613674583,1,94.39689577474856
5281,treatment,mobile,47.557180214655226,0,0.0
5282,treatment,mobile,6.35886509943214,0,0.0
5283,treatment,mobile,22.413188086501044,0,0.0
5284,treatment,mobile,45.9203905120578,0,0.0
5285,treatment,desktop,25.00067671196763,0,0.0
5286,control,desktop,41.19077278030297,1,95.0633233006346
5287,treatment,mobile,47.288137202871006,0,0.0
5288,control,mobile,42.19840333858228,0,0.0
5289,control,mobile,41.85042181016891,0,0.0
5290,treatment,desktop,11.563930066424144,1,27.230585018134786
5291,control,mobile,43.484282594648214,0,0.0
5292,treatment,mobile,11.369098078362045,0,0.0
5293,control,desktop,36.226840052996316,0,0.0
5294,control,desktop,25.31054118119407,0,0.0
5295,control,mobile,44.148917456676784,0,0.0
5296,control,mobile,46.179053019162765,1,73.59638299867278
5297,treatment,desktop,85.16139731277777,0,0.0
5298,control,desktop,77.67459983364988,0,0.0
5299,control,desktop,90.23833266942994,0,0.0
5300,control,mobile,89.01278247115073,0,0.0
5301,control,mobile,56.473538286122384,0,0.0
5302,treatment,mobile,21.83064178225635,1,62.2088750855775
5303,control,mobile,20.577583177145232,0,0.0
5304,control,mobile,25.475399634284983,0,0.0
5305,control,mobile,92.36179802399052,0,0.0
5306,control,mobile,17.063736890188036,0,0.0
5307,control,desktop,37.35666640690644,0,0.0
5308,treatment,mobile,34.81520394969946,0,0.0
5309,treatment,desktop,22.80077236834193,0,0.0
5310,treatment,desktop,2.8846924638826743,0,0.0
5311,control,mobile,56.92766170827571,0,0.0
5312,control,desktop,89.1199175774124,0,0.0
5313,treatment,desktop,43.36204705391008,0,0.0
5314,treatment,desktop,23.30815922190009,1,34.943809967090274
5315,control,desktop,103.61495621783081,0,0.0
5316,treatment,desktop,23.709464071811958,0,0.0
5317,control,desktop,12.669714045709743,0,0.0
5318,control,desktop,14.98068382620996,0,0.0
5319,control,mobile,26.673083675802292,1,25.99820984823762
5320,treatment,desktop,49.98746278724969,0,0.0
5321,treatment,desktop,12.5889603383167,1,13.617315479852182
5322,control,mobile,19.65857158780431,0,0.0
5323,treatment,mobile,35.2681188779425,0,0.0
5324,control,mobile,28.94700384150412,0,0.0
5325,control,mobile,36.59299989296891,0,0.0
5326,control,desktop,39.20867163884062,0,0.0
5327,control,desktop,19.52765301525321,0,0.0
5328,control,mobile,13.561113117618426,0,0.0
5329,control,mobile,8.444713834165118,0,0.0
5330,control,desktop,13.371157247004362,0,0.0
5331,treatment,mobile,45.86493642156305,0,0.0
5332,treatment,desktop,67.50165625136349,0,0.0
5333,control,mobile,75.85726853206144,0,0.0
5334,control,desktop,55.317521452850464,1,48.551300331083645
5335,treatment,desktop,43.99038705978085,1,54.00479526177117
5336,control,mobile,35.91896910208048,0,0.0
5337,treatment,mobile,79.00237993614536,0,0.0
5338,treatment,mobile,126.41353732027447,0,0.0
5339,treatment,mobile,62.92017425407508,0,0.0
5340,treatment,mobile,10.904202276060513,0,0.0
5341,treatment,mobile,25.37375350506613,0,0.0
5342,treatment,mobile,17.832579393456953,0,0.0
5343,control,mobile,6.4575772281017,0,0.0
5344,treatment,desktop,36.587908543689025,0,0.0
5345,treatment,mobile,8.380597651149024,1,47.410768205754245
5346,control,desktop,26.07469832478534,0,0.0
5347,treatment,mobile,58.21229549742035,1,30.931328610549237
5348,treatment,desktop,10.472780568158939,0,0.0
5349,control,desktop,70.69166850054417,0,0.0
5350,treatment,mobile,99.27988909879465,0,0.0
5351,control,desktop,21.508878774088377,0,0.0
5352,treatment,desktop,38.29041359217329,1,41.24444261215547
5353,control,desktop,39.82792594055941,0,0.0
5354,control,desktop,11.993514347131535,0,0.0
5355,treatment,desktop,2.1633972678393536,0,0.0
5356,treatment,mobile,13.853742305493082,0,0.0
5357,control,desktop,29.751197754693003,0,0.0
5358,treatment,desktop,115.37964260104332,0,0.0
5359,treatment,mobile,24.026371144605353,0,0.0
5360,control,mobile,18.564582214913173,0,0.0
5361,control,desktop,24.240156757993297,0,0.0
5362,control,desktop,12.327398822597806,0,0.0
5363,control,mobile,19.137244088674464,0,0.0
5364,treatment,mobile,15.257005351413,0,0.0
5365,treatment,mobile,13.45664484999444,0,0.0
5366,control,mobile,53.062431089650275,0,0.0
5367,control,desktop,33.94382187787783,0,0.0
5368,treatment,mobile,21.72527640837368,0,0.0
5369,treatment,mobile,66.64672187447812,0,0.0
5370,treatment,mobile,33.374259142355584,0,0.0
5371,treatment,desktop,62.305262412418145,0,0.0
5372,control,desktop,59.64694391808977,0,0.0
5373,control,mobile,65.01211370812966,0,0.0
5374,treatment,desktop,29.472996877613717,0,0.0
5375,control,mobile,8.557622115033336,0,0.0
5376,control,desktop,22.48030614445705,0,0.0
5377,control,desktop,37.73489987529657,0,0.0
5378,treatment,mobile,70.63462002689033,0,0.0
5379,control,desktop,43.183437764914515,0,0.0
5380,control,mobile,5.858568098491412,0,0.0
5381,control,mobile,67.92030517407596,0,0.0
5382,control,mobile,4.928061288255411,0,0.0
5383,treatment,mobile,47.06082465066047,0,0.0
5384,control,mobile,58.41511009162882,0,0.0
5385,treatment,desktop,28.480391239100506,0,0.0
5386,control,desktop,19.434675022837133,1,22.8450415824225
5387,treatment,desktop,49.096751886626095,0,0.0
5388,treatment,desktop,22.69654694949907,0,0.0
5389,control,mobile,28.466676024087086,0,0.0
5390,treatment,mobile,35.62861914559627,0,0.0
5391,control,mobile,19.306873691358994,0,0.0
5392,control,desktop,54.18937640859273,0,0.0
5393,control,desktop,37.85499512835477,0,0.0
5394,control,desktop,103.63653913432015,1,104.53940403780429
5395,treatment,mobile,15.738908250931994,1,46.485275832649975
5396,treatment,mobile,12.291463053467282,0,0.0
5397,control,mobile,51.74232485352839,0,0.0
5398,treatment,desktop,21.499267542342587,0,0.0
5399,control,mobile,34.82926590473004,0,0.0
5400,control,desktop,76.38494263070889,0,0.0
5401,treatment,mobile,28.974973936612294,0,0.0
5402,control,desktop,35.822272944499176,0,0.0
5403,control,mobile,28.01596816962055,0,0.0
5404,treatment,mobile,38.213165925751674,0,0.0
5405,control,desktop,45.68306700433862,0,0.0
5406,treatment,mobile,7.7471617821913155,0,0.0
5407,control,mobile,30.083791655172792,1,92.04175693737064
5408,treatment,mobile,41.570079330412426,0,0.0
5409,treatment,desktop,26.460654016761694,0,0.0
5410,treatment,mobile,48.37484493492929,1,129.49417947531876
5411,control,mobile,43.462811011397434,0,0.0
5412,treatment,desktop,27.469211271889563,0,0.0
5413,treatment,mobile,38.197957856736686,0,0.0
5414,control,desktop,55.56262067074901,0,0.0
5415,control,mobile,38.36172933294765,0,0.0
5416,control,mobile,41.382157571846896,0,0.0
5417,treatment,mobile,49.230742646736445,0,0.0
5418,treatment,mobile,19.826637881842473,0,0.0
5419,control,mobile,40.92739408808478,0,0.0
5420,treatment,desktop,37.14730329067386,0,0.0
5421,control,desktop,60.125212496096296,1,32.04396901404367
5422,control,desktop,32.58704650363475,0,0.0
5423,treatment,desktop,61.643968439595284,0,0.0
5424,control,mobile,24.12824747244437,0,0.0
5425,treatment,desktop,58.48960716390206,0,0.0
5426,treatment,mobile,58.74153768848799,0,0.0
5427,control,desktop,38.474199017810115,0,0.0
5428,treatment,desktop,34.694154141764784,0,0.0
5429,treatment,mobile,47.66780024592333,0,0.0
5430,control,desktop,6.73269644287855,0,0.0
5431,control,mobile,35.80978615196151,0,0.0
5432,treatment,mobile,54.183612998037006,0,0.0
5433,treatment,desktop,64.7987648104114,1,29.327799536270177
5434,treatment,desktop,119.46369347222111,1,28.446185847340335
5435,control,desktop,1.6211631880061497,0,0.0
5436,treatment,desktop,30.90228888323509,0,0.0
5437,control,mobile,17.763590426250147,0,0.0
5438,treatment,desktop,13.659366949905603,0,0.0
5439,treatment,mobile,51.66150663156959,0,0.0
5440,treatment,mobile,59.46763339996671,0,0.0
5441,treatment,desktop,47.8611951342848,0,0.0
5442,control,desktop,10.750979069816742,0,0.0
5443,control,desktop,64.81375813976679,0,0.0
5444,treatment,mobile,22.857654513144915,1,34.891760327389214
5445,treatment,mobile,22.28188950734179,0,0.0
5446,control,mobile,23.94497480353072,0,0.0
5447,treatment,desktop,22.00674774739927,0,0.0
5448,control,desktop,48.33303849389006,0,0.0
5449,treatment,mobile,20.363192032865925,0,0.0
5450,treatment,desktop,41.87125975676332,1,58.94193353345364
5451,control,mobile,50.01589451921859,0,0.0
5452,treatment,mobile,4.776941226230767,1,51.22028383116996
5453,control,desktop,37.96946344806766,0,0.0
5454,control,desktop,81.902966511211,0,0.0
5455,treatment,mobile,15.032439369245196,1,54.70981224052618
5456,treatment,mobile,36.89211930874383,0,0.0
5457,control,desktop,43.50826840541274,1,31.630545553803373
5458,control,desktop,45.22888685231189,0,0.0
5459,control,desktop,39.689809053275724,0,0.0
5460,control,mobile,50.67441137350141,0,0.0
5461,control,desktop,8.468605444189226,0,0.0
5462,control,mobile,11.728582672269706,0,0.0
5463,control,desktop,10.975536265369003,0,0.0
5464,treatment,mobile,31.143317467889418,0,0.0
5465,control,mobile,51.16932985513776,0,0.0
5466,treatment,desktop,42.016735509982944,0,0.0
5467,treatment,mobile,70.516549973275,0,0.0
5468,treatment,mobile,37.64147439316476,0,0.0
5469,control,desktop,22.30750208185561,0,0.0
5470,treatment,mobile,56.80964793450981,0,0.0
5471,control,mobile,63.26317162537154,0,0.0
5472,treatment,mobile,77.54122810655697,0,0.0
5473,treatment,desktop,57.65581976239547,0,0.0
5474,control,mobile,41.97967071228649,0,0.0
5475,control,mobile,52.60560887399742,0,0.0
5476,control,desktop,100.94179408714814,0,0.0
5477,treatment,desktop,4.381105018515964,0,0.0
5478,control,mobile,38.01465026969366,0,0.0
5479,treatment,mobile,81.35469293505643,1,36.53708437793639
5480,control,desktop,59.91977009944301,0,0.0
5481,treatment,mobile,15.243929496410209,1,20.359615539988816
5482,treatment,desktop,59.652628688161904,1,43.946672667631795
5483,treatment,desktop,25.03353611961711,0,0.0
5484,control,desktop,41.969760997395475,0,0.0
5485,control,desktop,33.26239707060032,0,0.0
5486,treatment,desktop,28.13593171062156,0,0.0
5487,control,desktop,43.690820863217084,0,0.0
5488,control,desktop,26.203593291905804,0,0.0
5489,treatment,mobile,10.430869650426676,0,0.0
5490,treatment,desktop,32.07238371693307,0,0.0
5491,control,mobile,16.117953096652485,0,0.0
5492,control,desktop,49.67895273297235,1,51.75689801531418
5493,control,desktop,9.319292867495708,0,0.0
5494,treatment,mobile,10.78193418866272,0,0.0
5495,treatment,desktop,34.28412110463569,0,0.0
5496,treatment,mobile,11.475957189172224,0,0.0
5497,control,desktop,14.070757848375079,0,0.0
5498,treatment,mobile,62.493104072644044,1,133.89724651270444
5499,treatment,mobile,23.625284828837096,0,0.0
5500,control,mobile,34.52773586641896,1,69.11326140217196
5501,treatment,desktop,36.854599389475446,0,0.0
5502,treatment,desktop,24.08586767459175,0,0.0
5503,treatment,mobile,25.076247904164617,0,0.0
5504,control,desktop,24.927516738057648,1,80.58836817143732
5505,control,desktop,13.324686565992767,0,0.0
5506,treatment,desktop,37.64032943976328,0,0.0
5507,control,desktop,81.72001238180337,0,0.0
5508,treatment,mobile,17.177243987368406,0,0.0
5509,treatment,mobile,30.24805678825693,0,0.0
5510,treatment,mobile,6.261440604475531,0,0.0
5511,treatment,desktop,65.29393034731694,0,0.0
5512,treatment,mobile,27.47961623455536,0,0.0
5513,treatment,desktop,27.75078683440085,0,0.0
5514,control,desktop,82.80072868973221,0,0.0
5515,control,mobile,46.99530420732216,0,0.0
5516,treatment,mobile,36.1039869651808,0,0.0
5517,control,mobile,38.24242116962539,0,0.0
5518,treatment,desktop,39.71464767053339,1,133.51318110811286
5519,treatment,mobile,17.24105692796745,0,0.0
5520,control,desktop,9.123647458992112,0,0.0
5521,control,mobile,22.468205504907445,1,136.02023454852997
5522,treatment,mobile,28.965700166867375,0,0.0
5523,treatment,mobile,61.11487687043214,0,0.0
5524,treatment,desktop,5.047601244572232,1,51.96161266176459
5525,treatment,mobile,30.953455607520507,0,0.0
5526,treatment,mobile,51.77880742857627,0,0.0
5527,treatment,desktop,72.18267623607534,0,0.0
5528,treatment,mobile,52.343122964373414,1,32.360624052214355
5529,control,desktop,18.88873999642105,0,0.0
5530,control,mobile,64.09588359589061,0,0.0
5531,treatment,desktop,127.75591295550538,0,0.0
5532,treatment,mobile,23.797249677446292,1,38.32001801416199
5533,control,mobile,54.71291909342159,0,0.0
5534,treatment,desktop,15.920949979007002,0,0.0
5535,control,desktop,60.630641121737554,0,0.0
5536,control,mobile,6.148461085728827,0,0.0
5537,control,mobile,103.05182504143367,0,0.0
5538,control,desktop,49.38334004652021,0,0.0
5539,treatment,mobile,59.414382676826506,0,0.0
5540,control,desktop,27.96015263396565,0,0.0
5541,control,desktop,36.05303134633343,0,0.0
5542,control,desktop,39.7075102638441,0,0.0
5543,control,mobile,48.787644662063634,0,0.0
5544,control,desktop,72.73427854716087,0,0.0
5545,control,mobile,26.077373062271306,0,0.0
5546,treatment,desktop,30.851052958242473,0,0.0
5547,treatment,desktop,81.25380717467098,0,0.0
5548,treatment,desktop,26.67985197977934,0,0.0
5549,treatment,mobile,45.50076866894764,0,0.0
5550,control,desktop,93.02628135154023,0,0.0
5551,treatment,desktop,17.324715970810885,0,0.0
5552,treatment,mobile,74.84976325186528,1,32.095126368055546
5553,treatment,mobile,79.04824295851682,0,0.0
5554,treatment,mobile,22.671459809846368,1,48.12453844251944
5555,treatment,desktop,39.06482936083855,0,0.0
5556,treatment,desktop,28.04828411566573,0,0.0
5557,treatment,mobile,44.22948334736886,0,0.0
5558,control,desktop,6.278060518675797,0,0.0
5559,treatment,mobile,74.69781426661837,0,0.0
5560,control,desktop,20.19431965569122,0,0.0
5561,control,desktop,56.20565440964928,0,0.0
5562,treatment,mobile,17.80080385975949,0,0.0
5563,treatment,mobile,85.78503304923915,0,0.0
5564,control,mobile,51.87880309349414,0,0.0
5565,treatment,mobile,55.16802170625493,0,0.0
5566,control,mobile,59.492890907172544,0,0.0
5567,control,mobile,53.02270694325867,0,0.0
5568,treatment,mobile,28.35452328242287,0,0.0
5569,control,desktop,13.41671473346416,0,0.0
5570,control,mobile,12.992091452084278,0,0.0
5571,control,mobile,57.128816356731356,1,29.371749968832688
5572,treatment,desktop,43.30230711361378,0,0.0
5573,control,desktop,45.864459851060744,0,0.0
5574,treatment,mobile,41.771559493389525,0,0.0
5575,control,mobile,102.38107744006187,0,0.0
5576,treatment,mobile,13.88078261364729,0,0.0
5577,control,desktop,21.77745825376171,0,0.0
5578,treatment,mobile,28.465901476702633,0,0.0
5579,control,mobile,36.6366924429383,0,0.0
5580,treatment,mobile,30.061595371847357,0,0.0
5581,control,mobile,44.809988021754556,0,0.0
5582,treatment,desktop,48.3571587279856,0,0.0
5583,treatment,mobile,90.11054767867542,0,0.0
5584,treatment,desktop,26.22015782762645,0,0.0
5585,control,mobile,32.95059116924979,0,0.0
5586,treatment,desktop,8.752746114328374,0,0.0
5587,control,desktop,57.866754266171455,0,0.0
5588,control,mobile,42.51379594850776,0,0.0
5589,control,desktop,40.24704269538488,0,0.0
5590,control,mobile,31.054202745987624,0,0.0
5591,treatment,desktop,38.45881131504471,0,0.0
5592,treatment,desktop,4.427468486052264,1,10.820199215519743
5593,treatment,desktop,22.900206682061835,0,0.0
5594,treatment,mobile,25.905765829815426,1,43.005380347759406
5595,control,mobile,74.84203032271446,0,0.0
5596,treatment,mobile,129.12152182983172,1,35.06245902072173
5597,treatment,mobile,36.95003276021092,0,0.0
5598,treatment,mobile,39.07321785099077,0,0.0
5599,control,mobile,75.32192453740424,1,31.054473291834533
5600,control,mobile,50.841940472875436,0,0.0
5601,treatment,desktop,41.09230255197693,0,0.0
5602,control,mobile,68.4205615190154,0,0.0
5603,control,desktop,52.13305837443394,0,0.0
5604,treatment,mobile,11.202613025112516,0,0.0
5605,control,mobile,21.523082860203388,0,0.0
5606,control,desktop,52.00794754733974,1,65.06650027522326
5607,treatment,desktop,37.21919660921109,0,0.0
5608,control,desktop,65.74036556641583,0,0.0
5609,control,mobile,87.05895131311902,1,89.29638343699091
5610,control,desktop,8.021626432183371,1,40.172036161936546
5611,control,desktop,86.59431448579527,0,0.0
5612,control,desktop,27.76213001978611,0,0.0
5613,control,desktop,46.10914015462594,0,0.0
5614,treatment,mobile,41.110672015036165,0,0.0
5615,treatment,desktop,81.53204176935876,0,0.0
5616,treatment,desktop,62.835887860941135,1,142.20090717770782
5617,control,desktop,23.16560508084859,0,0.0
5618,control,desktop,37.97144850021831,0,0.0
5619,treatment,desktop,37.82701103524719,0,0.0
5620,control,desktop,10.089019676550844,0,0.0
5621,treatment,mobile,9.73147545337778,0,0.0
5622,control,desktop,42.48944997032388,0,0.0
5623,treatment,mobile,11.070540974229004,0,0.0
5624,treatment,desktop,5.812666588304194,0,0.0
5625,treatment,desktop,51.74568839274092,0,0.0
5626,treatment,mobile,20.812411215910508,0,0.0
5627,treatment,desktop,17.011794190376055,0,0.0
5628,control,desktop,22.467553580024067,0,0.0
5629,treatment,desktop,30.02078313142484,1,15.655393626563882
5630,treatment,mobile,54.224858688830466,0,0.0
5631,control,desktop,12.467453228298101,0,0.0
5632,treatment,desktop,30.87391084818474,0,0.0
5633,treatment,mobile,21.969309560435114,0,0.0
5634,treatment,desktop,5.734313713235312,0,0.0
5635,control,mobile,29.51998049064231,0,0.0
5636,treatment,mobile,16.20140495153576,0,0.0
5637,control,mobile,115.32334356758173,0,0.0
5638,treatment,desktop,26.755134099001225,0,0.0
5639,treatment,mobile,58.3753409052666,0,0.0
5640,treatment,desktop,54.49947403624626,0,0.0
5641,treatment,desktop,21.232214050453862,0,0.0
5642,control,mobile,11.45085808190422,0,0.0
5643,control,mobile,27.032423965176513,0,0.0
5644,treatment,mobile,20.68217276043995,0,0.0
5645,control,mobile,21.377073683154446,0,0.0
5646,control,mobile,19.222098250769076,0,0.0
5647,control,mobile,44.2394246256082,0,0.0
5648,control,desktop,131.08774404407495,0,0.0
5649,treatment,desktop,78.08417304195562,0,0.0
5650,control,mobile,46.98992873386388,1,27.031410648746867
5651,control,desktop,48.31161345797183,0,0.0
5652,control,desktop,39.1721089986942,0,0.0
5653,control,mobile,31.80104540018309,0,0.0
5654,control,desktop,20.30382341733379,0,0.0
5655,control,mobile,52.123544578414005,0,0.0
5656,control,mobile,5.898092395733502,0,0.0
5657,control,desktop,19.386286868667035,0,0.0
5658,treatment,mobile,28.489474011785163,0,0.0
5659,control,mobile,28.06772400974625,0,0.0
5660,control,desktop,45.644068704503695,1,69.17332348647452
5661,treatment,desktop,12.786174064905818,0,0.0
5662,treatment,mobile,49.291933300039084,0,0.0
5663,treatment,desktop,62.21222351313571,0,0.0
5664,treatment,desktop,46.30532072671468,0,0.0
5665,treatment,mobile,43.315625240233274,0,0.0
5666,control,desktop,79.00820311886554,0,0.0
5667,control,desktop,28.9767434996036,0,0.0
5668,control,desktop,21.94513444283313,0,0.0
5669,treatment,mobile,36.7804653630734,0,0.0
5670,control,desktop,46.05425742886532,0,0.0
5671,control,mobile,43.38850035708019,0,0.0
5672,treatment,desktop,53.20668326902244,0,0.0
5673,treatment,desktop,24.411284795378783,0,0.0
5674,treatment,desktop,87.16107430387865,0,0.0
5675,treatment,mobile,39.305304369244595,0,0.0
5676,control,desktop,20.045741153016976,1,68.16828298994918
5677,control,mobile,40.20793224625861,1,37.31289981776219
5678,control,desktop,16.32732153360668,0,0.0
5679,treatment,mobile,82.08738028241989,0,0.0
5680,treatment,mobile,49.51023023159393,1,34.29790846572688
5681,control,mobile,55.60010780156756,0,0.0
5682,treatment,mobile,49.87883319833987,0,0.0
5683,control,mobile,48.01282832511393,0,0.0
5684,treatment,mobile,24.31085773694821,0,0.0
5685,treatment,mobile,77.37466568967186,1,45.093301139881596
5686,control,desktop,29.02473933511832,0,0.0
5687,treatment,desktop,209.6603022182228,0,0.0
5688,control,desktop,8.725830419396466,0,0.0
5689,treatment,desktop,50.01732543204874,0,0.0
5690,control,mobile,41.50510263874766,0,0.0
5691,treatment,mobile,10.704609461033366,0,0.0
5692,treatment,mobile,15.540236736004847,1,53.788199147363315
5693,treatment,desktop,79.09189746249413,0,0.0
5694,control,desktop,56.25396941563854,0,0.0
5695,treatment,desktop,19.167265493990048,0,0.0
5696,control,mobile,39.98915119583032,0,0.0
5697,control,desktop,77.0799749683206,0,0.0
5698,control,desktop,17.301090364060222,0,0.0
5699,control,mobile,19.9376098166278,0,0.0
5700,treatment,mobile,36.35551037142738,0,0.0
5701,control,mobile,43.890070631706244,0,0.0
5702,treatment,mobile,28.07634004930054,0,0.0
5703,treatment,mobile,143.64027915908514,0,0.0
5704,treatment,desktop,31.383494187110138,0,0.0
5705,treatment,desktop,29.559450062094463,0,0.0
5706,treatment,mobile,36.5553568274248,0,0.0
5707,treatment,mobile,38.76134442863232,0,0.0
5708,control,mobile,57.560607559752874,0,0.0
5709,control,desktop,14.164077490235638,0,0.0
5710,treatment,desktop,51.3502258726371,1,23.34039460472732
5711,control,mobile,39.915442380025155,0,0.0
5712,control,desktop,24.661427569572343,0,0.0
5713,control,desktop,59.6081997823389,0,0.0
5714,treatment,mobile,25.873651227093216,0,0.0
5715,control,mobile,28.376097391825212,0,0.0
5716,treatment,mobile,68.8454826301846,0,0.0
5717,control,mobile,7.11135094716954,0,0.0
5718,treatment,desktop,7.927838608905685,0,0.0
5719,control,desktop,49.149517828168754,0,0.0
5720,control,mobile,64.07163061046418,0,0.0
5721,treatment,desktop,112.17710325201865,0,0.0
5722,control,desktop,80.90280416004575,0,0.0
5723,control,desktop,8.59212046375636,0,0.0
5724,treatment,desktop,63.346641521749156,0,0.0
5725,treatment,desktop,9.571791171088801,0,0.0
5726,treatment,mobile,43.76749014337217,0,0.0
5727,treatment,desktop,78.03400763134621,0,0.0
5728,control,desktop,55.69963573552897,0,0.0
5729,control,desktop,17.699395317238892,0,0.0
5730,treatment,desktop,61.52823129152558,0,0.0
5731,treatment,mobile,19.57967125438358,0,0.0
5732,treatment,mobile,12.008227117857999,0,0.0
5733,control,desktop,21.82076127250739,0,0.0
5734,treatment,desktop,15.50975093510951,0,0.0
5735,control,desktop,16.661347336277736,0,0.0
5736,control,desktop,24.565789352709672,0,0.0
5737,control,mobile,20.18201361486156,0,0.0
5738,treatment,mobile,37.70567785215128,0,0.0
5739,treatment,mobile,51.68801533428146,0,0.0
5740,treatment,desktop,9.141228574436779,0,0.0
5741,control,mobile,50.03243059413728,0,0.0
5742,control,mobile,62.69880988731344,0,0.0
5743,treatment,mobile,65.70769262173755,0,0.0
5744,control,mobile,46.701403952153186,0,0.0
5745,treatment,desktop,14.41685609719,0,0.0
5746,control,desktop,28.296131773066136,0,0.0
5747,treatment,desktop,29.048145660570977,0,0.0
5748,control,mobile,55.27538299768771,0,0.0
5749,control,mobile,50.97981233512955,0,0.0
5750,treatment,desktop,45.87868735177284,0,0.0
5751,control,desktop,16.25142114949074,0,0.0
5752,treatment,mobile,66.17534155526836,1,29.29533678868985
5753,control,mobile,12.594802878079856,0,0.0
5754,treatment,mobile,3.778105040924647,0,0.0
5755,control,mobile,35.662554167307114,0,0.0
5756,control,desktop,58.17092514292925,0,0.0
5757,control,mobile,69.56134840352108,0,0.0
5758,control,mobile,8.268779557359373,0,0.0
5759,control,desktop,10.068646482944835,0,0.0
5760,control,mobile,49.06199434585726,0,0.0
5761,control,mobile,21.7458814131496,0,0.0
5762,control,desktop,23.305406582380236,0,0.0
5763,control,mobile,45.8512241447903,1,56.98135083868925
5764,treatment,mobile,45.701827217662874,0,0.0
5765,control,mobile,83.520600989796,0,0.0
5766,control,mobile,18.81267334467298,0,0.0
5767,control,desktop,38.35622612856109,0,0.0
5768,control,mobile,86.27518034562331,0,0.0
5769,control,mobile,77.18038471191291,0,0.0
5770,control,desktop,39.66352559864006,0,0.0
5771,control,mobile,21.01131922136721,0,0.0
5772,control,mobile,55.38546639784826,0,0.0
5773,control,mobile,8.822251433266878,0,0.0
5774,control,desktop,67.73969438295059,0,0.0
5775,control,desktop,93.08979215195068,0,0.0
5776,treatment,desktop,12.370739582527433,0,0.0
5777,control,mobile,76.42358928925967,0,0.0
5778,treatment,desktop,44.80932692198124,0,0.0
5779,treatment,desktop,5.159511847542275,1,51.48480267798895
5780,control,desktop,30.22487454731998,0,0.0
5781,control,desktop,13.210394369509846,0,0.0
5782,treatment,desktop,7.874709651181604,0,0.0
5783,treatment,desktop,23.93961892687829,0,0.0
5784,treatment,desktop,31.912971718974518,0,0.0
5785,control,desktop,55.819963673248125,0,0.0
5786,control,desktop,22.34632526006914,0,0.0
5787,control,desktop,25.513328733550935,0,0.0
5788,treatment,desktop,22.486428486663442,0,0.0
5789,control,mobile,28.74443816339731,0,0.0
5790,treatment,mobile,54.30188645915255,0,0.0
5791,control,desktop,13.960524955707125,0,0.0
5792,control,mobile,22.744883217881014,0,0.0
5793,treatment,desktop,13.232189009281868,0,0.0
5794,treatment,desktop,17.8297864214314,0,0.0
5795,control,desktop,68.27298388336789,0,0.0
5796,control,mobile,9.973672616469115,0,0.0
5797,control,mobile,91.24151505063523,0,0.0
5798,control,mobile,63.99145787960948,0,0.0
5799,treatment,desktop,14.094433030800456,0,0.0
5800,control,desktop,37.61841730351394,0,0.0
5801,control,mobile,24.14863457621258,0,0.0
5802,control,mobile,13.655299376036357,0,0.0
5803,control,mobile,21.97999046395128,0,0.0
5804,control,mobile,43.21630513101294,0,0.0
5805,treatment,mobile,9.937643647967832,0,0.0
5806,treatment,desktop,41.42778438652251,0,0.0
5807,treatment,desktop,58.682562697118485,0,0.0
5808,treatment,desktop,139.23847331751466,0,0.0
5809,treatment,desktop,143.8645729568393,0,0.0
5810,treatment,desktop,15.46408590352528,0,0.0
5811,control,desktop,116.18575428284427,0,0.0
5812,control,mobile,8.329393097722482,0,0.0
5813,control,mobile,57.963953395064806,0,0.0
5814,treatment,desktop,6.292957458455407,0,0.0
5815,control,desktop,13.33951840138359,0,0.0
5816,control,mobile,62.714144728038505,0,0.0
5817,treatment,mobile,42.86187449624252,0,0.0
5818,control,mobile,14.613778139889819,0,0.0
5819,treatment,desktop,10.100913815663118,0,0.0
5820,treatment,mobile,31.82770978317306,0,0.0
5821,treatment,mobile,41.708575232770485,0,0.0
5822,treatment,desktop,56.33200930004291,0,0.0
5823,control,desktop,8.807278794905814,0,0.0
5824,treatment,mobile,34.189285699580296,0,0.0
5825,treatment,desktop,22.945836408908214,0,0.0
5826,treatment,desktop,34.06531832162712,0,0.0
5827,control,mobile,30.06808664426181,0,0.0
5828,treatment,desktop,9.143731134693017,0,0.0
5829,control,desktop,21.66790953278816,1,45.68574193371607
5830,treatment,desktop,10.781452826325005,1,82.07559814400358
5831,treatment,mobile,7.3797190936243515,0,0.0
5832,control,desktop,33.17990300430846,0,0.0
5833,treatment,desktop,22.45631656075866,0,0.0
5834,control,desktop,0.2364148227426047,0,0.0
5835,control,desktop,44.59037441165733,0,0.0
5836,control,mobile,29.69390262673805,0,0.0
5837,control,mobile,57.04989404198261,0,0.0
5838,control,mobile,21.551757135131403,0,0.0
5839,treatment,desktop,17.2165037206211,0,0.0
5840,control,desktop,49.52351425878932,0,0.0
5841,treatment,desktop,100.27318358587317,0,0.0
5842,treatment,mobile,53.304722597977786,0,0.0
5843,control,desktop,32.94444949626047,0,0.0
5844,treatment,mobile,19.89394832666901,0,0.0
5845,treatment,desktop,15.567952340981272,0,0.0
5846,treatment,mobile,17.000268443493262,0,0.0
5847,treatment,mobile,15.475869673651834,1,76.23763184041678
5848,control,mobile,62.38199304807189,0,0.0
5849,treatment,desktop,9.214317778576573,0,0.0
5850,treatment,mobile,19.461805815808397,0,0.0
5851,control,mobile,21.572048579071392,0,0.0
5852,treatment,desktop,10.255003020231516,0,0.0
5853,control,desktop,53.173328295310974,0,0.0
5854,control,mobile,15.899067564766675,0,0.0
5855,treatment,desktop,48.25274134640133,0,0.0
5856,treatment,desktop,47.05746155175041,0,0.0
5857,control,mobile,68.51632582543948,0,0.0
5858,treatment,mobile,5.632340427967102,0,0.0
5859,treatment,mobile,10.179467502460666,0,0.0
5860,control,mobile,4.7230842077000625,1,47.70310432519363
5861,control,mobile,109.85092057246857,1,87.65045345829766
5862,control,mobile,40.48775155384399,0,0.0
5863,control,desktop,112.00025552687012,0,0.0
5864,treatment,desktop,13.47409139793173,0,0.0
5865,control,mobile,43.134508737889085,0,0.0
5866,control,mobile,55.838210530641526,0,0.0
5867,control,mobile,69.13644435013494,0,0.0
5868,treatment,mobile,6.483867418773484,0,0.0
5869,control,desktop,13.511207509826772,0,0.0
5870,treatment,mobile,22.580108056821807,0,0.0
5871,control,mobile,23.97162620460035,0,0.0
5872,treatment,desktop,9.751621899423228,0,0.0
5873,treatment,mobile,37.37125053142644,0,0.0
5874,control,desktop,37.01185836846423,1,89.4932178134894
5875,treatment,desktop,35.66467196761435,0,0.0
5876,treatment,mobile,102.46130780975447,0,0.0
5877,treatment,desktop,19.55527539687405,0,0.0
5878,control,mobile,11.919091361680076,0,0.0
5879,treatment,mobile,67.02313308981111,0,0.0
5880,control,mobile,28.122932748870287,0,0.0
5881,treatment,desktop,24.840114064110995,0,0.0
5882,treatment,mobile,33.659465073890786,0,0.0
5883,control,mobile,24.647096897582863,0,0.0
5884,control,mobile,42.46857046655526,0,0.0
5885,control,desktop,15.788620980538134,0,0.0
5886,treatment,mobile,47.543525350011784,1,30.81448255766852
5887,treatment,desktop,62.26087226759741,1,50.041028778004794
5888,treatment,desktop,12.247637194578363,0,0.0
5889,treatment,mobile,67.67912121803975,0,0.0
5890,control,desktop,9.632576598807066,0,0.0
5891,control,desktop,36.18592455215144,0,0.0
5892,control,mobile,89.4880358448433,0,0.0
5893,control,desktop,49.41067162868463,0,0.0
5894,treatment,mobile,5.721076033081111,0,0.0
5895,control,desktop,8.807645291820968,0,0.0
5896,control,mobile,42.86232963921228,0,0.0
5897,treatment,mobile,25.212601112862746,0,0.0
5898,control,mobile,20.148675754033363,0,0.0
5899,control,desktop,18.251486174619185,0,0.0
5900,treatment,desktop,23.12295462716382,0,0.0
5901,control,mobile,53.98190017694312,0,0.0
5902,treatment,mobile,77.1050391978322,0,0.0
5903,control,desktop,41.16924827930701,1,25.438819627569636
5904,treatment,desktop,27.110796062679313,0,0.0
5905,treatment,mobile,21.307716859431473,0,0.0
5906,treatment,desktop,34.92840030412756,0,0.0
5907,control,desktop,12.156026221551642,0,0.0
5908,treatment,desktop,6.401869953056948,0,0.0
5909,control,mobile,34.49633580875428,0,0.0
5910,control,desktop,9.493161898043564,0,0.0
5911,control,mobile,52.20551112156934,0,0.0
5912,treatment,mobile,26.90743569288219,0,0.0
5913,treatment,desktop,57.387760632300704,0,0.0
5914,control,desktop,62.139724382200605,0,0.0
5915,control,desktop,11.886829774359452,0,0.0
5916,control,mobile,33.91535105214205,0,0.0
5917,control,desktop,45.443064232533,0,0.0
5918,treatment,mobile,25.121276815200957,0,0.0
5919,treatment,desktop,15.308656280288496,0,0.0
5920,control,mobile,29.076667506042128,0,0.0
5921,treatment,desktop,67.45834984819759,0,0.0
5922,treatment,desktop,39.58216529882641,0,0.0
5923,treatment,mobile,20.90500463528933,0,0.0
5924,control,mobile,77.611124717843,0,0.0
5925,control,desktop,39.53241750564678,0,0.0
5926,treatment,mobile,26.87009933408841,0,0.0
5927,treatment,desktop,38.07068186858069,0,0.0
5928,control,mobile,63.83324166492436,0,0.0
5929,treatment,mobile,13.62246007085706,0,0.0
5930,control,desktop,58.547918753994956,0,0.0
5931,treatment,mobile,106.95527249127625,0,0.0
5932,treatment,desktop,10.683567752065557,0,0.0
5933,treatment,mobile,16.096994655933436,0,0.0
5934,control,desktop,41.762097935006764,0,0.0
5935,control,mobile,28.408237302224787,0,0.0
5936,treatment,mobile,59.708306295810765,1,32.88754504623991
5937,treatment,desktop,14.581543827596237,0,0.0
5938,treatment,desktop,27.698745351812754,1,35.86595979977307
5939,control,desktop,16.50228850000736,0,0.0
5940,control,mobile,23.27219225624844,0,0.0
5941,treatment,mobile,5.806383797208885,0,0.0
5942,control,mobile,43.389226507410406,0,0.0
5943,treatment,mobile,25.116516430434967,0,0.0
5944,control,mobile,20.699706305607283,0,0.0
5945,treatment,desktop,23.7476781075021,0,0.0
5946,control,desktop,24.198495812366566,1,91.40623562592187
5947,treatment,desktop,51.83794527335314,0,0.0
5948,treatment,mobile,23.927771982629995,0,0.0
5949,treatment,desktop,45.63620179107279,0,0.0
5950,control,desktop,55.274694096283866,0,0.0
5951,treatment,desktop,30.764243024095546,0,0.0
5952,control,desktop,73.02061986811772,0,0.0
5953,treatment,mobile,83.8116662220324,0,0.0
5954,control,mobile,79.29416688912893,0,0.0
5955,treatment,mobile,23.277915470166462,0,0.0
5956,control,mobile,88.12671126635709,0,0.0
5957,treatment,desktop,18.862529069141168,0,0.0
5958,control,desktop,23.29451465604312,0,0.0
5959,treatment,mobile,17.340195560284403,0,0.0
5960,control,desktop,29.863521682179268,0,0.0
5961,control,mobile,80.23072955297818,0,0.0
5962,treatment,mobile,61.3279661964262,0,0.0
5963,treatment,desktop,37.17749171202057,0,0.0
5964,control,mobile,43.5114088666415,0,0.0
5965,treatment,desktop,14.730185861352357,0,0.0
5966,treatment,mobile,21.306186998152157,0,0.0
5967,treatment,desktop,54.54177105568205,0,0.0
5968,treatment,desktop,31.221750973308925,0,0.0
5969,treatment,desktop,28.379047964475504,0,0.0
5970,treatment,mobile,25.246979289268864,0,0.0
5971,treatment,desktop,61.46275508794236,0,0.0
5972,control,mobile,6.161007280861175,0,0.0
5973,treatment,mobile,14.103540524430011,0,0.0
5974,treatment,desktop,59.075959914324024,0,0.0
5975,treatment,mobile,13.57023142012772,0,0.0
5976,treatment,mobile,3.3044779687639854,0,0.0
5977,control,mobile,22.4397033361612,0,0.0
5978,treatment,mobile,55.548482186486524,0,0.0
5979,control,desktop,72.82039145567695,0,0.0
5980,control,mobile,22.887743416364156,0,0.0
5981,treatment,mobile,19.002952169409127,0,0.0
5982,control,desktop,48.34997440939322,0,0.0
5983,control,mobile,8.573766404179665,0,0.0
5984,treatment,desktop,41.203131004837005,0,0.0
5985,control,mobile,75.29560776552086,0,0.0
5986,treatment,desktop,38.33903869426154,1,147.0431573504588
5987,treatment,mobile,7.254622268787662,1,16.67965097918655
5988,treatment,mobile,28.642681829607163,0,0.0
5989,treatment,mobile,11.533924462371845,1,62.29208400529159
5990,treatment,desktop,123.3315383502996,0,0.0
5991,control,mobile,19.024202151432597,0,0.0
5992,control,mobile,11.04733964810611,0,0.0
5993,treatment,desktop,2.695924607011511,0,0.0
5994,control,mobile,62.7832585550373,0,0.0
5995,treatment,desktop,25.017349348377774,0,0.0
5996,treatment,desktop,45.492977092515325,0,0.0
5997,control,desktop,123.76719979762639,0,0.0
5998,treatment,desktop,23.455448122349715,0,0.0
5999,control,mobile,41.32262373213591,0,0.0
6000,treatment,desktop,18.26104905840155,0,0.0
6001,treatment,desktop,22.872382992142107,0,0.0
6002,control,mobile,39.641822481865006,0,0.0
6003,control,mobile,87.39093984315856,0,0.0
6004,control,mobile,23.06542927298027,0,0.0
6005,control,mobile,70.10432036196848,0,0.0
6006,control,mobile,33.98188838998232,0,0.0
6007,treatment,desktop,46.25964606256975,0,0.0
6008,treatment,desktop,22.6132901691255,1,49.88546084618371
6009,control,desktop,18.610005068483602,0,0.0
6010,control,mobile,57.180080450733406,0,0.0
6011,control,mobile,37.566155754223686,0,0.0
6012,control,mobile,82.58335041948425,0,0.0
6013,treatment,desktop,13.726021322062369,0,0.0
6014,treatment,mobile,44.57014289338736,0,0.0
6015,treatment,mobile,40.083920683305614,0,0.0
6016,treatment,desktop,48.295750636313954,0,0.0
6017,treatment,mobile,8.011753999660563,0,0.0
6018,treatment,desktop,23.141046357733927,1,39.46200509076722
6019,treatment,mobile,12.722472663865448,0,0.0
6020,treatment,mobile,78.79486824812493,1,30.001930928703178
6021,control,desktop,104.35137213839879,0,0.0
6022,treatment,mobile,25.77706870381748,0,0.0
6023,treatment,desktop,33.75271587619416,0,0.0
6024,control,desktop,32.30802059835937,0,0.0
6025,control,desktop,7.254672159534693,0,0.0
6026,control,desktop,10.810955519219688,0,0.0
6027,control,desktop,72.12733439607247,0,0.0
6028,control,desktop,5.215219842102504,0,0.0
6029,control,desktop,48.87243634232644,0,0.0
6030,treatment,desktop,14.27509242859452,0,0.0
6031,treatment,desktop,66.41843299533207,0,0.0
6032,control,mobile,28.618085039378343,0,0.0
6033,control,mobile,35.02574900657924,0,0.0
6034,treatment,mobile,10.342165576901039,0,0.0
6035,control,mobile,57.83233895196016,0,0.0
6036,treatment,desktop,55.00769073204726,0,0.0
6037,control,mobile,42.83334449808355,0,0.0
6038,treatment,desktop,22.09954960822868,0,0.0
6039,treatment,desktop,70.79725342704077,0,0.0
6040,treatment,desktop,69.09022405380978,0,0.0
6041,treatment,mobile,15.705435589529081,0,0.0
6042,treatment,desktop,44.87468732726549,0,0.0
6043,treatment,mobile,37.56648836481893,0,0.0
6044,control,desktop,19.784701121779623,0,0.0
6045,control,mobile,34.76626460812865,0,0.0
6046,control,mobile,70.81739438589247,0,0.0
6047,control,desktop,34.68775358844172,0,0.0
6048,treatment,desktop,46.019470256290035,0,0.0
6049,treatment,mobile,32.886249747916466,0,0.0
6050,treatment,mobile,82.7158717026293,0,0.0
6051,treatment,desktop,102.39804169320647,0,0.0
6052,treatment,desktop,46.24338422999017,0,0.0
6053,control,desktop,47.58579011112501,0,0.0
6054,control,mobile,6.85108880519448,0,0.0
6055,treatment,desktop,38.493294028782074,0,0.0
6056,control,mobile,16.345323731638707,0,0.0
6057,treatment,desktop,24.676347582943947,0,0.0
6058,treatment,desktop,39.75103548489672,0,0.0
6059,control,mobile,27.198119088047527,0,0.0
6060,control,mobile,55.92776368530487,1,21.773683121234946
6061,treatment,mobile,21.553824615306276,1,45.48840565884479
6062,treatment,mobile,25.59048558277887,0,0.0
6063,control,desktop,18.18462016299623,0,0.0
6064,control,mobile,13.368140694239559,0,0.0
6065,treatment,desktop,63.684538453012706,0,0.0
6066,treatment,mobile,27.667523296189476,0,0.0
6067,treatment,mobile,47.60665792223488,0,0.0
6068,control,desktop,56.42984120445775,0,0.0
6069,treatment,mobile,35.25979431203358,0,0.0
6070,control,mobile,31.386966244031186,1,2.3425349083579836
6071,treatment,mobile,41.97143287483067,1,82.29830167919182
6072,control,desktop,57.403190352799385,0,0.0
6073,treatment,desktop,23.729861651898894,0,0.0
6074,control,desktop,22.720364795741688,0,0.0
6075,control,desktop,20.05872676129064,0,0.0
6076,treatment,mobile,68.21524232977416,0,0.0
6077,control,mobile,54.49612626789903,0,0.0
6078,treatment,desktop,23.725398396234194,0,0.0
6079,control,desktop,2.824034815683025,0,0.0
6080,control,desktop,17.351989495722965,0,0.0
6081,control,mobile,48.85333762678974,0,0.0
6082,treatment,mobile,16.39693929438844,0,0.0
6083,control,mobile,20.714890920095577,1,10.40248217075201
6084,control,desktop,25.032425814736964,0,0.0
6085,treatment,mobile,9.66154087050203,0,0.0
6086,treatment,desktop,72.22606801190734,0,0.0
6087,control,desktop,33.04013858195716,0,0.0
6088,control,desktop,22.109216885400404,0,0.0
6089,treatment,desktop,33.25133166302473,0,0.0
6090,control,desktop,10.353023176846124,0,0.0
6091,treatment,mobile,7.175452602081679,0,0.0
6092,control,desktop,3.8503932022073153,0,0.0
6093,treatment,mobile,64.54714426930263,1,43.57836243955632
6094,treatment,mobile,69.69108114758205,0,0.0
6095,treatment,mobile,37.049032275776426,0,0.0
6096,control,desktop,25.607848759471157,0,0.0
6097,control,desktop,51.37420206043017,0,0.0
6098,control,mobile,47.14872268452613,0,0.0
6099,control,desktop,60.23389056937724,0,0.0
6100,control,desktop,46.55313925061786,0,0.0
6101,treatment,desktop,11.00435719401121,0,0.0
6102,treatment,desktop,13.788403524306414,0,0.0
6103,treatment,desktop,45.15546675076405,0,0.0
6104,control,desktop,34.95368539899312,1,40.54258567338475
6105,treatment,mobile,2.9069285442762944,0,0.0
6106,control,desktop,17.231969804772515,0,0.0
6107,control,desktop,15.79393621150792,0,0.0
6108,control,desktop,40.68909158165218,0,0.0
6109,control,mobile,60.68186245901023,0,0.0
6110,control,mobile,43.41239727903779,0,0.0
6111,control,mobile,19.19658718481392,0,0.0
6112,control,desktop,59.056276280445886,0,0.0
6113,control,desktop,28.163400453536912,0,0.0
6114,control,desktop,89.94181778400068,0,0.0
6115,control,mobile,95.1397621428494,0,0.0
6116,control,desktop,100.55928164989167,0,0.0
6117,treatment,mobile,12.241818067278263,0,0.0
6118,treatment,mobile,18.71954754963922,0,0.0
6119,treatment,mobile,66.34538080170171,1,132.39246274832146
6120,treatment,mobile,36.74073537259774,0,0.0
6121,control,mobile,60.01104922123294,0,0.0
6122,treatment,desktop,75.7014957725628,1,44.62478085133546
6123,treatment,desktop,39.066205183081344,0,0.0
6124,control,mobile,53.22637135882935,0,0.0
6125,treatment,mobile,30.274585350009907,0,0.0
6126,treatment,desktop,64.74109391515363,0,0.0
6127,treatment,desktop,38.304334855025466,0,0.0
6128,treatment,desktop,59.75310545603988,0,0.0
6129,control,desktop,113.15570097523151,0,0.0
6130,control,desktop,13.225706387122877,0,0.0
6131,control,mobile,23.907308263983694,1,36.693335413059756
6132,treatment,mobile,29.300988214711637,0,0.0
6133,treatment,mobile,178.54091676764907,0,0.0
6134,control,mobile,13.155140052408692,0,0.0
6135,treatment,desktop,59.87757844157035,0,0.0
6136,control,desktop,90.60381193857225,0,0.0
6137,treatment,desktop,43.26562188679322,0,0.0
6138,treatment,desktop,40.644927105441596,0,0.0
6139,control,desktop,52.45394900708445,0,0.0
6140,treatment,desktop,118.21098150448991,0,0.0
6141,treatment,desktop,69.99527696070908,0,0.0
6142,control,desktop,27.32720885058479,0,0.0
6143,control,desktop,79.17146118409504,0,0.0
6144,control,mobile,12.1520095975008,0,0.0
6145,treatment,desktop,11.818307900643445,0,0.0
6146,treatment,desktop,41.32333933572276,0,0.0
6147,treatment,mobile,24.55478873920635,0,0.0
6148,treatment,desktop,27.975024302682122,0,0.0
6149,treatment,desktop,61.13105098727093,0,0.0
6150,control,mobile,35.489153925898044,0,0.0
6151,treatment,mobile,14.381057627071295,0,0.0
6152,control,desktop,42.581519400756406,0,0.0
6153,treatment,mobile,43.928023016089746,0,0.0
6154,control,mobile,50.50064290996484,0,0.0
6155,control,mobile,18.849462926559166,0,0.0
6156,control,mobile,4.101361635026086,0,0.0
6157,treatment,mobile,27.820753916559312,0,0.0
6158,treatment,mobile,15.438882126069737,0,0.0
6159,control,desktop,31.916579346840305,1,48.02833399418278
6160,control,desktop,15.968267243722153,0,0.0
6161,treatment,mobile,104.04568940166129,0,0.0
6162,treatment,desktop,1.1184141910019738,0,0.0
6163,treatment,mobile,33.28347391411288,0,0.0
6164,treatment,desktop,36.19568270256607,0,0.0
6165,treatment,mobile,31.983526506641155,1,111.33271567473516
6166,control,desktop,70.08885144615337,0,0.0
6167,control,mobile,7.6357310346495835,0,0.0
6168,control,mobile,57.33100697422606,0,0.0
6169,treatment,desktop,11.097397335647978,0,0.0
6170,treatment,mobile,18.494034579544948,0,0.0
6171,control,desktop,12.44279041258981,0,0.0
6172,control,mobile,8.908748387653564,0,0.0
6173,treatment,mobile,5.039898927311727,0,0.0
6174,treatment,desktop,57.50294164025512,0,0.0
6175,control,desktop,17.37124238518086,0,0.0
6176,control,mobile,86.05595635279364,1,75.87630011751475
6177,treatment,desktop,47.02608949452403,0,0.0
6178,treatment,desktop,134.3663995578007,0,0.0
6179,control,desktop,66.50876419706643,0,0.0
6180,control,desktop,40.42857990026122,0,0.0
6181,treatment,desktop,8.109963732630277,0,0.0
6182,treatment,desktop,48.69494423268183,0,0.0
6183,control,mobile,53.04155244980993,0,0.0
6184,treatment,mobile,42.75859862985787,0,0.0
6185,treatment,mobile,92.5395592345174,0,0.0
6186,treatment,mobile,53.40382480307749,0,0.0
6187,treatment,mobile,91.30976015905263,0,0.0
6188,treatment,desktop,62.675405454532715,0,0.0
6189,control,desktop,15.90631955154291,0,0.0
6190,treatment,mobile,21.127976513630383,0,0.0
6191,control,desktop,62.62622157218804,0,0.0
6192,treatment,mobile,62.146062731002594,0,0.0
6193,treatment,desktop,37.606483603142166,0,0.0
6194,control,desktop,12.853448291035413,0,0.0
6195,treatment,desktop,73.7721723776982,0,0.0
6196,treatment,desktop,50.86685652079745,0,0.0
6197,control,mobile,39.31441484030127,0,0.0
6198,control,mobile,47.52227058111866,0,0.0
6199,control,desktop,73.01213950061397,1,14.102256823907314
6200,treatment,desktop,13.598943538810103,0,0.0
6201,treatment,desktop,30.427864604829466,0,0.0
6202,treatment,mobile,16.07726850071296,0,0.0
6203,control,mobile,9.938584661288274,0,0.0
6204,treatment,mobile,17.78307739777868,0,0.0
6205,control,mobile,48.11135183604189,0,0.0
6206,control,mobile,43.32159980420646,0,0.0
6207,control,mobile,41.19540834976854,0,0.0
6208,control,desktop,28.388649829532415,0,0.0
6209,control,desktop,12.979202200556728,0,0.0
6210,control,mobile,90.66544919795787,0,0.0
6211,treatment,mobile,32.88111504167855,0,0.0
6212,treatment,mobile,19.26327687661121,0,0.0
6213,treatment,desktop,78.40592551117712,0,0.0
6214,control,desktop,243.19278581986825,0,0.0
6215,control,mobile,81.10703373989242,1,55.11715672728172
6216,treatment,mobile,66.68064536166443,0,0.0
6217,treatment,mobile,19.063249330335307,0,0.0
6218,control,mobile,16.834559372554256,0,0.0
6219,treatment,mobile,40.86076056903646,0,0.0
6220,treatment,desktop,13.281136111356137,0,0.0
6221,control,desktop,101.24150686369671,0,0.0
6222,treatment,desktop,17.27753435862953,0,0.0
6223,control,mobile,34.79904829105085,0,0.0
6224,control,mobile,36.60350906672443,0,0.0
6225,control,desktop,101.05974413651924,0,0.0
6226,control,desktop,25.766077116456465,0,0.0
6227,treatment,desktop,24.02390451321587,0,0.0
6228,treatment,mobile,18.408897740579654,0,0.0
6229,control,mobile,9.752142684199304,0,0.0
6230,treatment,desktop,47.48656413557309,0,0.0
6231,control,mobile,42.07217897785975,0,0.0
6232,treatment,mobile,23.950359072952722,0,0.0
6233,treatment,desktop,69.95781688551294,0,0.0
6234,treatment,desktop,43.079263674921364,0,0.0
6235,treatment,mobile,5.508068535584939,0,0.0
6236,control,desktop,37.77103150984596,0,0.0
6237,treatment,desktop,33.944180469251776,0,0.0
6238,control,mobile,34.192713367629466,0,0.0
6239,control,mobile,15.941419075422123,0,0.0
6240,control,desktop,9.105948794587428,0,0.0
6241,treatment,desktop,12.313389135564655,0,0.0
6242,treatment,mobile,73.7240246927617,0,0.0
6243,control,desktop,31.137797663493846,0,0.0
6244,control,mobile,18.07968290392409,0,0.0
6245,treatment,mobile,6.494392625604403,1,26.714421890980056
6246,control,desktop,21.931617405212954,0,0.0
6247,control,mobile,25.40761718806669,1,3.3391768247280527
6248,control,desktop,15.929397212322542,0,0.0
6249,treatment,mobile,5.212867485211424,0,0.0
6250,control,desktop,17.704304089767636,0,0.0
6251,treatment,mobile,26.118142612077865,0,0.0
6252,control,mobile,21.187062081132538,0,0.0
6253,control,mobile,6.083041305803674,0,0.0
6254,control,mobile,36.528665235165974,0,0.0
6255,treatment,desktop,57.78487462888333,0,0.0
6256,treatment,desktop,34.09154078138796,0,0.0
6257,control,mobile,42.05815772224508,0,0.0
6258,control,mobile,43.266696648724704,0,0.0
6259,treatment,desktop,27.70239820409948,0,0.0
6260,treatment,mobile,70.64430323105157,0,0.0
6261,control,desktop,15.086197013431121,0,0.0
6262,control,mobile,58.77682012306867,0,0.0
6263,control,desktop,27.62664067022464,0,0.0
6264,treatment,mobile,87.11750854896108,0,0.0
6265,control,desktop,61.11907279610094,0,0.0
6266,treatment,desktop,12.682181984844833,0,0.0
6267,control,mobile,86.70146375649333,0,0.0
6268,control,desktop,2.7935612153243685,0,0.0
6269,treatment,mobile,19.808956465357845,0,0.0
6270,control,desktop,16.16234756239192,0,0.0
6271,treatment,desktop,48.62695041799627,0,0.0
6272,control,mobile,84.38361779315018,0,0.0
6273,treatment,mobile,16.105231659741445,0,0.0
6274,control,mobile,122.61715094709444,0,0.0
6275,treatment,mobile,112.64345082727444,0,0.0
6276,control,mobile,20.231337236106395,0,0.0
6277,treatment,mobile,116.77888951043839,0,0.0
6278,control,desktop,61.6487982722121,0,0.0
6279,control,mobile,6.028967260238095,0,0.0
6280,treatment,desktop,3.9152241666261545,0,0.0
6281,treatment,mobile,34.047569145833144,0,0.0
6282,control,mobile,40.450901799596565,0,0.0
6283,treatment,mobile,44.59800577377383,0,0.0
6284,treatment,mobile,52.49783027728115,0,0.0
6285,control,mobile,9.087871965246169,0,0.0
6286,treatment,desktop,68.01867787110425,0,0.0
6287,control,mobile,36.83859984293749,0,0.0
6288,control,desktop,2.6646350606826292,0,0.0
6289,treatment,mobile,23.636436329344242,0,0.0
6290,treatment,mobile,9.575422626076312,1,59.86196264699261
6291,control,mobile,5.735754293491055,0,0.0
6292,treatment,mobile,14.516457319892753,0,0.0
6293,treatment,desktop,39.26853994587211,0,0.0
6294,control,desktop,58.09102753068855,0,0.0
6295,treatment,mobile,39.4576554671593,0,0.0
6296,treatment,mobile,28.95709815734675,1,26.745047499821666
6297,treatment,mobile,67.49267262162113,0,0.0
6298,control,mobile,27.370712913752023,0,0.0
6299,treatment,desktop,21.49199549359146,0,0.0
6300,treatment,desktop,13.382673105112586,0,0.0
6301,treatment,desktop,47.35920537900763,0,0.0
6302,control,desktop,11.025329303635093,0,0.0
6303,treatment,mobile,51.96871370337795,0,0.0
6304,treatment,desktop,38.762050187460126,0,0.0
6305,control,desktop,58.64330977188886,1,26.681653912892813
6306,control,mobile,30.9453090560974,0,0.0
6307,control,mobile,106.1135539887828,0,0.0
6308,control,mobile,22.974566191545804,0,0.0
6309,control,mobile,22.04969629913402,1,88.87490205165
6310,control,mobile,24.6398693946278,0,0.0
6311,treatment,desktop,83.27951825716639,0,0.0
6312,control,desktop,27.912118630957565,0,0.0
6313,treatment,desktop,16.80807669105321,0,0.0
6314,control,desktop,68.8345646117968,0,0.0
6315,treatment,mobile,34.382790368030044,0,0.0
6316,treatment,mobile,44.44878901244007,0,0.0
6317,treatment,desktop,60.95062134556579,0,0.0
6318,control,mobile,10.605492020351724,0,0.0
6319,treatment,mobile,41.745360547478256,0,0.0
6320,control,desktop,63.59885122397981,1,33.38533770794456
6321,treatment,desktop,106.03028336796115,0,0.0
6322,treatment,desktop,37.020471291569336,1,150.5494750513336
6323,treatment,mobile,34.756756739893156,0,0.0
6324,control,desktop,38.03796067509162,0,0.0
6325,treatment,desktop,41.308280838384086,0,0.0
6326,treatment,mobile,120.72629652015648,0,0.0
6327,control,desktop,30.823789619219628,1,46.87691297934297
6328,treatment,desktop,95.72632442942636,0,0.0
6329,control,desktop,9.858546836049147,0,0.0
6330,treatment,desktop,31.321186437676136,0,0.0
6331,control,desktop,18.02544877346635,0,0.0
6332,control,desktop,39.73127306229303,0,0.0
6333,control,desktop,40.41618778552164,0,0.0
6334,treatment,desktop,53.236591285450565,0,0.0
6335,treatment,mobile,18.564201033858172,0,0.0
6336,control,mobile,27.482996759197405,1,42.978590205777394
6337,control,desktop,52.67359346032165,1,77.43454731835203
6338,treatment,mobile,62.586360371438815,0,0.0
6339,control,desktop,11.996812538780164,0,0.0
6340,control,mobile,64.82821079846501,0,0.0
6341,treatment,mobile,22.827156228666063,0,0.0
6342,treatment,mobile,31.62444053256091,0,0.0
6343,treatment,desktop,42.73962931419859,0,0.0
6344,control,desktop,21.311879642207927,0,0.0
6345,control,mobile,18.811159990816627,0,0.0
6346,treatment,mobile,14.985039682597751,0,0.0
6347,treatment,desktop,90.56183259794958,0,0.0
6348,treatment,desktop,42.7000448191772,0,0.0
6349,treatment,mobile,105.60957297938373,0,0.0
6350,treatment,mobile,15.04957900675361,0,0.0
6351,control,desktop,71.54619284474188,0,0.0
6352,treatment,desktop,41.64417227589954,0,0.0
6353,treatment,desktop,141.0393843594476,0,0.0
6354,control,desktop,28.673055777987354,0,0.0
6355,control,desktop,14.79389746127808,0,0.0
6356,treatment,mobile,34.73277209236962,0,0.0
6357,control,desktop,5.837142500050028,0,0.0
6358,treatment,desktop,25.170712350817425,0,0.0
6359,control,desktop,30.691676493622268,0,0.0
6360,treatment,mobile,25.867067625963628,0,0.0
6361,control,desktop,19.905916816922762,0,0.0
6362,treatment,desktop,39.9503259346341,0,0.0
6363,treatment,desktop,19.30565813825012,1,38.76117068371739
6364,control,desktop,79.4200088430402,0,0.0
6365,treatment,mobile,22.310327714051624,0,0.0
6366,control,mobile,37.70308894026635,0,0.0
6367,treatment,mobile,44.991910188324354,0,0.0
6368,control,desktop,37.909302625688916,0,0.0
6369,control,desktop,33.39701000512369,0,0.0
6370,control,mobile,45.6877354622946,0,0.0
6371,control,desktop,10.405547237612595,0,0.0
6372,treatment,desktop,66.26062345104836,0,0.0
6373,treatment,mobile,23.78654399876958,0,0.0
6374,control,desktop,18.51391948021988,0,0.0
6375,control,desktop,30.26424388858857,0,0.0
6376,treatment,mobile,62.3850086963617,0,0.0
6377,control,desktop,64.02987822107437,0,0.0
6378,control,desktop,51.642827565016304,0,0.0
6379,control,desktop,15.836515905703951,0,0.0
6380,control,desktop,50.06454348379103,0,0.0
6381,control,mobile,28.675533360251166,0,0.0
6382,treatment,desktop,19.368290461039056,0,0.0
6383,control,desktop,39.20961643412856,0,0.0
6384,control,mobile,22.166013156804553,0,0.0
6385,control,desktop,30.736473655420575,1,53.37527102125005
6386,treatment,desktop,66.77450656601289,0,0.0
6387,control,desktop,12.895974586541978,1,96.09663948548108
6388,treatment,mobile,50.967240995971785,0,0.0
6389,treatment,mobile,19.546267551431487,0,0.0
6390,control,mobile,21.72433236725608,0,0.0
6391,treatment,desktop,30.606480054994798,1,23.84293210800546
6392,treatment,mobile,20.48253337681981,0,0.0
6393,control,mobile,56.0195715327272,0,0.0
6394,control,desktop,6.570485290189929,0,0.0
6395,control,mobile,90.49808062833728,0,0.0
6396,control,mobile,18.1872630189677,0,0.0
6397,control,desktop,27.2152296646845,0,0.0
6398,control,desktop,46.35668566215369,0,0.0
6399,treatment,desktop,85.47199473665569,0,0.0
6400,control,desktop,13.654825395065071,0,0.0
6401,treatment,desktop,15.924899818284535,0,0.0
6402,control,desktop,30.937732976435047,0,0.0
6403,treatment,desktop,23.33379143942806,0,0.0
6404,treatment,mobile,20.58859600868167,0,0.0
6405,treatment,mobile,12.268554445188183,0,0.0
6406,treatment,mobile,144.77824506440936,1,30.89638587995459
6407,control,mobile,54.051231386949325,0,0.0
6408,control,desktop,8.618709621600992,0,0.0
6409,treatment,desktop,33.32220356900541,0,0.0
6410,treatment,desktop,35.25403713284043,0,0.0
6411,treatment,desktop,5.6756107324499805,0,0.0
6412,treatment,mobile,22.939552757296333,0,0.0
6413,treatment,desktop,44.63656431376299,0,0.0
6414,control,desktop,34.932735171231116,0,0.0
6415,treatment,mobile,11.41059124107731,0,0.0
6416,control,mobile,23.318241274092784,0,0.0
6417,control,desktop,76.33786927236841,1,34.27652472856781
6418,treatment,desktop,94.58070067818753,0,0.0
6419,control,desktop,33.21890073775304,0,0.0
6420,treatment,mobile,63.45679700293459,1,55.92909900176641
6421,treatment,mobile,19.59976454092316,0,0.0
6422,treatment,desktop,43.92824691802134,0,0.0
6423,treatment,mobile,31.894026493154016,0,0.0
6424,treatment,desktop,10.851750395483847,0,0.0
6425,control,desktop,22.522787526784388,0,0.0
6426,treatment,mobile,19.2361928378688,0,0.0
6427,control,desktop,70.13422948828405,1,156.02786461633536
6428,treatment,mobile,27.3093824654525,0,0.0
6429,control,mobile,31.198709262254386,0,0.0
6430,control,desktop,44.31171240330002,0,0.0
6431,treatment,mobile,11.033700527513645,0,0.0
6432,control,desktop,23.53883818280485,0,0.0
6433,control,mobile,54.57766119165476,0,0.0
6434,control,desktop,8.268457383537394,0,0.0
6435,treatment,desktop,15.931473100320613,0,0.0
6436,treatment,desktop,12.967377705971849,1,99.79047139204488
6437,control,desktop,46.477632889749565,0,0.0
6438,treatment,desktop,38.808256885732845,0,0.0
6439,treatment,desktop,19.046809489771277,0,0.0
6440,treatment,mobile,42.74707491763499,1,177.864900066972
6441,control,desktop,33.98218526065671,0,0.0
6442,control,mobile,24.533775254421993,0,0.0
6443,control,desktop,48.53444111999842,0,0.0
6444,treatment,desktop,82.90106723973759,1,37.44398207508647
6445,control,desktop,37.343266815063544,0,0.0
6446,treatment,mobile,123.5759225877583,0,0.0
6447,control,desktop,17.333253218292917,0,0.0
6448,control,desktop,44.81327777006835,0,0.0
6449,treatment,desktop,39.60195774609164,0,0.0
6450,treatment,desktop,4.8598665677095445,0,0.0
6451,treatment,mobile,9.021722516189447,0,0.0
6452,control,desktop,70.48502375896729,0,0.0
6453,control,mobile,42.337764301765546,1,17.0503632201763
6454,treatment,desktop,52.09821263241117,0,0.0
6455,control,mobile,12.774339157762746,0,0.0
6456,control,mobile,49.19425161509,1,48.703809224797475
6457,treatment,desktop,130.32995089966357,0,0.0
6458,treatment,mobile,83.01561017758495,0,0.0
6459,control,mobile,7.138450203237637,0,0.0
6460,control,desktop,6.128749525543844,0,0.0
6461,treatment,mobile,67.76148965082326,0,0.0
6462,treatment,desktop,12.399055278054803,0,0.0
6463,treatment,desktop,16.83072086206667,0,0.0
6464,control,desktop,6.674965723508461,0,0.0
6465,treatment,desktop,50.709229125675044,0,0.0
6466,control,desktop,53.372502452536004,0,0.0
6467,treatment,desktop,46.225913311570764,0,0.0
6468,treatment,desktop,42.54421378348091,0,0.0
6469,control,desktop,20.09142631432191,0,0.0
6470,control,mobile,54.386721169202744,1,13.755598108053002
6471,control,desktop,34.920321473341275,0,0.0
6472,control,desktop,64.60794412988204,1,102.38154515159218
6473,control,mobile,10.129387151618275,0,0.0
6474,control,mobile,9.358106962853073,0,0.0
6475,control,desktop,29.777140861532597,0,0.0
6476,treatment,desktop,15.153489877787248,0,0.0
6477,control,mobile,26.006149899287337,0,0.0
6478,control,desktop,23.77716935398614,1,23.011379391522617
6479,control,mobile,22.820084399613194,0,0.0
6480,control,desktop,10.034376694393321,0,0.0
6481,control,desktop,15.95143294580877,0,0.0
6482,treatment,mobile,5.824536980327312,0,0.0
6483,control,desktop,15.890703807982407,0,0.0
6484,control,mobile,20.255192127634658,0,0.0
6485,treatment,mobile,22.71201712212287,0,0.0
6486,control,mobile,26.4794668580218,0,0.0
6487,control,desktop,64.9624972005118,0,0.0
6488,control,desktop,40.3610958100591,0,0.0
6489,control,mobile,26.408730164392512,0,0.0
6490,control,mobile,52.92202414351962,0,0.0
6491,treatment,mobile,24.764880879672045,0,0.0
6492,treatment,mobile,55.298945717016885,0,0.0
6493,control,mobile,47.275138511289605,0,0.0
6494,treatment,desktop,28.111055589421593,0,0.0
6495,treatment,mobile,175.60147811227506,0,0.0
6496,treatment,desktop,22.54099008715373,0,0.0
6497,treatment,desktop,38.23977788331424,0,0.0
6498,treatment,desktop,84.86265641245517,0,0.0
6499,treatment,mobile,25.546370525250065,0,0.0
6500,control,desktop,18.39612225816473,0,0.0
6501,control,mobile,38.61776848523157,0,0.0
6502,treatment,desktop,42.76262758490251,0,0.0
6503,treatment,desktop,8.374043578058945,0,0.0
6504,control,mobile,16.813812979950495,0,0.0
6505,treatment,desktop,33.618670545611316,0,0.0
6506,treatment,desktop,15.685088741995754,0,0.0
6507,treatment,desktop,28.269182197162902,0,0.0
6508,treatment,desktop,61.968793930356334,0,0.0
6509,treatment,mobile,12.080707143940902,1,6.494093130969999
6510,control,desktop,21.60051400747129,0,0.0
6511,control,mobile,139.30223604727846,0,0.0
6512,treatment,mobile,47.6873794885359,0,0.0
6513,control,desktop,37.560397360500765,0,0.0
6514,treatment,mobile,35.09707110749433,0,0.0
6515,treatment,desktop,65.68166364660163,0,0.0
6516,control,mobile,75.24505579964367,0,0.0
6517,control,mobile,46.161614370714126,0,0.0
6518,treatment,desktop,23.929522905726778,0,0.0
6519,treatment,desktop,7.931124406809679,0,0.0
6520,control,mobile,15.977581861772336,0,0.0
6521,control,mobile,95.22778885711415,0,0.0
6522,treatment,mobile,8.604157605303833,0,0.0
6523,control,desktop,50.4002637020703,0,0.0
6524,control,desktop,15.021936796969872,0,0.0
6525,treatment,mobile,19.421590289921784,0,0.0
6526,treatment,desktop,31.593039869204983,1,37.304645925088195
6527,control,mobile,16.90936960742105,0,0.0
6528,control,mobile,70.8841936628424,0,0.0
6529,control,desktop,36.607468525201234,0,0.0
6530,control,mobile,35.517497463210496,0,0.0
6531,treatment,mobile,60.839275448157785,0,0.0
6532,control,mobile,114.25604639734948,0,0.0
6533,control,desktop,19.031427996904338,0,0.0
6534,control,desktop,54.5276435937052,0,0.0
6535,treatment,mobile,102.11849572662143,1,149.08506990700948
6536,treatment,desktop,50.99762092316897,0,0.0
6537,control,desktop,39.564917186675885,0,0.0
6538,treatment,desktop,6.150746767928199,0,0.0
6539,control,mobile,114.84179741974086,0,0.0
6540,treatment,mobile,30.551884300297747,0,0.0
6541,control,desktop,99.1252376358972,0,0.0
6542,control,desktop,58.75120647194505,0,0.0
6543,treatment,desktop,21.17739245409899,1,94.10067850293699
6544,control,mobile,38.40665102942957,0,0.0
6545,treatment,desktop,59.47685080694623,0,0.0
6546,treatment,mobile,2.8849758580752334,0,0.0
6547,treatment,desktop,55.94731576140625,0,0.0
6548,treatment,desktop,43.99436848761422,0,0.0
6549,control,mobile,38.01467664048199,0,0.0
6550,control,desktop,4.269727868412069,0,0.0
6551,control,desktop,3.819147092122306,1,8.011997830821201
6552,treatment,desktop,96.16121572371597,0,0.0
6553,treatment,mobile,38.30561463916031,0,0.0
6554,treatment,mobile,59.641736739598755,0,0.0
6555,treatment,mobile,8.72358828504468,0,0.0
6556,treatment,desktop,8.951574701634703,0,0.0
6557,control,desktop,120.96748386124928,0,0.0
6558,treatment,mobile,11.617147204275343,0,0.0
6559,treatment,mobile,36.801055038214926,0,0.0
6560,control,mobile,11.906695328417115,0,0.0
6561,treatment,desktop,41.64291861447318,1,50.22020123171312
6562,control,mobile,58.24305702775473,0,0.0
6563,treatment,mobile,9.643533094656398,0,0.0
6564,control,desktop,29.880871628240733,0,0.0
6565,control,desktop,56.39089553049522,0,0.0
6566,control,desktop,9.260296124839316,0,0.0
6567,control,mobile,66.3015913106659,0,0.0
6568,control,mobile,35.680921339209426,0,0.0
6569,treatment,desktop,15.922736163943307,0,0.0
6570,treatment,desktop,76.35314100688716,1,39.07099438839999
6571,control,mobile,94.58005586886591,0,0.0
6572,treatment,desktop,130.08550429328946,0,0.0
6573,treatment,desktop,35.371135284640104,0,0.0
6574,treatment,desktop,44.8811409981484,0,0.0
6575,control,mobile,49.54458896103968,1,18.00063953120276
6576,control,desktop,79.23264833038164,0,0.0
6577,control,mobile,32.54727353661648,0,0.0
6578,control,desktop,24.89164959658026,0,0.0
6579,treatment,desktop,36.28092262460809,0,0.0
6580,control,mobile,48.551076022557126,0,0.0
6581,treatment,mobile,87.42870675303139,1,40.977667591752045
6582,treatment,mobile,86.6854591030523,0,0.0
6583,treatment,desktop,34.843114807829956,0,0.0
6584,treatment,desktop,17.440918264652492,0,0.0
6585,treatment,desktop,13.06402329919318,0,0.0
6586,treatment,desktop,6.07855690468358,0,0.0
6587,control,desktop,57.88000176678102,1,159.0585099946968
6588,treatment,desktop,45.28806057532329,0,0.0
6589,control,desktop,35.024152570222334,0,0.0
6590,control,mobile,55.60266359572524,0,0.0
6591,control,mobile,15.844484735141698,0,0.0
6592,control,desktop,24.657834995893545,0,0.0
6593,control,desktop,11.484333641068684,0,0.0
6594,control,mobile,24.13468365445427,0,0.0
6595,treatment,desktop,69.68927644946332,1,116.1296074176956
6596,treatment,desktop,24.629358125238582,0,0.0
6597,control,desktop,92.2943492306112,0,0.0
6598,control,mobile,68.72860639939462,0,0.0
6599,treatment,desktop,36.47341961337025,0,0.0
6600,treatment,desktop,28.859707627547696,0,0.0
6601,control,desktop,31.9528974475884,0,0.0
6602,treatment,mobile,22.449426107689384,0,0.0
6603,control,mobile,41.4144650447339,0,0.0
6604,treatment,desktop,86.35194101344686,0,0.0
6605,treatment,mobile,43.138360366641706,1,54.26758467852192
6606,treatment,mobile,36.59838157572881,0,0.0
6607,treatment,desktop,5.330019325030703,0,0.0
6608,treatment,desktop,45.43196126776436,1,30.599161598344985
6609,control,desktop,8.993440060890128,0,0.0
6610,treatment,mobile,16.393597620789706,0,0.0
6611,treatment,desktop,24.52032596504703,1,90.15325619320984
6612,control,desktop,59.828258170670665,0,0.0
6613,control,desktop,10.370939055001147,0,0.0
6614,treatment,mobile,18.894165386969323,0,0.0
6615,treatment,desktop,91.76990714711269,1,116.41761667334333
6616,treatment,mobile,42.175463546745405,0,0.0
6617,control,mobile,55.47996563531812,0,0.0
6618,control,mobile,22.386789005900127,0,0.0
6619,control,mobile,67.88807884450219,0,0.0
6620,control,mobile,3.209605280139361,0,0.0
6621,treatment,mobile,30.94031463949498,0,0.0
6622,treatment,desktop,67.70734032953092,0,0.0
6623,treatment,mobile,34.92253194521104,0,0.0
6624,treatment,mobile,17.88878164661616,0,0.0
6625,control,desktop,11.702566490204374,0,0.0
6626,control,desktop,47.373735677967574,0,0.0
6627,control,mobile,86.52432559006144,0,0.0
6628,treatment,desktop,99.08304388914166,0,0.0
6629,treatment,mobile,10.981852080414573,0,0.0
6630,treatment,mobile,46.44207304939047,1,57.69550276966712
6631,treatment,desktop,8.967224069816048,0,0.0
6632,control,mobile,43.34417885367899,0,0.0
6633,treatment,desktop,39.13782806600045,0,0.0
6634,control,mobile,5.164503156614182,0,0.0
6635,treatment,mobile,8.384079613756594,0,0.0
6636,treatment,mobile,32.36765629659854,0,0.0
6637,treatment,mobile,35.258316123365184,0,0.0
6638,treatment,desktop,56.4680222722776,0,0.0
6639,control,mobile,46.12242585868093,0,0.0
6640,control,desktop,28.14886966296752,0,0.0
6641,control,mobile,35.01893068709958,0,0.0
6642,treatment,mobile,29.98512460930959,0,0.0
6643,control,mobile,37.32455187233335,0,0.0
6644,treatment,mobile,38.996974122640424,0,0.0
6645,control,mobile,60.46378561391031,0,0.0
6646,treatment,mobile,31.62794796729445,0,0.0
6647,treatment,desktop,26.16942656828931,0,0.0
6648,control,desktop,40.79322139566318,0,0.0
6649,treatment,desktop,15.883007944829686,0,0.0
6650,treatment,mobile,3.9984981661758514,0,0.0
6651,treatment,desktop,92.89485430979154,0,0.0
6652,treatment,mobile,19.117154379351184,0,0.0
6653,control,mobile,30.069761833621662,0,0.0
6654,treatment,desktop,108.98526414592142,0,0.0
6655,treatment,desktop,87.07633211778997,0,0.0
6656,treatment,mobile,47.455615422742156,0,0.0
6657,control,desktop,60.76883346085991,0,0.0
6658,treatment,desktop,80.03981657772928,0,0.0
6659,treatment,desktop,26.156549870754816,0,0.0
6660,treatment,desktop,97.6852245591785,0,0.0
6661,control,mobile,27.253132114884664,0,0.0
6662,control,desktop,29.01265456974975,0,0.0
6663,treatment,mobile,17.120524719890323,0,0.0
6664,treatment,mobile,74.14726707906121,0,0.0
6665,control,mobile,25.451376101994782,0,0.0
6666,treatment,desktop,52.6887900461141,0,0.0
6667,control,mobile,35.11657059466213,1,39.09661036289011
6668,treatment,mobile,16.45801471636289,0,0.0
6669,treatment,mobile,1.0695720326194185,0,0.0
6670,control,mobile,16.647518235024556,0,0.0
6671,treatment,desktop,37.978621920726404,0,0.0
6672,treatment,desktop,25.116176090527453,0,0.0
6673,treatment,mobile,33.26735960239172,0,0.0
6674,control,mobile,83.41397911090417,0,0.0
6675,control,desktop,34.94906268963924,0,0.0
6676,treatment,desktop,52.48195075197921,0,0.0
6677,treatment,desktop,30.73176341000716,0,0.0
6678,control,desktop,36.01540815975221,0,0.0
6679,control,mobile,29.7803520431054,0,0.0
6680,treatment,desktop,25.558635382384086,0,0.0
6681,control,desktop,27.639309045055164,0,0.0
6682,treatment,desktop,87.43819995111787,0,0.0
6683,control,desktop,7.573746021691282,0,0.0
6684,treatment,desktop,7.859612555309605,0,0.0
6685,control,desktop,157.0104502895364,1,17.31242815893717
6686,treatment,desktop,98.96208621925359,0,0.0
6687,treatment,mobile,6.473125163223251,0,0.0
6688,treatment,mobile,28.03949732259357,0,0.0
6689,control,desktop,26.224319757539778,0,0.0
6690,treatment,desktop,51.573474459979415,0,0.0
6691,control,desktop,41.36799007424514,0,0.0
6692,treatment,desktop,32.468395229160116,1,6.817356142034319
6693,control,mobile,229.13646638700754,0,0.0
6694,treatment,desktop,162.98399323967936,0,0.0
6695,control,mobile,16.26630226713953,0,0.0
6696,treatment,mobile,45.32033318277813,0,0.0
6697,treatment,mobile,47.34762178483188,0,0.0
6698,treatment,desktop,45.3211805473497,0,0.0
6699,control,desktop,18.588683182525084,0,0.0
6700,treatment,desktop,21.957527480842852,0,0.0
6701,treatment,mobile,50.94578599849107,0,0.0
6702,treatment,mobile,25.15625495577877,0,0.0
6703,control,desktop,19.215412832097854,1,14.895505177465044
6704,treatment,mobile,83.85290921740385,0,0.0
6705,treatment,desktop,73.1676675688642,0,0.0
6706,treatment,mobile,13.173896447999683,0,0.0
6707,treatment,desktop,36.68314792216163,0,0.0
6708,control,mobile,9.393220435936279,0,0.0
6709,control,desktop,14.428071533970366,0,0.0
6710,control,desktop,73.6859579044537,0,0.0
6711,treatment,mobile,55.38455236333347,0,0.0
6712,treatment,mobile,44.93647391231833,0,0.0
6713,control,desktop,57.892282821263436,0,0.0
6714,control,mobile,19.367312449769926,0,0.0
6715,treatment,desktop,69.24085147132794,0,0.0
6716,treatment,desktop,78.83248225063525,0,0.0
6717,control,mobile,25.325941536429404,0,0.0
6718,control,mobile,37.62579515503583,0,0.0
6719,treatment,desktop,7.901560379066257,0,0.0
6720,control,desktop,25.494678069193068,0,0.0
6721,treatment,desktop,1.0732322131660594,0,0.0
6722,treatment,mobile,17.934404207056872,0,0.0
6723,treatment,desktop,40.20699158840425,0,0.0
6724,control,mobile,4.688088942978263,0,0.0
6725,treatment,mobile,12.352768321053318,0,0.0
6726,treatment,mobile,15.333891362371293,1,85.90057814039814
6727,control,mobile,29.848687976794178,0,0.0
6728,treatment,desktop,37.74939606536399,0,0.0
6729,treatment,mobile,64.79069738298287,0,0.0
6730,treatment,desktop,22.36250412680382,0,0.0
6731,control,mobile,19.550865415129085,0,0.0
6732,control,desktop,16.251586675565164,0,0.0
6733,treatment,desktop,28.247362562618036,0,0.0
6734,control,desktop,72.2561201382405,0,0.0
6735,treatment,mobile,29.394169546512412,0,0.0
6736,control,desktop,17.284151606415826,0,0.0
6737,control,desktop,9.041091367733857,0,0.0
6738,control,desktop,32.42529193321248,1,28.110528883462823
6739,control,mobile,13.234471028409283,0,0.0
6740,treatment,mobile,22.92012940741769,0,0.0
6741,control,mobile,16.900202773725237,0,0.0
6742,treatment,mobile,24.42147717989094,1,42.3210317955884
6743,control,desktop,21.057107473210475,0,0.0
6744,treatment,desktop,123.46928023789268,1,39.87199598403774
6745,control,mobile,5.571309719293575,0,0.0
6746,control,mobile,31.16169100049155,0,0.0
6747,control,desktop,34.52445962096584,0,0.0
6748,treatment,desktop,16.989293907050126,0,0.0
6749,treatment,mobile,5.341564623434475,0,0.0
6750,treatment,mobile,3.733306580864306,0,0.0
6751,control,mobile,110.63367329188085,0,0.0
6752,treatment,desktop,46.87780907254318,0,0.0
6753,treatment,desktop,14.098091818100741,0,0.0
6754,treatment,mobile,65.97641630072303,0,0.0
6755,treatment,desktop,112.61305650322274,0,0.0
6756,control,mobile,16.977261787855813,0,0.0
6757,control,mobile,55.83000811393318,0,0.0
6758,treatment,mobile,8.95647921748001,0,0.0
6759,control,desktop,31.380370472459322,0,0.0
6760,treatment,desktop,37.291585684795294,0,0.0
6761,control,mobile,18.92259344924032,0,0.0
6762,treatment,desktop,37.09202552729891,0,0.0
6763,treatment,mobile,60.02034749114309,0,0.0
6764,control,desktop,8.429794428959262,0,0.0
6765,treatment,mobile,20.907170932345412,0,0.0
6766,treatment,desktop,55.14851987103739,0,0.0
6767,control,mobile,5.9742925961439095,0,0.0
6768,control,desktop,37.8367672515993,0,0.0
6769,control,desktop,9.146435734727959,0,0.0
6770,treatment,desktop,29.718511402388454,0,0.0
6771,treatment,desktop,7.218619801985588,1,76.32031828000113
6772,treatment,desktop,57.770637699427176,0,0.0
6773,treatment,mobile,31.568374865640422,0,0.0
6774,treatment,desktop,14.122524505264945,0,0.0
6775,treatment,mobile,21.3133446022325,0,0.0
6776,control,mobile,6.7799640892460245,0,0.0
6777,treatment,mobile,63.17163050607525,0,0.0
6778,treatment,desktop,81.74014928775685,0,0.0
6779,control,desktop,112.6002288496066,0,0.0
6780,control,mobile,59.92577747686169,0,0.0
6781,control,mobile,48.084896840330984,1,56.23335570495083
6782,treatment,desktop,12.812943234836867,0,0.0
6783,control,mobile,26.933274480563636,0,0.0
6784,control,desktop,31.084695719228613,0,0.0
6785,control,desktop,38.54571741376138,0,0.0
6786,control,mobile,21.57138000534073,0,0.0
6787,control,desktop,41.67154564878679,0,0.0
6788,treatment,desktop,33.552292386569896,1,35.576296046930146
6789,control,desktop,20.128441646584715,0,0.0
6790,control,desktop,40.98563592477713,0,0.0
6791,control,desktop,32.46068304493463,0,0.0
6792,control,mobile,57.000979211014965,0,0.0
6793,control,mobile,7.2636831509759014,0,0.0
6794,control,mobile,11.674380973692262,1,15.390854592217556
6795,treatment,desktop,43.602813733661065,1,58.032185887212556
6796,treatment,desktop,19.049084577676535,0,0.0
6797,treatment,desktop,29.96089875423566,0,0.0
6798,control,desktop,9.53593323828144,0,0.0
6799,control,desktop,24.629937624087994,0,0.0
6800,control,mobile,14.600189659399653,0,0.0
6801,treatment,desktop,28.571457091326977,0,0.0
6802,treatment,mobile,70.66247679059325,1,255.14734332423015
6803,treatment,mobile,92.76270439129286,0,0.0
6804,treatment,mobile,23.19370462502082,1,52.29744954433629
6805,control,mobile,49.01112966503778,1,64.79485445238805
6806,treatment,mobile,44.04739956052006,1,6.724752778194253
6807,control,desktop,33.55616046707488,0,0.0
6808,treatment,mobile,5.916881611690114,0,0.0
6809,treatment,desktop,29.956368782404688,0,0.0
6810,control,desktop,58.45923239814596,0,0.0
6811,treatment,mobile,18.627458488500906,0,0.0
6812,treatment,mobile,18.502112186068832,0,0.0
6813,treatment,mobile,70.46076534282604,0,0.0
6814,treatment,mobile,14.869203674815045,0,0.0
6815,control,mobile,34.498402320342336,0,0.0
6816,treatment,desktop,76.61217831775113,0,0.0
6817,treatment,desktop,9.440733677651552,0,0.0
6818,control,mobile,109.25765518619164,0,0.0
6819,treatment,mobile,4.852295771674004,0,0.0
6820,treatment,desktop,72.67426006491202,0,0.0
6821,treatment,mobile,20.03950254334856,1,54.30480114818728
6822,treatment,mobile,16.586235611192613,0,0.0
6823,control,mobile,7.184507583621473,0,0.0
6824,treatment,mobile,10.96045742337852,0,0.0
6825,treatment,desktop,63.06618611793282,0,0.0
6826,control,mobile,7.733098118652934,0,0.0
6827,treatment,desktop,20.080345507424674,1,91.68344292020834
6828,treatment,mobile,20.855778694665993,0,0.0
6829,control,mobile,15.582450679813745,0,0.0
6830,treatment,desktop,60.46697863683586,1,60.39746358560175
6831,control,mobile,36.09829579127529,0,0.0
6832,control,mobile,44.52594513681204,0,0.0
6833,control,desktop,115.87518041805458,0,0.0
6834,control,desktop,125.33750465826323,1,116.66279025927669
6835,treatment,desktop,30.190506790227705,0,0.0
6836,treatment,mobile,69.68438586443355,0,0.0
6837,control,desktop,15.23720111089105,0,0.0
6838,control,mobile,31.030112580048147,0,0.0
6839,treatment,mobile,25.275511637934468,1,71.70512942144781
6840,control,mobile,59.31828998689507,0,0.0
6841,treatment,desktop,13.616558913832861,0,0.0
6842,treatment,mobile,31.068958379229365,0,0.0
6843,treatment,desktop,55.77096421229187,0,0.0
6844,treatment,mobile,13.346577356376839,0,0.0
6845,treatment,desktop,34.26267551423623,0,0.0
6846,control,mobile,21.63924830620783,0,0.0
6847,treatment,mobile,4.933466229406948,0,0.0
6848,treatment,desktop,29.209905246044382,1,34.088920787908386
6849,control,mobile,22.65982469242369,0,0.0
6850,control,desktop,51.79094188774535,0,0.0
6851,treatment,desktop,24.825335657632095,0,0.0
6852,treatment,mobile,40.605638634739904,0,0.0
6853,treatment,mobile,15.16876461327172,0,0.0
6854,control,mobile,50.35735538882623,0,0.0
6855,control,mobile,80.36204579896437,0,0.0
6856,control,mobile,19.105520657675264,0,0.0
6857,control,desktop,38.787535451699014,0,0.0
6858,control,mobile,17.11489374427294,0,0.0
6859,control,desktop,57.53861385923294,0,0.0
6860,control,mobile,10.810714490969719,0,0.0
6861,treatment,desktop,50.97870715661628,0,0.0
6862,treatment,mobile,27.33038340273218,0,0.0
6863,treatment,desktop,53.49566729969421,0,0.0
6864,control,mobile,30.556031150379127,0,0.0
6865,treatment,mobile,46.715199750657504,0,0.0
6866,control,desktop,62.55508855443956,0,0.0
6867,control,mobile,22.898173463364024,0,0.0
6868,control,desktop,17.649172941393974,0,0.0
6869,treatment,desktop,10.269553832817984,0,0.0
6870,control,desktop,20.75020113403638,0,0.0
6871,treatment,desktop,34.483467489664555,0,0.0
6872,treatment,desktop,38.93194419510459,0,0.0
6873,control,mobile,76.55557768581072,0,0.0
6874,control,mobile,33.439186799205615,0,0.0
6875,control,mobile,54.14172776477258,0,0.0
6876,control,mobile,14.395088763172442,0,0.0
6877,treatment,desktop,32.08584836533986,0,0.0
6878,control,mobile,15.627617878941166,1,29.787465740443874
6879,treatment,mobile,55.77694862014718,0,0.0
6880,treatment,desktop,8.881573575968837,0,0.0
6881,control,desktop,57.405848874498986,0,0.0
6882,control,desktop,56.376447427711405,0,0.0
6883,treatment,mobile,17.537320216896347,0,0.0
6884,treatment,mobile,37.25230484179845,0,0.0
6885,treatment,desktop,39.73913828377626,0,0.0
6886,control,mobile,37.75139463415708,0,0.0
6887,control,desktop,16.939477281470086,1,42.987803227182525
6888,control,desktop,31.245335228963846,0,0.0
6889,treatment,mobile,49.90752954255329,0,0.0
6890,control,mobile,8.938507381407323,0,0.0
6891,control,desktop,39.27869777926847,0,0.0
6892,control,desktop,108.64395087360589,0,0.0
6893,treatment,desktop,27.325266255100335,0,0.0
6894,treatment,mobile,27.43909879969398,0,0.0
6895,control,mobile,93.39703583242617,1,24.917255949277802
6896,treatment,mobile,13.934245183906341,0,0.0
6897,control,desktop,48.628138698724314,0,0.0
6898,treatment,mobile,19.112855512529897,0,0.0
6899,control,mobile,63.11727905620685,0,0.0
6900,control,mobile,46.7701006191671,0,0.0
6901,control,mobile,30.93150503001096,0,0.0
6902,control,mobile,63.80390223176174,0,0.0
6903,treatment,mobile,100.11444465327179,0,0.0
6904,treatment,mobile,17.531411041555288,0,0.0
6905,control,mobile,38.17956184646087,0,0.0
6906,control,mobile,13.198669142011695,0,0.0
6907,treatment,desktop,61.79847969453555,0,0.0
6908,control,desktop,20.7826189493317,0,0.0
6909,control,desktop,43.353298111959575,0,0.0
6910,treatment,desktop,16.636504478183078,0,0.0
6911,treatment,mobile,75.1624702000648,0,0.0
6912,treatment,mobile,40.43021008796189,0,0.0
6913,treatment,desktop,17.609566703702903,0,0.0
6914,control,desktop,27.176341286952184,0,0.0
6915,control,mobile,50.50762112828217,0,0.0
6916,control,desktop,10.44151785495717,0,0.0
6917,control,mobile,7.0277552448536165,0,0.0
6918,treatment,desktop,29.66434269401561,0,0.0
6919,treatment,mobile,28.240078857662173,0,0.0
6920,control,mobile,59.88811128926753,0,0.0
6921,control,mobile,9.921174716227831,0,0.0
6922,treatment,desktop,21.318346703980747,0,0.0
6923,control,mobile,75.34833385623942,0,0.0
6924,treatment,desktop,96.17888285482827,0,0.0
6925,treatment,desktop,36.59997039706304,1,120.62650736699423
6926,treatment,desktop,60.296963676462326,0,0.0
6927,treatment,desktop,19.825940090393278,0,0.0
6928,control,mobile,37.69509312723053,0,0.0
6929,treatment,desktop,5.629267812862208,0,0.0
6930,control,mobile,32.008234099676976,0,0.0
6931,control,desktop,83.54128033945615,0,0.0
6932,control,mobile,70.74190166271686,0,0.0
6933,treatment,mobile,23.90930072925505,0,0.0
6934,control,desktop,18.78366833123803,0,0.0
6935,treatment,mobile,11.011079080560652,0,0.0
6936,control,desktop,45.70054998182425,0,0.0
6937,control,desktop,16.500702834543866,0,0.0
6938,treatment,desktop,46.99716609696067,0,0.0
6939,control,desktop,28.28110246299678,0,0.0
6940,treatment,mobile,25.768302863060416,0,0.0
6941,treatment,desktop,73.82509826412934,0,0.0
6942,control,desktop,34.529601461532245,0,0.0
6943,control,mobile,25.197253790693786,0,0.0
6944,treatment,desktop,26.718292852504288,0,0.0
6945,control,mobile,80.04763495969664,0,0.0
6946,treatment,desktop,43.36167751502139,0,0.0
6947,control,desktop,30.444598332669838,0,0.0
6948,treatment,mobile,8.394645320115657,0,0.0
6949,control,desktop,53.58158595547206,0,0.0
6950,treatment,desktop,42.488919453089736,0,0.0
6951,control,mobile,17.091158522828152,0,0.0
6952,control,desktop,4.43431378881138,0,0.0
6953,control,mobile,43.466494012168184,1,54.5141718795577
6954,treatment,mobile,54.922428891746236,1,8.981373926501183
6955,control,desktop,43.25263137451431,0,0.0
6956,control,desktop,21.2577978910347,0,0.0
6957,treatment,mobile,33.40426998585995,0,0.0
6958,treatment,mobile,15.650751537282117,0,0.0
6959,treatment,desktop,36.79768508096669,0,0.0
6960,control,mobile,52.36045034318687,0,0.0
6961,treatment,desktop,40.01410390028438,0,0.0
6962,control,desktop,37.20597239361476,0,0.0
6963,control,desktop,39.01853424772308,0,0.0
6964,control,mobile,41.19527014571217,0,0.0
6965,treatment,desktop,0.91968428702899,0,0.0
6966,treatment,mobile,24.614370691724154,0,0.0
6967,treatment,mobile,13.351592638923737,1,56.236945518593195
6968,treatment,desktop,26.76582322258927,0,0.0
6969,treatment,mobile,88.58324112002896,0,0.0
6970,treatment,desktop,28.170017707709277,0,0.0
6971,treatment,mobile,33.09534160620648,0,0.0
6972,control,desktop,25.157390695903477,0,0.0
6973,treatment,desktop,51.522339964299135,0,0.0
6974,control,mobile,16.305952806948877,0,0.0
6975,treatment,mobile,48.91122866055743,1,55.106105336420136
6976,control,desktop,72.87114679031708,0,0.0
6977,control,mobile,62.72417223789518,0,0.0
6978,control,mobile,66.08111123409682,0,0.0
6979,treatment,mobile,44.46119784789646,0,0.0
6980,control,desktop,50.326370427417885,0,0.0
6981,treatment,mobile,72.52642496407395,0,0.0
6982,treatment,desktop,44.80319922230677,0,0.0
6983,treatment,mobile,18.383669121221892,0,0.0
6984,control,desktop,52.72724123349968,0,0.0
6985,control,desktop,20.26611220378635,0,0.0
6986,control,desktop,38.94502317719321,0,0.0
6987,treatment,desktop,22.15595375042076,0,0.0
6988,control,desktop,61.30743528012167,0,0.0
6989,control,mobile,29.917842652406776,0,0.0
6990,treatment,desktop,109.11560289274092,0,0.0
6991,treatment,desktop,49.82614293804164,1,96.32394222310036
6992,control,mobile,9.17440585798195,0,0.0
6993,control,desktop,27.70942407931068,0,0.0
6994,control,desktop,32.22971618433498,0,0.0
6995,control,mobile,5.056220130236955,0,0.0
6996,control,desktop,26.32299819106976,0,0.0
6997,control,mobile,69.49589666917602,0,0.0
6998,control,mobile,24.20675003717911,0,0.0
6999,control,desktop,7.165637009244463,0,0.0
7000,treatment,mobile,63.149626583270944,0,0.0
7001,treatment,desktop,75.49276469514518,0,0.0
7002,treatment,mobile,34.86179612268797,0,0.0
7003,control,mobile,25.36123747676691,0,0.0
7004,treatment,mobile,39.83562891426542,0,0.0
7005,treatment,desktop,53.57963173469316,0,0.0
7006,control,mobile,8.562370181515476,0,0.0
7007,control,mobile,35.13806012801983,0,0.0
7008,treatment,desktop,51.03173551712264,0,0.0
7009,control,mobile,84.64325472077563,1,42.960246436461894
7010,treatment,desktop,65.18730611292445,0,0.0
7011,control,mobile,105.80873036855785,0,0.0
7012,control,mobile,7.920882561154292,0,0.0
7013,control,desktop,56.10630003606524,0,0.0
7014,treatment,mobile,15.690831313678125,1,107.05176616782421
7015,treatment,desktop,7.966358318685151,1,70.07033435775715
7016,treatment,mobile,49.252077714328024,0,0.0
7017,control,desktop,21.515943773035914,0,0.0
7018,control,desktop,47.19425786218054,0,0.0
7019,control,mobile,5.989482342785633,1,51.11593736432815
7020,treatment,desktop,25.945560300037805,0,0.0
7021,treatment,mobile,11.687171849720945,0,0.0
7022,control,mobile,76.23853651804019,0,0.0
7023,treatment,desktop,5.5776823643886,0,0.0
7024,treatment,desktop,78.48232403749465,0,0.0
7025,control,desktop,138.8903605874157,0,0.0
7026,control,desktop,22.046171249994877,0,0.0
7027,control,desktop,16.917685317463324,0,0.0
7028,treatment,desktop,78.76986166126596,0,0.0
7029,treatment,mobile,18.875557667563346,0,0.0
7030,control,mobile,24.900274579477344,0,0.0
7031,treatment,mobile,59.59765246808243,0,0.0
7032,control,mobile,27.938013251202406,0,0.0
7033,treatment,desktop,8.436884191645635,0,0.0
7034,control,mobile,82.64812286873415,0,0.0
7035,treatment,desktop,96.15510802689528,0,0.0
7036,control,mobile,44.14433720815636,0,0.0
7037,control,desktop,21.67217820111442,0,0.0
7038,control,desktop,38.652601198089684,0,0.0
7039,control,desktop,15.650984379454124,0,0.0
7040,treatment,mobile,34.485708797961,0,0.0
7041,control,desktop,6.722103690427184,0,0.0
7042,control,mobile,19.414804167951026,1,122.64524573525613
7043,treatment,mobile,28.86867567861848,1,222.62495126714748
7044,control,mobile,52.06736330697449,0,0.0
7045,control,mobile,27.32815631552565,0,0.0
7046,control,desktop,24.281324978594615,0,0.0
7047,treatment,desktop,8.908460578046917,0,0.0
7048,control,mobile,41.46985834796811,0,0.0
7049,control,mobile,26.717701189104453,0,0.0
7050,control,mobile,98.68979493596223,0,0.0
7051,control,desktop,42.44682684302548,0,0.0
7052,treatment,mobile,16.13808356390548,0,0.0
7053,control,mobile,52.99977879454637,0,0.0
7054,control,mobile,2.920345711210428,0,0.0
7055,control,mobile,99.96772783781171,0,0.0
7056,control,mobile,65.88825674975394,1,109.08172437194675
7057,treatment,mobile,21.77535516034171,0,0.0
7058,treatment,desktop,84.03658488032312,0,0.0
7059,treatment,desktop,27.013834133991722,0,0.0
7060,control,desktop,55.102788863873364,0,0.0
7061,treatment,mobile,128.72107042481258,0,0.0
7062,control,desktop,36.22886102264736,0,0.0
7063,treatment,mobile,52.7877924326404,0,0.0
7064,treatment,desktop,51.68182905354554,0,0.0
7065,treatment,mobile,23.691864850905816,0,0.0
7066,treatment,desktop,25.64285617852091,0,0.0
7067,control,desktop,122.6843259759975,0,0.0
7068,treatment,desktop,59.58086176955686,0,0.0
7069,control,mobile,10.601077081828226,0,0.0
7070,control,mobile,105.42786372104737,0,0.0
7071,treatment,desktop,33.06766177780926,0,0.0
7072,control,mobile,65.67629932550882,0,0.0
7073,treatment,mobile,59.55458044584424,0,0.0
7074,treatment,mobile,71.05158166387173,0,0.0
7075,treatment,mobile,2.0666015897228607,0,0.0
7076,treatment,desktop,27.430295805824564,0,0.0
7077,control,mobile,84.47708136286012,0,0.0
7078,control,desktop,40.682973679456,0,0.0
7079,control,desktop,37.85367559823675,1,97.09497141439576
7080,treatment,desktop,17.657227624914206,1,43.65327643189002
7081,control,mobile,54.58146041643687,0,0.0
7082,treatment,mobile,110.64587039117089,1,62.96916200497384
7083,treatment,mobile,79.82938838125219,0,0.0
7084,control,mobile,62.83686300886167,0,0.0
7085,control,mobile,13.119434452324032,0,0.0
7086,control,mobile,45.79954962072253,0,0.0
7087,treatment,mobile,25.22461407587052,0,0.0
7088,control,desktop,18.96837233236257,0,0.0
7089,control,desktop,11.544447141391332,0,0.0
7090,treatment,mobile,56.5900971177518,0,0.0
7091,treatment,desktop,67.9565349401357,0,0.0
7092,control,mobile,25.835967844670677,0,0.0
7093,treatment,mobile,19.727630480009072,0,0.0
7094,control,mobile,25.432367319145555,0,0.0
7095,treatment,desktop,40.74402975666306,0,0.0
7096,control,mobile,74.32416326021054,0,0.0
7097,control,desktop,65.520117866785,1,36.60151585836483
7098,control,mobile,18.319444003019303,0,0.0
7099,control,desktop,26.99848265265193,0,0.0
7100,control,desktop,4.463380283856001,0,0.0
7101,control,mobile,44.10817101654257,0,0.0
7102,treatment,mobile,48.358022676880736,0,0.0
7103,control,desktop,96.85119420871294,1,131.43730037578746
7104,treatment,desktop,28.97262078978698,0,0.0
7105,treatment,mobile,14.351784231654982,1,18.212638557410116
7106,control,mobile,6.201990732023182,1,105.80207070062933
7107,treatment,desktop,39.085133219422005,0,0.0
7108,control,mobile,12.546210920070761,0,0.0
7109,treatment,mobile,36.911117700541595,0,0.0
7110,control,desktop,28.788596398503834,0,0.0
7111,treatment,desktop,19.665836298475092,0,0.0
7112,control,desktop,68.67280636123378,0,0.0
7113,treatment,desktop,11.953410641266425,0,0.0
7114,treatment,mobile,23.86692156222516,0,0.0
7115,treatment,desktop,33.400742537794386,0,0.0
7116,control,mobile,19.683590653149917,0,0.0
7117,treatment,desktop,51.12163324011959,1,126.56120381461649
7118,treatment,desktop,12.502626806018464,0,0.0
7119,treatment,mobile,18.002913648576907,0,0.0
7120,treatment,desktop,30.278964573834138,0,0.0
7121,control,desktop,12.845655503211393,0,0.0
7122,treatment,mobile,39.09519388152539,0,0.0
7123,treatment,desktop,41.65165314272298,0,0.0
7124,treatment,mobile,86.46995379412857,0,0.0
7125,treatment,desktop,41.17632460404142,0,0.0
7126,treatment,desktop,3.3166213770550868,0,0.0
7127,control,desktop,95.39401804555766,0,0.0
7128,control,desktop,56.19053047174964,0,0.0
7129,treatment,desktop,11.995628614649899,0,0.0
7130,treatment,mobile,13.195731565763825,0,0.0
7131,control,mobile,28.81849380666289,0,0.0
7132,control,mobile,41.382755997188305,0,0.0
7133,control,mobile,17.33732785106148,0,0.0
7134,treatment,mobile,16.599554342835425,0,0.0
7135,treatment,desktop,28.245787524228945,0,0.0
7136,treatment,desktop,26.465154157509218,0,0.0
7137,treatment,desktop,68.8942030389191,0,0.0
7138,treatment,desktop,65.41697461903445,1,21.03210127543217
7139,control,desktop,21.642462497466962,0,0.0
7140,control,desktop,12.86549169189299,0,0.0
7141,control,desktop,41.56164019058822,0,0.0
7142,treatment,desktop,70.68722974327648,0,0.0
7143,treatment,mobile,3.541082894417482,0,0.0
7144,control,mobile,11.348838600021391,0,0.0
7145,control,mobile,46.64752386281914,0,0.0
7146,treatment,desktop,19.219947097343585,0,0.0
7147,treatment,desktop,36.85684766576531,0,0.0
7148,control,desktop,157.3678966718588,1,7.894904947277893
7149,control,mobile,73.96003630432125,0,0.0
7150,control,desktop,14.351182213828055,0,0.0
7151,treatment,mobile,103.08374592382299,0,0.0
7152,control,desktop,48.04956939063176,0,0.0
7153,control,desktop,43.38569883401877,0,0.0
7154,control,desktop,50.373710459466785,0,0.0
7155,treatment,desktop,69.11332310151248,0,0.0
7156,treatment,mobile,54.12989153691938,0,0.0
7157,control,desktop,33.33012295689537,0,0.0
7158,control,desktop,26.898675954116413,0,0.0
7159,treatment,desktop,3.8480304203620763,0,0.0
7160,control,desktop,44.87016248156958,0,0.0
7161,treatment,desktop,35.106484937051086,0,0.0
7162,treatment,mobile,41.028484882463275,0,0.0
7163,control,desktop,19.63291154906052,0,0.0
7164,control,desktop,11.144947882659038,0,0.0
7165,control,mobile,19.88575499356536,0,0.0
7166,control,desktop,25.520530316903137,0,0.0
7167,treatment,mobile,73.22888081477178,0,0.0
7168,control,desktop,91.41061758166873,0,0.0
7169,control,mobile,45.94814398170016,0,0.0
7170,treatment,mobile,11.192319066721721,0,0.0
7171,control,desktop,17.408486303488424,1,89.32298939244733
7172,treatment,desktop,104.9481026868982,0,0.0
7173,treatment,mobile,39.623948141559346,0,0.0
7174,treatment,mobile,77.6349578503073,1,18.986815457905795
7175,control,desktop,10.591961399901791,1,97.02957865391387
7176,treatment,mobile,44.93529771146817,0,0.0
7177,treatment,mobile,14.875302901257147,0,0.0
7178,treatment,mobile,40.60405513270094,0,0.0
7179,control,desktop,84.31426170061698,0,0.0
7180,control,desktop,15.458128474781391,0,0.0
7181,control,mobile,46.59561452208039,0,0.0
7182,treatment,mobile,8.095887289781672,0,0.0
7183,treatment,desktop,35.428244903901195,1,30.735632414550626
7184,treatment,mobile,47.70995416394665,0,0.0
7185,treatment,mobile,45.55536841922506,0,0.0
7186,control,mobile,68.6166433772108,0,0.0
7187,control,desktop,61.4849064096025,0,0.0
7188,control,mobile,10.44792759159823,0,0.0
7189,control,desktop,36.99480812768949,0,0.0
7190,control,desktop,5.7185950641515575,0,0.0
7191,treatment,mobile,0.2232689699812773,0,0.0
7192,control,mobile,57.99619406160397,0,0.0
7193,control,mobile,43.444510381001706,0,0.0
7194,treatment,desktop,19.21481320624808,0,0.0
7195,treatment,desktop,11.981895620400934,0,0.0
7196,treatment,desktop,34.4296670154018,0,0.0
7197,treatment,desktop,37.18859710415749,0,0.0
7198,control,mobile,33.89638901555958,0,0.0
7199,treatment,mobile,42.21615576669272,0,0.0
7200,control,mobile,34.23974771381482,1,22.264076626160993
7201,control,mobile,16.249989956257632,0,0.0
7202,treatment,desktop,8.125941940908119,0,0.0
7203,treatment,mobile,16.122040471932312,0,0.0
7204,control,mobile,28.45944712641947,0,0.0
7205,treatment,desktop,11.557079836691885,0,0.0
7206,treatment,mobile,10.998676040145082,0,0.0
7207,control,desktop,44.910051282569256,0,0.0
7208,control,mobile,57.622430211196885,0,0.0
7209,control,desktop,13.17494058353342,0,0.0
7210,treatment,mobile,36.212685878124816,0,0.0
7211,treatment,mobile,38.51935402121943,0,0.0
7212,control,desktop,32.85164885909723,0,0.0
7213,treatment,desktop,27.130523949954206,1,65.72375600524079
7214,treatment,desktop,147.33349338511675,0,0.0
7215,control,desktop,4.0966299495169665,0,0.0
7216,treatment,mobile,25.333427108816267,0,0.0
7217,treatment,desktop,24.87813706140869,0,0.0
7218,control,desktop,22.985113533615298,0,0.0
7219,treatment,mobile,7.551433703871035,0,0.0
7220,control,mobile,52.069724790040084,0,0.0
7221,treatment,mobile,10.273761076600124,0,0.0
7222,treatment,mobile,61.29379458348984,0,0.0
7223,control,desktop,6.74515989465846,0,0.0
7224,treatment,mobile,12.182740688817734,1,36.49453961669163
7225,treatment,mobile,40.65204971938019,0,0.0
7226,control,mobile,84.16216412057439,0,0.0
7227,treatment,desktop,20.929494558108146,0,0.0
7228,control,desktop,2.025825524663289,0,0.0
7229,control,mobile,42.21454124045718,0,0.0
7230,treatment,mobile,33.2152486634084,0,0.0
7231,control,mobile,70.31141058463355,0,0.0
7232,control,desktop,80.47007084418021,0,0.0
7233,treatment,desktop,40.82924112441705,0,0.0
7234,treatment,desktop,26.791479534832227,0,0.0
7235,treatment,mobile,58.964821237617564,0,0.0
7236,treatment,mobile,13.160418878961712,0,0.0
7237,treatment,mobile,39.63598671130648,0,0.0
7238,treatment,desktop,20.172260540795204,1,28.216495467454585
7239,control,mobile,29.752066840263744,1,117.37114611025713
7240,control,mobile,100.97107975026667,0,0.0
7241,treatment,mobile,79.45573817182324,0,0.0
7242,control,mobile,118.54922168775049,0,0.0
7243,control,desktop,29.35857738505287,0,0.0
7244,treatment,desktop,30.610029365470474,0,0.0
7245,treatment,mobile,25.586726623411966,0,0.0
7246,treatment,desktop,41.90411973925813,0,0.0
7247,treatment,mobile,13.857314877280796,0,0.0
7248,control,mobile,88.3248978490634,0,0.0
7249,control,desktop,69.18974888363499,1,70.28365361583468
7250,control,desktop,38.73381872487994,0,0.0
7251,control,desktop,99.17843434549452,0,0.0
7252,treatment,mobile,11.749111504489267,0,0.0
7253,control,mobile,16.225269891750752,0,0.0
7254,control,mobile,28.128043153403247,0,0.0
7255,treatment,desktop,2.778338601989751,0,0.0
7256,control,mobile,39.97870824914684,0,0.0
7257,treatment,mobile,9.618349724108901,0,0.0
7258,control,desktop,2.968196456965289,0,0.0
7259,treatment,desktop,13.443531691591424,0,0.0
7260,control,desktop,27.441236844505195,0,0.0
7261,treatment,desktop,27.71085065482672,0,0.0
7262,control,desktop,25.419203533244588,0,0.0
7263,control,desktop,23.56579480179235,1,74.4390919306162
7264,control,mobile,25.215907042794935,0,0.0
7265,control,desktop,10.230886716356055,0,0.0
7266,control,mobile,16.1620774746455,0,0.0
7267,control,desktop,65.83706127799283,0,0.0
7268,control,desktop,37.076873343413304,0,0.0
7269,control,mobile,64.83872819643497,0,0.0
7270,control,mobile,2.9962900031705204,1,50.970460015131465
7271,treatment,mobile,66.39470962907791,0,0.0
7272,treatment,mobile,32.22676919230635,0,0.0
7273,control,desktop,14.3750186945658,0,0.0
7274,treatment,desktop,91.03450375443128,0,0.0
7275,control,desktop,13.895122923522603,0,0.0
7276,treatment,mobile,62.44080044491386,1,122.30627590566031
7277,treatment,desktop,13.311941389985076,0,0.0
7278,treatment,mobile,13.650938991435865,0,0.0
7279,treatment,desktop,17.23849890123573,0,0.0
7280,control,desktop,149.29787121030174,0,0.0
7281,treatment,desktop,29.61007281636451,0,0.0
7282,control,desktop,35.991123532333596,0,0.0
7283,treatment,desktop,32.060942441540604,0,0.0
7284,control,mobile,35.91919924666926,0,0.0
7285,control,desktop,47.377911100253804,0,0.0
7286,control,mobile,4.518546276456713,1,45.985987265476766
7287,control,desktop,21.004644279026596,0,0.0
7288,treatment,mobile,72.37746971973873,0,0.0
7289,control,mobile,56.794356560414776,0,0.0
7290,treatment,mobile,72.05135781604758,0,0.0
7291,control,desktop,76.40015537479917,1,40.879560895812745
7292,treatment,desktop,6.450963109330483,0,0.0
7293,control,desktop,19.416177649083952,1,64.49274028186952
7294,control,mobile,97.59488962838374,0,0.0
7295,treatment,mobile,67.3880296742349,0,0.0
7296,control,mobile,56.04806741267039,0,0.0
7297,control,mobile,37.345557446401976,0,0.0
7298,treatment,mobile,0.8140634827103677,0,0.0
7299,control,desktop,90.20803036707167,0,0.0
7300,control,desktop,24.83392191401798,0,0.0
7301,control,mobile,4.193116532828456,0,0.0
7302,treatment,desktop,34.56320798679806,0,0.0
7303,control,mobile,16.595156677346253,0,0.0
7304,control,desktop,12.630339947682288,0,0.0
7305,control,mobile,52.57857612025497,0,0.0
7306,control,desktop,34.15543200179019,0,0.0
7307,treatment,mobile,35.28119333182045,0,0.0
7308,control,desktop,42.00162111753757,0,0.0
7309,treatment,mobile,13.340018229857712,0,0.0
7310,treatment,desktop,3.692640472108288,0,0.0
7311,treatment,mobile,56.41606723008163,0,0.0
7312,treatment,desktop,16.52555201888296,0,0.0
7313,control,desktop,21.27392968391233,0,0.0
7314,treatment,mobile,19.090658039330396,0,0.0
7315,control,mobile,8.8456763947446,1,17.629505494607745
7316,treatment,desktop,51.758376849790515,0,0.0
7317,control,desktop,21.58316220405367,0,0.0
7318,treatment,mobile,67.5795848743291,0,0.0
7319,control,desktop,12.9756986229215,0,0.0
7320,treatment,mobile,58.120757087739996,0,0.0
7321,control,mobile,18.616898343538818,0,0.0
7322,control,desktop,6.4971338205048745,0,0.0
7323,treatment,desktop,106.13362500672034,0,0.0
7324,treatment,mobile,34.67172308712466,0,0.0
7325,treatment,mobile,73.67003133525218,1,65.31045795352047
7326,control,desktop,30.276047330847152,0,0.0
7327,treatment,desktop,14.206690927362406,0,0.0
7328,control,desktop,16.265790993815738,0,0.0
7329,treatment,desktop,1.2335376822324986,0,0.0
7330,control,mobile,84.52678225220582,0,0.0
7331,control,mobile,36.359569307617654,0,0.0
7332,treatment,mobile,36.221495578460015,0,0.0
7333,treatment,mobile,8.422590122188705,0,0.0
7334,treatment,desktop,31.630327708371595,0,0.0
7335,treatment,mobile,38.705830681301485,0,0.0
7336,treatment,mobile,96.9100961556046,0,0.0
7337,treatment,mobile,24.72471944124741,0,0.0
7338,control,mobile,31.890085367761124,0,0.0
7339,control,desktop,30.684119558701475,0,0.0
7340,control,desktop,24.38668015700092,0,0.0
7341,treatment,desktop,62.06577615997328,0,0.0
7342,control,desktop,97.97075889350582,0,0.0
7343,treatment,desktop,41.88085397062559,1,78.77358847408718
7344,control,desktop,9.692350228360624,0,0.0
7345,control,mobile,23.972128835532942,0,0.0
7346,treatment,desktop,85.8000385327081,0,0.0
7347,control,mobile,49.410760704430544,0,0.0
7348,treatment,mobile,46.261121653663196,0,0.0
7349,control,mobile,42.297951270348484,0,0.0
7350,control,mobile,11.486754051965057,0,0.0
7351,treatment,mobile,25.946025508319515,0,0.0
7352,control,mobile,62.23732537553949,0,0.0
7353,treatment,mobile,54.4305567345146,0,0.0
7354,control,mobile,45.292081730553974,0,0.0
7355,control,desktop,65.34438047804109,0,0.0
7356,treatment,mobile,25.61692482952791,0,0.0
7357,control,desktop,12.184421127296773,0,0.0
7358,treatment,desktop,25.684590864779896,0,0.0
7359,control,mobile,77.93727028933628,0,0.0
7360,control,desktop,53.551755349666635,0,0.0
7361,treatment,desktop,39.92969284283765,0,0.0
7362,control,mobile,60.19029344207362,0,0.0
7363,control,desktop,21.313197515221898,0,0.0
7364,control,mobile,29.71008978182318,0,0.0
7365,treatment,mobile,61.11527417144168,0,0.0
7366,treatment,mobile,39.447334982449874,0,0.0
7367,treatment,desktop,7.988504032731988,0,0.0
7368,treatment,mobile,26.49137192726338,0,0.0
7369,treatment,mobile,36.89836195496462,1,15.37412106117414
7370,treatment,desktop,79.8023586048458,0,0.0
7371,treatment,mobile,18.198400882509933,1,4.873158374691212
7372,control,mobile,41.147302566452986,0,0.0
7373,control,mobile,36.11896311407381,0,0.0
7374,treatment,desktop,51.0600805119013,0,0.0
7375,treatment,mobile,42.58376896085994,0,0.0
7376,control,mobile,52.50035392509155,1,35.19455835117371
7377,control,mobile,154.1140410716082,0,0.0
7378,treatment,mobile,51.35550228869148,0,0.0
7379,treatment,mobile,149.21763885683683,0,0.0
7380,control,mobile,9.742118221021222,1,61.47637003383376
7381,treatment,mobile,2.34906366134185,1,76.33382892619598
7382,control,desktop,44.399359189137336,0,0.0
7383,control,desktop,27.36412382648783,0,0.0
7384,control,mobile,11.913639370558755,0,0.0
7385,treatment,desktop,20.226695257253247,1,26.715124328221837
7386,treatment,mobile,10.761294752222298,0,0.0
7387,control,mobile,65.45892228341731,0,0.0
7388,treatment,desktop,27.099354314274148,1,23.202372629577642
7389,treatment,desktop,5.08391098229003,0,0.0
7390,treatment,mobile,59.22102068090059,0,0.0
7391,control,mobile,57.72991163351203,0,0.0
7392,control,desktop,35.36962259744893,0,0.0
7393,control,desktop,63.45180906668532,0,0.0
7394,control,mobile,1.5011403661600222,0,0.0
7395,control,mobile,15.480962439580468,0,0.0
7396,treatment,mobile,30.76880744307345,0,0.0
7397,treatment,desktop,51.32659233744278,1,63.71088288197621
7398,treatment,mobile,84.42198571090418,0,0.0
7399,control,desktop,23.659678292479036,1,62.67972123643481
7400,treatment,desktop,21.2228456108194,0,0.0
7401,control,mobile,57.84779133425378,0,0.0
7402,control,mobile,63.67769384284454,0,0.0
7403,treatment,desktop,41.21496828358601,0,0.0
7404,treatment,mobile,21.073096322837934,0,0.0
7405,control,desktop,76.85231981996492,0,0.0
7406,treatment,desktop,39.78496034127212,1,23.14321679387135
7407,treatment,mobile,114.4815172648552,0,0.0
7408,control,mobile,57.98484568401449,0,0.0
7409,control,desktop,41.02673369246346,0,0.0
7410,control,mobile,46.932505126657,0,0.0
7411,treatment,mobile,45.03281187029526,0,0.0
7412,control,mobile,54.362788784470446,0,0.0
7413,treatment,desktop,5.8020493288760076,0,0.0
7414,control,mobile,34.12519269873306,0,0.0
7415,control,mobile,37.46442523323305,0,0.0
7416,control,desktop,35.32111479542597,0,0.0
7417,control,desktop,20.004185961160918,0,0.0
7418,treatment,desktop,79.67344923767551,0,0.0
7419,treatment,desktop,19.54356288638258,0,0.0
7420,control,mobile,67.61464872379582,0,0.0
7421,treatment,desktop,28.045377446389914,0,0.0
7422,control,desktop,110.10036948852617,1,45.30126972272193
7423,treatment,desktop,27.030130069670292,0,0.0
7424,control,mobile,64.46793531120078,0,0.0
7425,control,desktop,35.450669252623,0,0.0
7426,treatment,mobile,10.857663287433104,0,0.0
7427,treatment,mobile,90.2893231077503,0,0.0
7428,control,mobile,22.440680045813043,0,0.0
7429,control,mobile,23.04540923265794,0,0.0
7430,treatment,mobile,5.250573914571737,0,0.0
7431,treatment,mobile,53.976451608792324,0,0.0
7432,control,mobile,110.50433364066524,0,0.0
7433,treatment,desktop,30.547692045169455,0,0.0
7434,control,mobile,34.27297136928221,0,0.0
7435,control,mobile,59.96111601862543,0,0.0
7436,treatment,mobile,104.80630959732282,0,0.0
7437,treatment,desktop,46.52340536783639,0,0.0
7438,treatment,desktop,29.055608055547456,0,0.0
7439,treatment,desktop,28.54829805512417,1,24.405414885287072
7440,control,desktop,88.26103118234776,1,16.101166997087972
7441,control,mobile,32.11849640420426,0,0.0
7442,control,desktop,26.7048626951783,0,0.0
7443,control,desktop,24.508810124207614,0,0.0
7444,control,mobile,147.8185920231363,0,0.0
7445,treatment,mobile,46.887917404077626,0,0.0
7446,treatment,desktop,53.01929596699735,1,49.29014193381403
7447,treatment,desktop,39.45110768260713,0,0.0
7448,control,mobile,26.41739153531792,1,40.105406358096985
7449,treatment,mobile,17.47229400595632,1,165.12498583911636
7450,control,mobile,27.649859880268323,0,0.0
7451,treatment,desktop,52.52583216859538,0,0.0
7452,control,desktop,7.953948786655251,0,0.0
7453,treatment,mobile,84.11972372808688,0,0.0
7454,control,mobile,110.6335903135882,0,0.0
7455,treatment,mobile,47.02994989279902,0,0.0
7456,control,mobile,18.714135511717338,0,0.0
7457,treatment,desktop,5.339911712999034,0,0.0
7458,treatment,desktop,25.602771007584945,0,0.0
7459,control,mobile,81.19582617031126,0,0.0
7460,treatment,desktop,110.60455846636995,0,0.0
7461,treatment,desktop,16.96564179741769,0,0.0
7462,treatment,desktop,173.68023951400983,1,115.18637468240543
7463,control,desktop,36.04841100346163,0,0.0
7464,control,desktop,1.1840805386757545,0,0.0
7465,control,desktop,13.0350333798879,0,0.0
7466,control,desktop,51.4060123582984,0,0.0
7467,control,desktop,32.21172549092079,0,0.0
7468,control,mobile,80.74953232542315,0,0.0
7469,treatment,mobile,47.154608738288466,0,0.0
7470,treatment,mobile,23.313255168593372,0,0.0
7471,treatment,desktop,8.34200012022416,0,0.0
7472,treatment,desktop,6.610428754384172,0,0.0
7473,treatment,desktop,42.52596721034312,0,0.0
7474,control,desktop,25.59060542614779,1,55.75365336511624
7475,treatment,desktop,99.6013261732491,0,0.0
7476,treatment,desktop,90.9895310790995,0,0.0
7477,treatment,mobile,65.06429144686878,0,0.0
7478,control,mobile,11.944451298529035,0,0.0
7479,control,mobile,5.290933782785546,0,0.0
7480,treatment,desktop,109.99348443239336,0,0.0
7481,control,mobile,7.280087715009414,0,0.0
7482,control,mobile,31.038714384678002,0,0.0
7483,control,desktop,26.072185759428073,0,0.0
7484,control,mobile,28.778038802168293,0,0.0
7485,treatment,mobile,54.18349016196209,0,0.0
7486,treatment,mobile,23.450849898037784,0,0.0
7487,control,mobile,25.71315254399711,0,0.0
7488,control,mobile,74.54108494765494,0,0.0
7489,control,mobile,42.562917684313106,0,0.0
7490,control,mobile,52.15878415458463,0,0.0
7491,treatment,desktop,29.66944847754684,1,20.534268192260622
7492,treatment,mobile,85.14511179462977,1,144.9731337265537
7493,control,desktop,42.30779188501756,0,0.0
7494,treatment,mobile,63.27105352309115,0,0.0
7495,treatment,desktop,78.81088264566313,0,0.0
7496,control,desktop,31.635800121255482,0,0.0
7497,control,mobile,24.652689303710456,1,72.84556311666562
7498,treatment,desktop,35.98193890388863,0,0.0
7499,control,mobile,29.244451122003706,0,0.0
7500,treatment,desktop,24.10303140475977,1,145.23329099880664
7501,treatment,desktop,29.4726098352778,0,0.0
7502,control,desktop,22.585940416387245,0,0.0
7503,control,desktop,10.081837449642492,0,0.0
7504,control,mobile,19.02501891918627,0,0.0
7505,treatment,mobile,71.53691383933959,0,0.0
7506,treatment,mobile,14.066345480448552,1,19.149594431574528
7507,treatment,mobile,6.562880834509728,1,59.18594640375411
7508,control,desktop,75.2562599847752,0,0.0
7509,treatment,mobile,4.970653640775533,0,0.0
7510,control,mobile,48.480641233796305,0,0.0
7511,treatment,desktop,0.6831055304457132,0,0.0
7512,control,desktop,7.186404219499638,0,0.0
7513,treatment,mobile,56.90833984448152,0,0.0
7514,treatment,desktop,8.012460633637424,0,0.0
7515,treatment,mobile,16.431388090631025,0,0.0
7516,control,mobile,47.599339524722964,0,0.0
7517,treatment,mobile,113.40360872028043,0,0.0
7518,treatment,desktop,16.983287106913068,0,0.0
7519,treatment,desktop,64.73214705882395,0,0.0
7520,treatment,mobile,18.06532442915244,0,0.0
7521,control,mobile,32.38873547869083,0,0.0
7522,control,mobile,62.39335688315037,1,180.56243824780188
7523,treatment,desktop,25.854132154031333,0,0.0
7524,treatment,desktop,23.125971413170532,0,0.0
7525,treatment,mobile,61.11088177533486,0,0.0
7526,treatment,mobile,32.271760426030454,0,0.0
7527,treatment,mobile,17.862737911717495,0,0.0
7528,treatment,mobile,10.114515051755033,0,0.0
7529,treatment,desktop,26.508471502952208,0,0.0
7530,treatment,desktop,24.47076495143166,0,0.0
7531,control,desktop,17.448805637459145,0,0.0
7532,treatment,mobile,18.445978814616723,0,0.0
7533,treatment,desktop,43.759209503958985,0,0.0
7534,control,desktop,49.888066963693795,0,0.0
7535,treatment,desktop,82.38885696282169,1,46.70921568097735
7536,control,mobile,36.15389524737911,0,0.0
7537,control,mobile,32.21428467735385,0,0.0
7538,control,desktop,54.63872373813717,1,74.28019112976203
7539,control,desktop,40.8080953330424,0,0.0
7540,treatment,desktop,23.230576967334322,0,0.0
7541,treatment,desktop,8.332769415214933,0,0.0
7542,control,mobile,28.966758394838216,0,0.0
7543,control,mobile,16.470388694676707,0,0.0
7544,control,desktop,38.99898908279271,0,0.0
7545,treatment,mobile,33.390732995884676,0,0.0
7546,control,mobile,17.247360780583403,0,0.0
7547,treatment,desktop,10.388283323156813,0,0.0
7548,control,desktop,16.707989889531852,0,0.0
7549,control,desktop,14.80749756155574,0,0.0
7550,treatment,desktop,79.73745028273812,0,0.0
7551,control,desktop,65.29952959788656,1,85.15649221457193
7552,control,desktop,42.71347710768545,0,0.0
7553,treatment,mobile,51.961416028483136,0,0.0
7554,treatment,desktop,68.89674989923546,0,0.0
7555,treatment,desktop,27.035593823897454,0,0.0
7556,treatment,desktop,97.70246356369724,0,0.0
7557,control,desktop,42.677310369495856,0,0.0
7558,control,desktop,138.7918816080693,0,0.0
7559,control,desktop,9.020565639531092,0,0.0
7560,control,mobile,54.61847128572356,1,45.1927119916507
7561,control,desktop,28.1715144738617,0,0.0
7562,treatment,mobile,27.257265296923727,0,0.0
7563,control,desktop,42.615772583076286,0,0.0
7564,control,desktop,111.71997366328496,0,0.0
7565,treatment,desktop,6.8014398709491015,0,0.0
7566,treatment,desktop,16.764629870912586,0,0.0
7567,treatment,mobile,60.557509384167915,0,0.0
7568,treatment,desktop,13.989214730562235,0,0.0
7569,treatment,desktop,27.909980189908886,0,0.0
7570,control,desktop,34.46158908628243,0,0.0
7571,treatment,mobile,8.76035925155058,0,0.0
7572,treatment,mobile,95.06996338455538,0,0.0
7573,treatment,mobile,56.74632048904446,0,0.0
7574,treatment,desktop,16.926532139957814,0,0.0
7575,treatment,desktop,30.313214320100688,0,0.0
7576,control,mobile,25.084281022470726,1,36.06631912504272
7577,treatment,desktop,66.88661797281267,0,0.0
7578,treatment,desktop,28.862018744363176,0,0.0
7579,control,mobile,20.866657174155037,0,0.0
7580,control,desktop,5.093901595179922,0,0.0
7581,treatment,mobile,49.162713582833526,0,0.0
7582,treatment,desktop,14.16358150080341,0,0.0
7583,control,desktop,54.31373937637157,0,0.0
7584,control,desktop,66.1563748235073,0,0.0
7585,control,mobile,26.75359461279088,0,0.0
7586,control,mobile,24.316106480357984,0,0.0
7587,control,mobile,45.0528107054581,0,0.0
7588,control,mobile,21.3333954779809,0,0.0
7589,treatment,desktop,24.073261454652993,0,0.0
7590,control,mobile,9.697741869493555,0,0.0
7591,control,mobile,42.75850469181805,0,0.0
7592,treatment,desktop,63.46392053027276,0,0.0
7593,treatment,desktop,140.1039724662989,1,18.123820903590822
7594,control,mobile,26.663427315977927,1,73.9616850449513
7595,control,desktop,95.3019042268136,1,55.97860026936723
7596,control,mobile,36.90740561964941,0,0.0
7597,control,mobile,44.15339925880309,0,0.0
7598,treatment,desktop,31.961625349429042,0,0.0
7599,control,desktop,44.44163086848002,0,0.0
7600,treatment,desktop,35.291083633889805,0,0.0
7601,treatment,desktop,40.11801834354159,0,0.0
7602,treatment,mobile,97.5211318383655,0,0.0
7603,treatment,mobile,3.6537463223287108,0,0.0
7604,treatment,desktop,12.821052376518436,0,0.0
7605,treatment,mobile,36.32288793458592,0,0.0
7606,control,mobile,15.291085013833293,0,0.0
7607,control,mobile,28.360724057372263,0,0.0
7608,treatment,mobile,31.776163748907283,0,0.0
7609,treatment,desktop,42.72522220979552,1,27.49127120334259
7610,control,mobile,23.564251552568578,1,94.64860528070052
7611,treatment,mobile,38.492803830618435,0,0.0
7612,control,desktop,63.96104195594372,0,0.0
7613,treatment,mobile,12.920079954223638,0,0.0
7614,control,mobile,21.584069662155333,0,0.0
7615,treatment,mobile,12.85544560042222,0,0.0
7616,treatment,desktop,29.129460671151378,0,0.0
7617,control,mobile,48.86262336197723,0,0.0
7618,treatment,mobile,50.81584262715115,0,0.0
7619,treatment,mobile,17.73777235823422,0,0.0
7620,treatment,desktop,55.45937373171035,0,0.0
7621,treatment,mobile,95.46653252803232,1,34.09286446088209
7622,control,desktop,110.3560731771053,0,0.0
7623,treatment,desktop,52.145846760849935,0,0.0
7624,control,mobile,47.935580405276696,1,17.422259605866525
7625,treatment,desktop,25.870881830717828,0,0.0
7626,treatment,mobile,32.71971341688484,1,30.49329034327796
7627,control,mobile,38.29687163924078,1,65.25446879830125
7628,control,desktop,7.359006752220799,0,0.0
7629,treatment,desktop,34.227282695445446,0,0.0
7630,control,mobile,28.543027138857852,0,0.0
7631,treatment,desktop,25.184346901975946,1,70.59195114998693
7632,control,desktop,92.89180239165313,0,0.0
7633,control,desktop,19.517857732249603,0,0.0
7634,control,mobile,26.23512256460539,0,0.0
7635,control,desktop,87.04857889654697,0,0.0
7636,control,mobile,23.26629444176735,0,0.0
7637,control,desktop,84.29024675422035,1,81.34945548070631
7638,control,mobile,6.492059237436498,0,0.0
7639,treatment,desktop,17.61570764858233,0,0.0
7640,treatment,desktop,47.564276231772155,0,0.0
7641,treatment,desktop,141.1013425652503,0,0.0
7642,treatment,desktop,45.177257380930804,0,0.0
7643,control,desktop,37.57389192223037,0,0.0
7644,treatment,mobile,3.5764379889435984,1,22.718036302340597
7645,treatment,mobile,15.466445160124579,0,0.0
7646,treatment,desktop,21.63892650922536,0,0.0
7647,control,desktop,49.282860612687465,0,0.0
7648,treatment,mobile,10.33498862632766,0,0.0
7649,treatment,mobile,25.312915455740534,0,0.0
7650,treatment,mobile,13.666118774713674,0,0.0
7651,treatment,mobile,45.128247006028126,0,0.0
7652,control,desktop,11.958990915966925,0,0.0
7653,control,desktop,70.62880116462834,0,0.0
7654,treatment,desktop,21.509119018072333,0,0.0
7655,control,desktop,63.61025613255443,0,0.0
7656,treatment,desktop,78.93898125152738,0,0.0
7657,treatment,mobile,66.08661540943427,0,0.0
7658,control,mobile,44.75734271783443,0,0.0
7659,treatment,desktop,29.953014953630472,0,0.0
7660,treatment,desktop,7.443538353390783,0,0.0
7661,control,mobile,80.17936143229358,0,0.0
7662,control,mobile,77.05485788355938,0,0.0
7663,treatment,mobile,27.142856113468284,0,0.0
7664,control,mobile,38.40581800363069,0,0.0
7665,control,desktop,17.951718824380684,1,81.72546144071953
7666,treatment,desktop,81.95242462457111,0,0.0
7667,control,desktop,24.754295041015403,0,0.0
7668,treatment,desktop,10.310016686991101,0,0.0
7669,treatment,desktop,95.96683273801268,0,0.0
7670,treatment,mobile,18.473061610334096,0,0.0
7671,control,mobile,12.32635259643251,0,0.0
7672,treatment,mobile,83.16182040644361,1,88.40007840572814
7673,treatment,mobile,106.53015256622156,0,0.0
7674,control,mobile,144.61398233615483,0,0.0
7675,treatment,mobile,36.770047344883196,0,0.0
7676,treatment,desktop,37.4916652448124,0,0.0
7677,control,mobile,36.4018532038258,0,0.0
7678,treatment,desktop,16.090975966530742,1,140.8682506580819
7679,treatment,desktop,111.06175427642908,0,0.0
7680,treatment,desktop,49.25992197165368,0,0.0
7681,treatment,mobile,43.98164690450638,0,0.0
7682,control,desktop,64.36014213579182,0,0.0
7683,control,mobile,15.613824379668127,0,0.0
7684,control,desktop,22.230327174798163,0,0.0
7685,control,mobile,30.2037275905866,0,0.0
7686,control,desktop,22.107852778368308,1,44.93330639144361
7687,control,mobile,10.309899206809117,0,0.0
7688,treatment,desktop,6.826030565384665,0,0.0
7689,treatment,desktop,6.933818207491146,0,0.0
7690,control,mobile,34.3941344824439,0,0.0
7691,control,mobile,24.637357548353563,0,0.0
7692,treatment,mobile,37.38662547728659,0,0.0
7693,control,desktop,4.382965720160328,1,132.97564588442532
7694,control,desktop,45.665444324666765,0,0.0
7695,treatment,mobile,27.354471982521837,0,0.0
7696,treatment,mobile,3.0465941730610786,0,0.0
7697,treatment,desktop,14.329008122264085,0,0.0
7698,treatment,desktop,64.94077012021579,0,0.0
7699,control,mobile,96.07034497970817,0,0.0
7700,treatment,mobile,23.59818514605538,0,0.0
7701,treatment,desktop,42.11410403844435,0,0.0
7702,treatment,desktop,50.70552981464324,0,0.0
7703,treatment,mobile,68.78513555502542,0,0.0
7704,treatment,desktop,52.54296611920185,0,0.0
7705,control,mobile,22.86356244951248,0,0.0
7706,treatment,desktop,9.71432622217357,1,59.392264540032095
7707,treatment,mobile,30.81537411966068,1,18.237600396088627
7708,control,desktop,33.3259560914899,0,0.0
7709,treatment,mobile,47.08181655265573,0,0.0
7710,treatment,mobile,11.231637007954927,0,0.0
7711,treatment,mobile,13.462591830300653,0,0.0
7712,treatment,desktop,17.717667656790496,0,0.0
7713,control,mobile,79.92905929756547,0,0.0
7714,treatment,mobile,3.992647494775834,1,22.8805936516226
7715,control,desktop,38.69155037878065,0,0.0
7716,control,desktop,100.80626548894756,0,0.0
7717,control,mobile,29.044886114518583,0,0.0
7718,treatment,desktop,5.680538126274075,0,0.0
7719,treatment,desktop,39.33217500657655,0,0.0
7720,treatment,mobile,31.229552600634438,0,0.0
7721,control,desktop,76.50155776358324,0,0.0
7722,control,mobile,13.24554283177993,0,0.0
7723,control,mobile,74.52671823113843,0,0.0
7724,control,mobile,34.346935809767274,0,0.0
7725,treatment,desktop,63.64876412109794,0,0.0
7726,control,desktop,29.49966596490269,0,0.0
7727,control,mobile,7.496454925394733,0,0.0
7728,control,mobile,16.038214805377407,0,0.0
7729,treatment,desktop,69.09243471206591,0,0.0
7730,control,desktop,8.085988083206647,0,0.0
7731,control,desktop,25.530465382590016,0,0.0
7732,treatment,mobile,91.64977122659258,0,0.0
7733,treatment,desktop,36.889134762697296,0,0.0
7734,control,desktop,26.246987980472063,0,0.0
7735,control,mobile,19.8125295949446,0,0.0
7736,treatment,desktop,39.32643980575118,0,0.0
7737,control,mobile,53.88643161215505,0,0.0
7738,treatment,desktop,32.870993510166386,0,0.0
7739,control,desktop,85.92312256833188,0,0.0
7740,control,mobile,19.333591751500457,1,25.718359275611164
7741,control,desktop,74.20612919411909,0,0.0
7742,control,desktop,32.98214022637451,0,0.0
7743,control,desktop,23.852471882104545,1,64.33904736507728
7744,treatment,desktop,22.531554512267252,0,0.0
7745,control,mobile,56.3499865187852,0,0.0
7746,control,mobile,49.02804277112119,0,0.0
7747,control,desktop,104.20074961176556,0,0.0
7748,treatment,desktop,72.53447128414538,0,0.0
7749,control,mobile,25.167187629413203,0,0.0
7750,treatment,desktop,34.16034203001591,1,15.241491079004469
7751,treatment,mobile,90.08757209770444,0,0.0
7752,control,mobile,81.30789677661372,0,0.0
7753,control,mobile,41.35816858195754,0,0.0
7754,treatment,desktop,15.534028245476508,0,0.0
7755,treatment,mobile,53.26315619002226,0,0.0
7756,control,desktop,5.921825584504134,0,0.0
7757,treatment,desktop,26.371886286988897,1,88.03179033407528
7758,treatment,mobile,14.14288289710475,0,0.0
7759,control,mobile,96.08749341563876,0,0.0
7760,control,desktop,55.879310736243184,0,0.0
7761,treatment,mobile,21.163375152695615,0,0.0
7762,treatment,desktop,33.08721245131706,0,0.0
7763,control,mobile,48.077019472666535,0,0.0
7764,treatment,mobile,144.08389096605336,0,0.0
7765,treatment,mobile,33.870541715746306,0,0.0
7766,control,desktop,36.7364379441813,0,0.0
7767,control,desktop,32.59629797949432,0,0.0
7768,treatment,mobile,34.334980300433486,1,27.83960431896163
7769,treatment,desktop,16.48714292679267,0,0.0
7770,treatment,mobile,38.364605540103966,0,0.0
7771,treatment,desktop,26.72327426255653,0,0.0
7772,control,mobile,13.609788645642155,1,22.97471771122947
7773,control,mobile,45.91471755290102,0,0.0
7774,treatment,mobile,54.91996563505215,0,0.0
7775,control,desktop,65.28379002184737,0,0.0
7776,treatment,desktop,36.27734492514105,0,0.0
7777,control,desktop,21.827123687197453,0,0.0
7778,treatment,mobile,2.858928238997498,1,72.51537782069687
7779,control,desktop,13.004559479319376,1,148.38246945869403
7780,control,mobile,26.259002921334083,0,0.0
7781,control,mobile,74.5642787332192,0,0.0
7782,control,desktop,24.33343718261019,0,0.0
7783,control,mobile,64.28872245850998,0,0.0
7784,treatment,mobile,30.488437088457424,0,0.0
7785,control,desktop,27.341524604221785,0,0.0
7786,treatment,desktop,10.220248023979625,0,0.0
7787,treatment,mobile,48.61969496359943,0,0.0
7788,treatment,desktop,113.28144052484397,0,0.0
7789,control,mobile,82.58476577903326,0,0.0
7790,control,mobile,36.23508473743312,0,0.0
7791,treatment,desktop,95.51136535117165,0,0.0
7792,treatment,desktop,42.02197588924665,1,102.22060285082323
7793,control,desktop,34.5186681413382,0,0.0
7794,treatment,mobile,20.514366698529525,0,0.0
7795,treatment,desktop,46.56248493754602,0,0.0
7796,treatment,mobile,34.33399157918664,0,0.0
7797,treatment,mobile,113.76010308470859,0,0.0
7798,treatment,desktop,18.788713893633325,0,0.0
7799,control,desktop,56.989440053429576,0,0.0
7800,control,mobile,15.649565457199566,0,0.0
7801,control,mobile,4.448862709140543,0,0.0
7802,treatment,desktop,104.90351498323705,0,0.0
7803,treatment,desktop,75.50189415814386,0,0.0
7804,treatment,desktop,10.513352395269218,1,37.72171610818859
7805,control,desktop,21.256636659813125,0,0.0
7806,treatment,desktop,49.185799198966286,0,0.0
7807,control,mobile,82.86327823698335,0,0.0
7808,control,desktop,50.18457643050841,0,0.0
7809,control,desktop,52.98776182424551,0,0.0
7810,treatment,desktop,41.253001843168875,0,0.0
7811,control,mobile,21.78701102869473,1,58.175480804668695
7812,control,mobile,34.14568309881185,0,0.0
7813,control,desktop,37.42671807511463,0,0.0
7814,control,mobile,14.7216585547704,0,0.0
7815,treatment,desktop,5.496651417199895,0,0.0
7816,control,desktop,30.218405605228924,0,0.0
7817,treatment,mobile,26.251660704483008,0,0.0
7818,treatment,desktop,13.211602986845254,0,0.0
7819,control,mobile,44.52398049372909,0,0.0
7820,treatment,desktop,58.32423198470416,0,0.0
7821,control,desktop,14.540702031880379,0,0.0
7822,treatment,desktop,37.417413388478636,0,0.0
7823,control,desktop,42.09200421744476,0,0.0
7824,treatment,mobile,25.463249316041015,0,0.0
7825,control,mobile,26.865406680278582,0,0.0
7826,control,desktop,17.047495394370692,0,0.0
7827,control,desktop,26.146788285410707,0,0.0
7828,treatment,mobile,16.26287672060592,0,0.0
7829,control,mobile,60.4209508263014,0,0.0
7830,control,desktop,48.892040068237776,0,0.0
7831,control,desktop,30.361630656046124,0,0.0
7832,treatment,desktop,18.81258987757691,0,0.0
7833,control,mobile,23.19158969169866,1,33.79091239155456
7834,control,desktop,26.440693782719077,0,0.0
7835,treatment,mobile,45.23248430293643,0,0.0
7836,control,desktop,30.45783479145203,0,0.0
7837,treatment,desktop,6.942698622402126,0,0.0
7838,treatment,mobile,55.486891677718035,0,0.0
7839,treatment,mobile,9.767200971769359,0,0.0
7840,control,mobile,12.265001640459163,0,0.0
7841,treatment,desktop,22.75669790080827,0,0.0
7842,control,desktop,3.128139954691462,0,0.0
7843,control,mobile,52.375578461322554,0,0.0
7844,control,desktop,7.149043937840246,0,0.0
7845,treatment,mobile,28.118754567215856,0,0.0
7846,treatment,desktop,67.29967008686906,0,0.0
7847,control,mobile,79.20210332286695,0,0.0
7848,treatment,desktop,23.00951798171552,1,20.350005340699674
7849,treatment,desktop,18.416379758488414,0,0.0
7850,control,desktop,75.51135546315307,0,0.0
7851,control,mobile,52.5610763884343,0,0.0
7852,treatment,desktop,50.44980648816151,0,0.0
7853,treatment,mobile,28.11775266553287,0,0.0
7854,control,desktop,10.548512732234368,0,0.0
7855,control,mobile,69.5355902405783,1,79.96535732325349
7856,control,mobile,11.309147060342946,0,0.0
7857,treatment,mobile,36.10867828041801,1,6.967872831769622
7858,treatment,desktop,15.200275652326864,1,104.95820400998711
7859,control,mobile,13.206712512475537,0,0.0
7860,treatment,desktop,26.97040451202046,0,0.0
7861,treatment,desktop,36.022282089045795,0,0.0
7862,treatment,desktop,22.078797346666686,0,0.0
7863,treatment,mobile,13.554373335380486,0,0.0
7864,treatment,mobile,30.709627641014436,0,0.0
7865,control,mobile,23.23770187825126,0,0.0
7866,control,desktop,61.15110773643005,0,0.0
7867,treatment,mobile,13.331567934792723,0,0.0
7868,control,desktop,14.731354032816864,0,0.0
7869,control,desktop,18.34490063626706,0,0.0
7870,control,mobile,34.08928341787488,0,0.0
7871,control,mobile,33.72147382305056,0,0.0
7872,treatment,desktop,70.71612807339207,1,4.195173330159618
7873,treatment,desktop,80.27653927327945,0,0.0
7874,treatment,desktop,93.78773588816463,1,92.68411308415008
7875,control,desktop,11.906284514127158,0,0.0
7876,treatment,desktop,45.811568248890644,0,0.0
7877,treatment,desktop,48.046692759866644,0,0.0
7878,treatment,desktop,85.99449436184194,0,0.0
7879,control,desktop,63.268311920772675,0,0.0
7880,control,mobile,103.0669516990846,0,0.0
7881,control,desktop,61.885413129925475,0,0.0
7882,treatment,desktop,40.93288706728033,1,25.19419943713925
7883,control,desktop,19.56635770084888,0,0.0
7884,treatment,mobile,6.36074351106828,0,0.0
7885,treatment,mobile,39.368411941451754,1,15.663756783740505
7886,control,desktop,26.73788333836206,0,0.0
7887,treatment,mobile,161.5284114224693,0,0.0
7888,control,mobile,34.772988457042196,0,0.0
7889,control,desktop,12.282065743840992,1,80.8760522269052
7890,treatment,desktop,12.742813896461882,0,0.0
7891,treatment,desktop,33.017371290139614,0,0.0
7892,control,desktop,175.13933636287408,0,0.0
7893,treatment,desktop,41.54952416421672,0,0.0
7894,control,desktop,15.57504801862737,0,0.0
7895,treatment,mobile,19.47587740247377,1,29.179123585522856
7896,treatment,mobile,19.96291090097377,0,0.0
7897,treatment,desktop,8.28651811154361,0,0.0
7898,treatment,mobile,74.64586996846445,0,0.0
7899,treatment,mobile,17.802822716826704,0,0.0
7900,control,desktop,45.365472348941786,0,0.0
7901,treatment,mobile,23.86389695329701,0,0.0
7902,control,desktop,55.819169293921135,0,0.0
7903,treatment,desktop,44.32319835938115,0,0.0
7904,treatment,mobile,12.116775364524866,0,0.0
7905,treatment,mobile,39.221404631702335,0,0.0
7906,control,desktop,56.663819292392,0,0.0
7907,treatment,desktop,36.12359145833841,0,0.0
7908,treatment,desktop,65.24175162816518,0,0.0
7909,treatment,mobile,22.277103066285306,0,0.0
7910,treatment,mobile,53.46327117841071,0,0.0
7911,treatment,desktop,30.332891820556434,1,15.00841370913657
7912,control,desktop,74.06738942413352,0,0.0
7913,control,desktop,12.235324875204052,0,0.0
7914,control,mobile,19.54951654656332,0,0.0
7915,control,mobile,12.582964875420542,0,0.0
7916,treatment,mobile,22.476984780088458,0,0.0
7917,treatment,desktop,48.29849690637994,0,0.0
7918,control,mobile,13.353200942685673,0,0.0
7919,control,mobile,15.015233188772852,0,0.0
7920,control,mobile,30.648837676380477,1,52.57480430015719
7921,treatment,mobile,40.11479511215928,0,0.0
7922,treatment,desktop,77.41861529851607,0,0.0
7923,treatment,desktop,34.52759570649992,0,0.0
7924,control,mobile,50.062781400917125,0,0.0
7925,control,desktop,55.207401670882604,0,0.0
7926,treatment,mobile,53.01870045594657,0,0.0
7927,treatment,desktop,4.162531070237972,0,0.0
7928,control,desktop,37.05782122585508,0,0.0
7929,treatment,desktop,15.003387766369112,0,0.0
7930,treatment,desktop,30.341622121982947,1,54.42599006924915
7931,treatment,mobile,73.02133002696925,0,0.0
7932,control,desktop,43.877158028635826,0,0.0
7933,control,desktop,97.49654524400653,0,0.0
7934,control,mobile,138.03132775311937,0,0.0
7935,control,desktop,21.83104817799151,0,0.0
7936,treatment,mobile,71.55973805966539,0,0.0
7937,control,desktop,47.117108070468554,0,0.0
7938,treatment,desktop,42.84195900215401,0,0.0
7939,control,desktop,45.118775587109454,0,0.0
7940,control,mobile,40.95380164554696,0,0.0
7941,treatment,desktop,20.894160960316917,0,0.0
7942,control,desktop,30.87821448735295,0,0.0
7943,treatment,desktop,56.32805855166859,0,0.0
7944,control,mobile,3.3362038125913434,0,0.0
7945,control,desktop,43.714819149455664,0,0.0
7946,treatment,desktop,23.698257475100082,0,0.0
7947,treatment,desktop,8.057930308196498,0,0.0
7948,treatment,desktop,49.90941675106587,0,0.0
7949,treatment,mobile,27.423788000347344,0,0.0
7950,control,mobile,34.99523843154756,0,0.0
7951,control,mobile,38.02322278845362,1,11.164151021634078
7952,control,desktop,38.41331028973505,0,0.0
7953,control,desktop,40.54826029107531,0,0.0
7954,control,desktop,7.572314513325782,0,0.0
7955,treatment,desktop,4.814273690710681,0,0.0
7956,treatment,mobile,7.859700552847481,0,0.0
7957,treatment,desktop,25.561971100490396,0,0.0
7958,control,desktop,84.52958453767044,0,0.0
7959,treatment,mobile,100.0125278795334,0,0.0
7960,control,desktop,11.031059387099804,0,0.0
7961,treatment,desktop,38.72298628556951,0,0.0
7962,control,desktop,36.158301924413244,1,115.46548452190105
7963,treatment,mobile,56.142569547093125,0,0.0
7964,treatment,mobile,34.61311668696211,0,0.0
7965,treatment,mobile,65.20297274468562,0,0.0
7966,control,mobile,12.831318449731858,0,0.0
7967,treatment,desktop,25.60812060955881,1,30.60687672547671
7968,treatment,desktop,25.660110083704527,0,0.0
7969,treatment,desktop,37.97107002245847,0,0.0
7970,control,desktop,25.640169191619428,1,22.707775073366168
7971,treatment,desktop,59.05710756656576,0,0.0
7972,control,desktop,44.0758626789442,0,0.0
7973,treatment,mobile,41.37440717865214,0,0.0
7974,treatment,mobile,50.56251481210329,0,0.0
7975,treatment,mobile,17.4473512090213,0,0.0
7976,control,desktop,31.26895954008343,0,0.0
7977,treatment,desktop,16.490186199588322,0,0.0
7978,treatment,mobile,44.421069925361095,0,0.0
7979,treatment,desktop,26.56548355109296,0,0.0
7980,control,desktop,50.61195373074463,0,0.0
7981,treatment,desktop,71.2586113296499,0,0.0
7982,control,mobile,17.173370480076187,0,0.0
7983,control,desktop,34.02114230152205,0,0.0
7984,control,desktop,93.04158851261363,0,0.0
7985,control,desktop,12.997006407316867,0,0.0
7986,control,desktop,21.721290171962995,0,0.0
7987,treatment,mobile,35.23676235300933,1,36.44985845672048
7988,treatment,desktop,20.641663130000705,0,0.0
7989,control,desktop,57.71469756928033,0,0.0
7990,control,desktop,49.31993884686062,0,0.0
7991,control,desktop,26.435390941236676,0,0.0
7992,control,mobile,16.353320538239597,0,0.0
7993,treatment,mobile,9.009943864639647,0,0.0
7994,treatment,desktop,4.883085763919256,0,0.0
7995,treatment,desktop,82.58998120383778,0,0.0
7996,control,desktop,26.600302524851823,0,0.0
7997,treatment,desktop,79.23937148504811,0,0.0
7998,treatment,desktop,33.36355209946327,0,0.0
7999,treatment,mobile,19.06772109033845,0,0.0
8000,treatment,mobile,140.86901113094117,0,0.0
8001,control,mobile,22.28946900751839,0,0.0
8002,treatment,mobile,27.489742848258455,0,0.0
8003,treatment,desktop,76.74289089696504,0,0.0
8004,treatment,mobile,82.62619039352559,0,0.0
8005,control,desktop,25.635246689314357,0,0.0
8006,treatment,mobile,48.32073832655989,0,0.0
8007,control,mobile,64.99570955303402,0,0.0
8008,treatment,mobile,29.15283262198209,0,0.0
8009,treatment,mobile,110.08283484705285,0,0.0
8010,control,mobile,24.37932274133082,0,0.0
8011,treatment,desktop,27.688567052952667,0,0.0
8012,treatment,mobile,40.12118165061264,0,0.0
8013,treatment,mobile,80.44904969730592,0,0.0
8014,control,desktop,53.24489715277999,0,0.0
8015,control,mobile,55.53620873616339,0,0.0
8016,treatment,desktop,34.76267243908111,1,80.87296916549339
8017,control,mobile,19.43007941663155,0,0.0
8018,control,desktop,51.376640686040005,0,0.0
8019,control,desktop,46.211202094908195,0,0.0
8020,control,desktop,1.84040012170111,0,0.0
8021,treatment,mobile,18.43590193137875,0,0.0
8022,treatment,mobile,36.04421666670109,1,36.90514997629288
8023,treatment,mobile,14.810357406571644,0,0.0
8024,treatment,desktop,49.01576180015012,0,0.0
8025,control,mobile,94.22711066501236,1,20.700050149071377
8026,control,desktop,55.56707029168882,0,0.0
8027,treatment,mobile,41.011708918148535,0,0.0
8028,control,desktop,30.674764747817825,0,0.0
8029,control,desktop,49.120622437167725,0,0.0
8030,treatment,mobile,13.07318613921813,0,0.0
8031,control,mobile,57.68770293364507,0,0.0
8032,control,mobile,32.0266069748454,0,0.0
8033,control,desktop,6.858252442245848,0,0.0
8034,control,desktop,30.426182497280216,0,0.0
8035,control,mobile,87.53944554935366,0,0.0
8036,treatment,mobile,70.86422656505636,1,31.33585916016023
8037,control,mobile,18.03097210882774,0,0.0
8038,treatment,desktop,48.61532010340983,0,0.0
8039,treatment,desktop,38.983898636176654,0,0.0
8040,treatment,desktop,46.61561876545501,0,0.0
8041,treatment,mobile,4.320206153191029,0,0.0
8042,control,mobile,15.775552150714727,0,0.0
8043,treatment,mobile,33.74634592415022,0,0.0
8044,treatment,mobile,49.08042577038988,0,0.0
8045,treatment,mobile,38.40856189763936,0,0.0
8046,control,desktop,17.725460058707565,0,0.0
8047,treatment,desktop,44.4056602521981,0,0.0
8048,treatment,desktop,36.00564290267791,0,0.0
8049,control,desktop,47.18028111864518,0,0.0
8050,control,mobile,37.91306159824409,0,0.0
8051,treatment,desktop,12.469223748151437,1,28.21356932494481
8052,treatment,desktop,34.90672823125904,0,0.0
8053,control,desktop,63.583091891774345,0,0.0
8054,treatment,desktop,53.28451833303014,0,0.0
8055,control,mobile,30.623513051055337,0,0.0
8056,control,desktop,15.888953366638232,0,0.0
8057,control,mobile,34.961641624625116,0,0.0
8058,control,desktop,36.28343899917346,1,59.61293015331593
8059,control,mobile,40.309365845280496,0,0.0
8060,treatment,desktop,39.12982456197449,0,0.0
8061,control,mobile,139.65906884264433,0,0.0
8062,treatment,desktop,22.831471351306995,0,0.0
8063,control,mobile,94.09021376053548,0,0.0
8064,treatment,desktop,121.28177243235552,0,0.0
8065,treatment,desktop,17.135248033193772,1,76.00428958807227
8066,control,mobile,6.080098600878356,0,0.0
8067,control,mobile,16.1764359711569,0,0.0
8068,treatment,desktop,22.696258268723028,0,0.0
8069,treatment,desktop,5.954883696676027,0,0.0
8070,control,mobile,71.29933598272675,0,0.0
8071,control,desktop,47.06433126084399,0,0.0
8072,control,desktop,16.841008429614643,0,0.0
8073,control,desktop,6.7202574436782445,0,0.0
8074,treatment,desktop,21.65049863008923,0,0.0
8075,control,mobile,45.19997404387447,0,0.0
8076,control,desktop,28.51745510375114,0,0.0
8077,treatment,desktop,12.48254947932502,0,0.0
8078,control,mobile,75.49750949246717,1,155.90994043256737
8079,treatment,mobile,39.86010670737099,0,0.0
8080,control,desktop,56.05974981295819,0,0.0
8081,control,desktop,4.665249722216737,0,0.0
8082,treatment,desktop,17.28324999695625,0,0.0
8083,control,desktop,33.84357013062505,0,0.0
8084,treatment,desktop,31.940256512968283,0,0.0
8085,control,desktop,45.890630266050394,0,0.0
8086,control,desktop,37.05531728325702,0,0.0
8087,control,mobile,28.27654310695616,0,0.0
8088,treatment,desktop,12.880355495210127,0,0.0
8089,treatment,desktop,10.42348307697438,0,0.0
8090,treatment,desktop,37.778751749813445,0,0.0
8091,control,desktop,19.851081736420127,0,0.0
8092,control,mobile,64.9753737309533,0,0.0
8093,treatment,mobile,17.791322624749263,0,0.0
8094,control,mobile,90.93276320500058,0,0.0
8095,treatment,desktop,17.504801316609033,0,0.0
8096,control,desktop,8.917970495019848,1,16.068490774112252
8097,treatment,desktop,66.46226888555917,0,0.0
8098,treatment,mobile,4.836030094812907,0,0.0
8099,control,desktop,21.650216365046198,0,0.0
8100,treatment,mobile,32.14848440785056,1,30.039171565324082
8101,treatment,desktop,44.15521807696379,1,31.806654401642444
8102,control,mobile,18.190098142976694,0,0.0
8103,treatment,desktop,20.468249945993925,0,0.0
8104,control,mobile,24.863109710873786,0,0.0
8105,treatment,desktop,18.693033656562893,0,0.0
8106,control,desktop,16.913033191292282,0,0.0
8107,treatment,desktop,25.985333442003785,0,0.0
8108,treatment,mobile,71.34177388759025,1,20.674461709433583
8109,control,desktop,42.548821051436256,0,0.0
8110,treatment,desktop,9.259481729850371,0,0.0
8111,control,desktop,20.155141986249173,0,0.0
8112,treatment,desktop,118.39056663083296,0,0.0
8113,control,mobile,48.780646689930805,0,0.0
8114,treatment,desktop,33.57260456237084,0,0.0
8115,treatment,desktop,48.143540542329134,1,90.5550074411307
8116,control,desktop,44.534848354710036,0,0.0
8117,control,desktop,9.228243545295186,1,24.525923038629426
8118,treatment,desktop,44.721344908572064,0,0.0
8119,control,mobile,23.627646326631087,0,0.0
8120,treatment,mobile,17.918096438636148,0,0.0
8121,treatment,desktop,32.88162883868567,0,0.0
8122,treatment,mobile,104.70507313654369,0,0.0
8123,treatment,mobile,29.460970937050867,0,0.0
8124,control,desktop,69.24798080429615,0,0.0
8125,control,desktop,16.859519463237326,0,0.0
8126,control,mobile,34.40417714544428,0,0.0
8127,treatment,mobile,3.9292982791987274,0,0.0
8128,control,desktop,17.911070972931316,1,89.61371291986573
8129,treatment,mobile,23.394170373010702,1,138.20854577768748
8130,control,desktop,18.360390913334285,0,0.0
8131,control,desktop,42.736631998749715,0,0.0
8132,treatment,mobile,103.16940563562412,0,0.0
8133,control,desktop,49.91983958847497,1,59.201674837179986
8134,control,mobile,42.57709288259967,0,0.0
8135,control,desktop,16.97603367657708,0,0.0
8136,control,mobile,3.7705479901497245,0,0.0
8137,control,mobile,108.39714299618954,0,0.0
8138,control,desktop,64.09303176050683,0,0.0
8139,treatment,desktop,86.76014340193976,0,0.0
8140,treatment,desktop,12.000045252015461,0,0.0
8141,treatment,mobile,16.138988455331134,0,0.0
8142,treatment,mobile,35.735683688630274,1,116.99755648019384
8143,treatment,mobile,13.11696501614539,0,0.0
8144,treatment,desktop,27.80221368675779,0,0.0
8145,treatment,mobile,12.05203396855544,1,139.087219598706
8146,control,mobile,23.671477908564725,1,97.07002080157356
8147,treatment,desktop,17.545193539046984,0,0.0
8148,control,desktop,80.33215862997936,0,0.0
8149,control,desktop,146.84732265473994,1,67.00646415075201
8150,control,mobile,8.15649846590839,0,0.0
8151,treatment,desktop,64.28911769638589,0,0.0
8152,control,desktop,33.05090340666882,0,0.0
8153,control,desktop,28.97786500015256,1,148.227670812633
8154,control,mobile,47.40245147390655,0,0.0
8155,treatment,mobile,23.329117373156304,0,0.0
8156,treatment,mobile,0.8915499913194449,0,0.0
8157,control,mobile,83.34785478005995,0,0.0
8158,treatment,mobile,44.68088816611571,0,0.0
8159,control,mobile,15.26127477851955,1,33.369155762544494
8160,control,desktop,20.67719971590521,0,0.0
8161,control,mobile,56.78532911291765,0,0.0
8162,control,desktop,28.73433473502475,0,0.0
8163,control,desktop,22.53540358599388,0,0.0
8164,control,desktop,62.54112751029603,0,0.0
8165,treatment,desktop,27.240515007851023,0,0.0
8166,control,mobile,10.867603320152428,0,0.0
8167,treatment,desktop,10.971852559560213,0,0.0
8168,control,mobile,58.97365069779034,0,0.0
8169,treatment,mobile,94.07985355402126,0,0.0
8170,treatment,desktop,53.36030374420865,1,16.292546739973844
8171,treatment,desktop,44.121211124610525,0,0.0
8172,control,mobile,26.104545503441617,0,0.0
8173,treatment,desktop,7.76649293404707,1,89.71309338040417
8174,treatment,mobile,29.93135209647921,1,43.32883307298287
8175,control,desktop,22.993313165478988,0,0.0
8176,control,mobile,43.67088400026982,1,95.95656898218179
8177,control,mobile,27.169440695741095,0,0.0
8178,control,desktop,53.86391199679907,0,0.0
8179,control,mobile,34.46177379187034,0,0.0
8180,treatment,mobile,33.26200669736667,0,0.0
8181,treatment,desktop,21.756930127146582,0,0.0
8182,control,mobile,41.2225697611356,0,0.0
8183,control,mobile,7.227470244687164,0,0.0
8184,control,desktop,29.95663630125069,0,0.0
8185,treatment,desktop,4.903280046546115,0,0.0
8186,control,desktop,31.12645259501788,0,0.0
8187,control,desktop,26.93566530555975,0,0.0
8188,control,mobile,49.38237083209161,0,0.0
8189,treatment,mobile,56.63075281227887,0,0.0
8190,treatment,desktop,137.67483274107497,0,0.0
8191,control,desktop,112.51294642428508,0,0.0
8192,control,mobile,42.79450602892423,0,0.0
8193,control,desktop,50.798672979303554,0,0.0
8194,treatment,desktop,96.54387109657978,0,0.0
8195,treatment,mobile,19.00099397334046,0,0.0
8196,treatment,desktop,53.391444252361396,0,0.0
8197,control,mobile,2.9036372418131333,0,0.0
8198,treatment,desktop,97.42053697152113,0,0.0
8199,treatment,mobile,62.18564694926001,0,0.0
8200,control,mobile,80.89912110711532,0,0.0
8201,treatment,mobile,18.378585902748306,0,0.0
8202,control,mobile,24.91656081604183,0,0.0
8203,control,desktop,57.698455320569124,0,0.0
8204,control,mobile,53.66815750427126,0,0.0
8205,control,mobile,19.3794218989393,0,0.0
8206,treatment,mobile,34.03036658873963,0,0.0
8207,control,desktop,12.212817050786109,0,0.0
8208,treatment,desktop,12.852057371777533,0,0.0
8209,treatment,mobile,5.659276100653128,1,57.068686323699964
8210,control,mobile,66.77174341361555,0,0.0
8211,control,mobile,30.308594420807452,0,0.0
8212,control,mobile,36.49414261640836,0,0.0
8213,treatment,desktop,16.85256142891832,0,0.0
8214,control,mobile,5.999597143935809,0,0.0
8215,control,desktop,36.02735430840201,1,15.169761738954048
8216,control,mobile,33.0698744224212,0,0.0
8217,treatment,desktop,48.6798748413132,0,0.0
8218,treatment,mobile,24.88961398261974,0,0.0
8219,control,desktop,64.56671119730046,0,0.0
8220,control,desktop,184.50303136147096,0,0.0
8221,control,desktop,18.329874860343374,0,0.0
8222,treatment,desktop,18.660824971046917,0,0.0
8223,treatment,desktop,21.164782970357216,0,0.0
8224,control,desktop,5.767395921716546,0,0.0
8225,control,desktop,56.93651151492911,0,0.0
8226,control,mobile,112.2833200598261,0,0.0
8227,treatment,mobile,24.69984917418484,0,0.0
8228,treatment,mobile,15.623368939685232,0,0.0
8229,treatment,desktop,29.98331243878754,1,4.671121746655459
8230,treatment,desktop,1.8355639493267952,0,0.0
8231,treatment,desktop,12.95193133825687,0,0.0
8232,treatment,desktop,38.620609357000156,0,0.0
8233,treatment,desktop,79.80410930693591,0,0.0
8234,control,desktop,85.71560295996139,0,0.0
8235,treatment,desktop,15.887659572181931,0,0.0
8236,control,mobile,8.902493690695461,0,0.0
8237,treatment,mobile,44.559667793725126,0,0.0
8238,treatment,desktop,29.642696359527726,0,0.0
8239,treatment,mobile,25.27607237037039,0,0.0
8240,treatment,desktop,15.629016593364666,0,0.0
8241,control,desktop,21.90904940056499,0,0.0
8242,treatment,mobile,23.64208870703536,1,15.390277002998962
8243,treatment,mobile,91.02650407835249,0,0.0
8244,treatment,mobile,134.1695470510857,0,0.0
8245,treatment,mobile,75.86063837380019,0,0.0
8246,treatment,desktop,146.45444207804405,0,0.0
8247,control,desktop,23.90405547294675,0,0.0
8248,treatment,mobile,55.26878330764524,1,135.15656262012587
8249,control,mobile,42.26454126568103,0,0.0
8250,control,desktop,49.000429515695274,0,0.0
8251,control,mobile,35.70891528030873,0,0.0
8252,treatment,mobile,62.30325283585665,1,8.286057717925358
8253,control,mobile,67.87887650197155,0,0.0
8254,control,desktop,34.41870987296511,1,24.53633957547226
8255,control,desktop,28.232135119058984,0,0.0
8256,treatment,mobile,38.46010268506155,1,38.17000435283798
8257,treatment,mobile,55.95343917847047,0,0.0
8258,treatment,mobile,72.02570529901675,0,0.0
8259,control,desktop,8.547374709797733,0,0.0
8260,treatment,mobile,1.0966233273770956,0,0.0
8261,control,desktop,62.42117580238865,1,23.590402593750923
8262,treatment,mobile,80.26905080874317,0,0.0
8263,control,mobile,40.5934179780597,0,0.0
8264,control,mobile,5.574749784327588,0,0.0
8265,treatment,mobile,106.86912432493058,0,0.0
8266,treatment,mobile,79.5496989392653,0,0.0
8267,control,mobile,130.06586572350867,0,0.0
8268,treatment,mobile,36.03986760915131,0,0.0
8269,treatment,mobile,15.60592365442125,0,0.0
8270,treatment,mobile,72.30967599731785,1,115.73091598289056
8271,control,mobile,76.49982347337027,0,0.0
8272,control,mobile,14.90761482685216,0,0.0
8273,treatment,mobile,4.600240924339141,0,0.0
8274,control,desktop,5.567773348733245,0,0.0
8275,control,desktop,49.374737417971545,0,0.0
8276,control,desktop,28.730773958283788,0,0.0
8277,control,desktop,23.263278948937153,0,0.0
8278,control,mobile,10.57124936617319,0,0.0
8279,control,mobile,5.535367271370337,0,0.0
8280,treatment,mobile,55.00152263635584,0,0.0
8281,control,mobile,74.61612364908132,0,0.0
8282,treatment,desktop,31.687904085395132,0,0.0
8283,control,desktop,28.918264583625902,0,0.0
8284,treatment,desktop,14.242686412033299,0,0.0
8285,treatment,mobile,28.426362831358066,1,65.71028441783858
8286,control,desktop,68.98222543992536,0,0.0
8287,control,desktop,50.846318575031674,0,0.0
8288,treatment,desktop,42.1777720411741,0,0.0
8289,control,desktop,16.289578434742545,0,0.0
8290,control,mobile,29.980489874121233,0,0.0
8291,treatment,desktop,41.32125868960732,0,0.0
8292,control,desktop,44.82179005370365,0,0.0
8293,treatment,mobile,88.93147735875817,0,0.0
8294,control,mobile,6.586186190848029,0,0.0
8295,treatment,mobile,6.6482271172366145,0,0.0
8296,treatment,mobile,38.74629026106717,0,0.0
8297,control,mobile,15.270680285080914,0,0.0
8298,treatment,mobile,63.7185846990997,0,0.0
8299,treatment,mobile,72.20791527649293,0,0.0
8300,control,desktop,48.68344319384137,0,0.0
8301,control,desktop,13.370257714014354,0,0.0
8302,treatment,desktop,28.444322099158484,1,9.891547963670236
8303,treatment,desktop,56.84439675788874,0,0.0
8304,control,mobile,89.66242636992055,0,0.0
8305,treatment,desktop,28.530084477776178,0,0.0
8306,control,mobile,25.30904399346882,0,0.0
8307,treatment,mobile,32.98672370447033,0,0.0
8308,treatment,mobile,38.309789967321855,0,0.0
8309,control,desktop,27.9575024745822,0,0.0
8310,control,mobile,79.14464438854678,0,0.0
8311,treatment,desktop,44.80555261181859,0,0.0
8312,treatment,mobile,26.153508101325286,0,0.0
8313,treatment,desktop,12.762585663110851,0,0.0
8314,treatment,desktop,27.604524510397063,0,0.0
8315,treatment,desktop,13.722745165086174,0,0.0
8316,control,mobile,31.385372535129427,0,0.0
8317,treatment,desktop,19.84859272926859,0,0.0
8318,treatment,mobile,11.60101282484663,0,0.0
8319,treatment,desktop,27.13272270337963,0,0.0
8320,control,desktop,6.6492707329948,1,63.80941820328915
8321,treatment,desktop,2.6765113465341823,0,0.0
8322,control,mobile,24.116699626190773,0,0.0
8323,treatment,mobile,26.68434438963596,0,0.0
8324,treatment,desktop,33.81541675286491,0,0.0
8325,treatment,desktop,8.387561525701496,0,0.0
8326,treatment,desktop,51.64057078928576,1,31.97279961027012
8327,control,desktop,43.78724944807221,1,116.10884556346569
8328,control,mobile,10.807536659532985,1,78.82466932633449
8329,control,desktop,31.364357233556312,0,0.0
8330,control,mobile,51.51892076092981,1,61.070820543531774
8331,treatment,mobile,57.66316551781907,0,0.0
8332,treatment,desktop,23.62250086931703,0,0.0
8333,control,mobile,33.856757740274965,0,0.0
8334,control,mobile,73.03050596357714,0,0.0
8335,treatment,desktop,27.106487394810856,0,0.0
8336,treatment,mobile,17.570779638224092,0,0.0
8337,treatment,mobile,46.31487922829515,0,0.0
8338,treatment,mobile,63.623425173990455,1,65.33334840260585
8339,treatment,desktop,6.8457319917077,0,0.0
8340,treatment,mobile,16.05371854456057,0,0.0
8341,control,desktop,66.86122842131947,0,0.0
8342,control,desktop,15.968099446118003,0,0.0
8343,treatment,desktop,24.330367222851656,0,0.0
8344,treatment,desktop,63.99951117295193,0,0.0
8345,control,desktop,36.17271038608101,0,0.0
8346,control,mobile,56.181014322299916,0,0.0
8347,control,desktop,9.844860116814072,0,0.0
8348,control,desktop,55.324422843846925,0,0.0
8349,control,mobile,15.820912374643747,0,0.0
8350,treatment,mobile,9.773477024073046,0,0.0
8351,control,desktop,96.64712158875594,0,0.0
8352,control,desktop,30.315524615381555,0,0.0
8353,treatment,mobile,41.52995528133067,0,0.0
8354,control,mobile,50.815486348734574,0,0.0
8355,treatment,desktop,32.17503595669009,1,176.80592320430014
8356,treatment,desktop,60.40447107211169,0,0.0
8357,control,mobile,23.62511188180762,0,0.0
8358,treatment,desktop,35.974020566669566,0,0.0
8359,control,mobile,32.69747424345704,1,43.62114869978382
8360,control,mobile,13.899145255595936,0,0.0
8361,treatment,desktop,57.461287441494164,0,0.0
8362,control,mobile,122.16869335156099,0,0.0
8363,treatment,mobile,12.778277994765567,0,0.0
8364,control,mobile,17.933376509084496,0,0.0
8365,treatment,mobile,85.15458548948874,0,0.0
8366,control,desktop,31.945094841533162,0,0.0
8367,treatment,desktop,2.8159309197895688,0,0.0
8368,treatment,desktop,76.82693594412899,0,0.0
8369,control,desktop,29.883040191543586,0,0.0
8370,treatment,mobile,35.72585051864028,0,0.0
8371,control,mobile,77.23351012142494,1,38.115959870842865
8372,treatment,desktop,50.60944102127824,0,0.0
8373,control,desktop,11.544079807268368,1,45.84779671250511
8374,control,desktop,42.91060035357297,0,0.0
8375,treatment,desktop,53.47688051560047,0,0.0
8376,treatment,mobile,61.1205649720451,0,0.0
8377,treatment,mobile,36.068833250431574,0,0.0
8378,control,mobile,15.052462094729428,1,54.45389433567567
8379,control,mobile,31.801584520328493,0,0.0
8380,treatment,desktop,9.154244131221567,0,0.0
8381,treatment,desktop,85.09593956140192,0,0.0
8382,treatment,mobile,66.2290048900579,1,48.505455266480986
8383,treatment,desktop,5.5116870959145405,0,0.0
8384,control,desktop,14.713110659692932,0,0.0
8385,control,desktop,40.7056301467872,0,0.0
8386,treatment,desktop,11.388446503888359,1,71.67929564676722
8387,treatment,mobile,13.822488380019124,0,0.0
8388,control,desktop,26.96717865952924,0,0.0
8389,control,mobile,15.199449632957718,0,0.0
8390,treatment,mobile,99.06959377658796,0,0.0
8391,treatment,mobile,43.131603394173936,0,0.0
8392,control,desktop,15.100584276771798,0,0.0
8393,control,desktop,9.780810687754455,0,0.0
8394,treatment,desktop,26.28334023421928,0,0.0
8395,treatment,mobile,39.14676404779018,0,0.0
8396,treatment,desktop,25.78074063092023,0,0.0
8397,control,desktop,1.6441733278316701,0,0.0
8398,treatment,desktop,60.99069268063636,0,0.0
8399,treatment,desktop,60.933515939730555,0,0.0
8400,treatment,desktop,59.84826672809988,0,0.0
8401,treatment,desktop,15.552118575074358,0,0.0
8402,control,mobile,35.18138871630568,1,22.70065980373341
8403,control,mobile,60.53132217390871,0,0.0
8404,control,desktop,33.81680791139585,0,0.0
8405,treatment,desktop,27.99484199061725,0,0.0
8406,treatment,desktop,12.137558541311579,0,0.0
8407,control,mobile,15.395278545373223,0,0.0
8408,treatment,desktop,41.510139615185665,0,0.0
8409,control,mobile,90.33158358966756,0,0.0
8410,treatment,mobile,13.060395440721493,0,0.0
8411,treatment,desktop,50.11506736300887,1,56.06158310107235
8412,control,desktop,52.411141824631486,0,0.0
8413,control,desktop,32.83756355340205,0,0.0
8414,control,mobile,71.31538328217165,0,0.0
8415,control,mobile,31.787317609319015,0,0.0
8416,control,mobile,53.726316541807186,0,0.0
8417,treatment,desktop,22.298252807177175,0,0.0
8418,treatment,mobile,3.886185791003456,0,0.0
8419,control,mobile,58.55559796760818,0,0.0
8420,treatment,desktop,25.826419627370708,0,0.0
8421,treatment,desktop,113.854350464575,0,0.0
8422,control,desktop,28.025438121516256,1,72.50294859229213
8423,treatment,mobile,34.30889363262066,0,0.0
8424,control,mobile,1.0648923151372522,0,0.0
8425,treatment,desktop,51.42365547734288,0,0.0
8426,treatment,desktop,9.340383177677436,1,212.47260958264445
8427,treatment,mobile,8.238499054656398,0,0.0
8428,control,mobile,22.918626080318433,1,70.24972748705383
8429,control,desktop,21.7791857125859,0,0.0
8430,control,desktop,23.106111529514152,0,0.0
8431,treatment,desktop,21.51090610403738,0,0.0
8432,treatment,desktop,39.04560003821682,1,77.14977916100419
8433,treatment,mobile,32.970685760590605,0,0.0
8434,control,desktop,37.93312385332956,0,0.0
8435,control,mobile,130.12159152992132,0,0.0
8436,control,desktop,137.2216642799096,0,0.0
8437,control,mobile,74.35949557628183,0,0.0
8438,control,mobile,41.85025560312805,0,0.0
8439,treatment,mobile,65.95444200715689,1,88.6964155369468
8440,control,mobile,86.78084874578288,0,0.0
8441,control,desktop,32.76599416139338,0,0.0
8442,control,mobile,11.010164757259348,0,0.0
8443,control,desktop,141.02066512766433,0,0.0
8444,control,desktop,36.61189260506,0,0.0
8445,treatment,desktop,1.9142587028292204,0,0.0
8446,control,mobile,39.048247714498686,0,0.0
8447,treatment,mobile,49.682455794688636,0,0.0
8448,treatment,desktop,96.76075722858462,0,0.0
8449,treatment,desktop,27.50601618829588,0,0.0
8450,treatment,mobile,47.59058283531292,0,0.0
8451,treatment,desktop,69.0040496890619,0,0.0
8452,control,desktop,15.369060876590616,0,0.0
8453,control,mobile,43.0051910622159,1,59.368624755571645
8454,treatment,desktop,33.839770018562696,0,0.0
8455,control,mobile,48.415679111394276,0,0.0
8456,treatment,mobile,1.6756445587866944,0,0.0
8457,control,mobile,36.58774449296323,0,0.0
8458,treatment,mobile,44.22625166918394,0,0.0
8459,treatment,mobile,29.42790514843049,0,0.0
8460,treatment,mobile,56.156028397290996,0,0.0
8461,treatment,desktop,28.025282216592085,0,0.0
8462,control,mobile,49.44100896536615,0,0.0
8463,treatment,desktop,40.989269788053775,0,0.0
8464,treatment,desktop,53.39084722870547,1,68.34861766564319
8465,control,desktop,9.490781376158846,0,0.0
8466,control,desktop,46.759570644801435,0,0.0
8467,control,desktop,36.126147533750455,0,0.0
8468,control,mobile,49.364897822760966,0,0.0
8469,control,desktop,62.14862701027603,0,0.0
8470,control,desktop,3.4363977586905032,0,0.0
8471,treatment,mobile,102.83035302496076,1,79.32964226763919
8472,treatment,desktop,56.591557100110286,0,0.0
8473,treatment,mobile,17.539731201185006,0,0.0
8474,treatment,desktop,15.110414827373702,0,0.0
8475,control,mobile,94.95686952214479,0,0.0
8476,treatment,desktop,33.0616832080084,0,0.0
8477,control,mobile,30.79285868837151,0,0.0
8478,treatment,mobile,48.95403977574844,0,0.0
8479,treatment,mobile,38.20767559456107,0,0.0
8480,control,desktop,13.149828232195004,0,0.0
8481,control,desktop,31.58876560825488,0,0.0
8482,treatment,desktop,55.870641969373025,0,0.0
8483,control,mobile,55.72077567018101,0,0.0
8484,treatment,desktop,37.41580750150081,0,0.0
8485,control,mobile,70.05544225804078,0,0.0
8486,treatment,mobile,13.948315279072432,0,0.0
8487,control,desktop,33.591144038557815,0,0.0
8488,control,desktop,11.164051896311536,0,0.0
8489,treatment,mobile,45.04271544713309,0,0.0
8490,treatment,mobile,33.74437972052755,1,14.495163872253789
8491,control,mobile,34.018388315726796,0,0.0
8492,treatment,mobile,33.8014334111299,0,0.0
8493,treatment,desktop,7.105431027117057,1,33.525789272426884
8494,control,desktop,46.71754494029305,0,0.0
8495,control,mobile,114.49496977022535,0,0.0
8496,treatment,desktop,14.079735917502399,0,0.0
8497,treatment,mobile,47.41732960549797,0,0.0
8498,control,desktop,13.101407932088547,0,0.0
8499,control,mobile,31.092861663150746,0,0.0
8500,treatment,mobile,28.96247649368224,0,0.0
8501,treatment,mobile,25.77549509071741,0,0.0
8502,control,mobile,86.21183560560091,0,0.0
8503,control,desktop,17.73954133240609,0,0.0
8504,treatment,mobile,17.533348233455076,0,0.0
8505,treatment,mobile,10.16896577196759,0,0.0
8506,treatment,mobile,10.404157104068775,0,0.0
8507,control,desktop,49.2477054833811,0,0.0
8508,treatment,mobile,16.324042907627813,0,0.0
8509,treatment,mobile,99.0388788496095,0,0.0
8510,treatment,desktop,11.685219588862344,0,0.0
8511,control,desktop,20.638079603233205,0,0.0
8512,treatment,mobile,80.72923168695024,0,0.0
8513,control,desktop,23.710473308009114,0,0.0
8514,treatment,desktop,7.068955259910743,0,0.0
8515,control,mobile,16.184839857105494,0,0.0
8516,control,mobile,48.573753996728335,0,0.0
8517,treatment,desktop,40.77544987536507,0,0.0
8518,control,desktop,11.510948453718346,0,0.0
8519,treatment,mobile,24.461128744311665,0,0.0
8520,control,desktop,46.95145715666232,0,0.0
8521,control,desktop,24.285958947547318,0,0.0
8522,control,desktop,14.791427033928828,0,0.0
8523,treatment,desktop,15.237856708490462,0,0.0
8524,control,mobile,21.070192179964504,0,0.0
8525,control,desktop,77.57448821805788,0,0.0
8526,treatment,desktop,12.739670409156377,1,85.47252507053331
8527,treatment,desktop,61.339583075104485,0,0.0
8528,control,desktop,44.17304601467243,0,0.0
8529,control,desktop,14.324032011938899,0,0.0
8530,treatment,desktop,71.97491323687088,0,0.0
8531,treatment,desktop,24.22020528681645,0,0.0
8532,treatment,mobile,59.31493788297391,0,0.0
8533,control,mobile,14.669661452866535,0,0.0
8534,treatment,desktop,14.218865781423652,1,129.4453195087528
8535,treatment,desktop,26.515571463734684,0,0.0
8536,control,desktop,26.820091414650598,0,0.0
8537,control,desktop,3.408094466969568,0,0.0
8538,control,mobile,9.391376170287947,0,0.0
8539,treatment,mobile,37.70555738742798,0,0.0
8540,control,mobile,27.910783116840072,0,0.0
8541,control,mobile,40.787951531059875,0,0.0
8542,control,mobile,49.002246086221916,0,0.0
8543,treatment,desktop,41.537285695509894,0,0.0
8544,control,mobile,9.343127979072158,0,0.0
8545,control,desktop,46.275778525952845,0,0.0
8546,control,mobile,45.21210103465098,0,0.0
8547,treatment,mobile,39.085276582055364,0,0.0
8548,treatment,mobile,17.502444080191125,0,0.0
8549,control,desktop,68.47048207547128,0,0.0
8550,treatment,mobile,52.40721181448883,0,0.0
8551,control,desktop,96.34107487975075,0,0.0
8552,treatment,mobile,17.757776232134123,0,0.0
8553,treatment,desktop,36.683563354816336,0,0.0
8554,control,desktop,39.6248645080597,0,0.0
8555,treatment,mobile,39.25599027592998,1,119.19299877198588
8556,control,desktop,33.815852349948926,0,0.0
8557,control,mobile,53.95090941992024,0,0.0
8558,treatment,desktop,52.33725782572324,0,0.0
8559,treatment,mobile,74.38705541383439,0,0.0
8560,treatment,mobile,19.756631455248257,0,0.0
8561,treatment,mobile,51.90282040985827,0,0.0
8562,treatment,mobile,22.675345100605732,0,0.0
8563,treatment,mobile,67.68256274776607,0,0.0
8564,treatment,desktop,53.21741658907275,0,0.0
8565,control,desktop,9.239413114926965,0,0.0
8566,treatment,mobile,35.27524995386092,0,0.0
8567,treatment,desktop,11.054660448743332,0,0.0
8568,control,mobile,59.55586660394893,0,0.0
8569,control,mobile,21.626681408465863,0,0.0
8570,treatment,desktop,33.90072319022367,0,0.0
8571,treatment,mobile,44.94069511990496,1,161.25733821751894
8572,control,mobile,61.94798521248289,0,0.0
8573,control,desktop,68.58958115121786,0,0.0
8574,treatment,mobile,63.37141475678385,0,0.0
8575,control,desktop,28.95739512059867,0,0.0
8576,treatment,mobile,41.12434136384734,1,30.801523400072966
8577,treatment,desktop,15.887844529598746,0,0.0
8578,treatment,desktop,56.89566601194833,0,0.0
8579,control,mobile,41.97799932667554,0,0.0
8580,control,mobile,125.63490897522999,0,0.0
8581,control,desktop,52.23934194251804,0,0.0
8582,control,mobile,8.319952292533058,0,0.0
8583,treatment,desktop,96.98982575819878,1,7.437961110069028
8584,control,desktop,40.98010305164279,1,51.768817730322766
8585,control,mobile,27.076982804630042,0,0.0
8586,control,mobile,118.99985106630916,0,0.0
8587,control,desktop,39.12451645233556,0,0.0
8588,treatment,desktop,16.617222592415107,0,0.0
8589,control,mobile,54.61823513582907,0,0.0
8590,treatment,desktop,33.51740769698197,0,0.0
8591,control,mobile,12.994462652779523,0,0.0
8592,treatment,mobile,5.712911580237873,1,29.145813580612856
8593,treatment,mobile,26.215608435832362,0,0.0
8594,treatment,mobile,41.50677839271978,0,0.0
8595,control,mobile,5.681141689058028,0,0.0
8596,treatment,mobile,23.916215439327626,0,0.0
8597,control,desktop,35.00849192554152,0,0.0
8598,treatment,desktop,64.41127856312588,0,0.0
8599,control,desktop,17.303153991147134,0,0.0
8600,control,desktop,29.81854103429029,0,0.0
8601,control,desktop,36.156708687397796,0,0.0
8602,control,desktop,26.309462770609365,0,0.0
8603,treatment,desktop,24.15557659024454,1,47.192501672727246
8604,control,desktop,102.00534033736142,0,0.0
8605,treatment,mobile,82.37433049651159,0,0.0
8606,treatment,desktop,113.9297058424355,0,0.0
8607,treatment,mobile,85.12019019833807,0,0.0
8608,control,mobile,36.354539974888674,0,0.0
8609,control,desktop,18.36728500746159,0,0.0
8610,treatment,desktop,33.25820271166298,0,0.0
8611,control,mobile,12.929588257401562,0,0.0
8612,treatment,desktop,14.670332487695646,0,0.0
8613,treatment,mobile,103.11792998820698,0,0.0
8614,control,desktop,27.407882678639677,0,0.0
8615,treatment,desktop,113.66981412133497,0,0.0
8616,treatment,mobile,58.42502696915369,1,48.799482876438184
8617,treatment,desktop,88.74925770171501,0,0.0
8618,control,mobile,57.404621605930004,0,0.0
8619,treatment,desktop,34.636717917917295,0,0.0
8620,treatment,desktop,19.086303135576422,0,0.0
8621,control,mobile,22.665527129535732,0,0.0
8622,treatment,mobile,77.50522105183472,0,0.0
8623,treatment,desktop,14.311025624798944,0,0.0
8624,treatment,mobile,44.04627511069273,0,0.0
8625,control,desktop,35.301355956877,0,0.0
8626,treatment,desktop,25.401731252463982,0,0.0
8627,control,mobile,26.83379512100343,0,0.0
8628,control,desktop,16.04678183211267,1,93.02631068255809
8629,control,mobile,19.860929986418046,0,0.0
8630,treatment,desktop,27.544698020789042,0,0.0
8631,treatment,mobile,55.83954655698621,0,0.0
8632,control,mobile,66.48446441515573,0,0.0
8633,control,mobile,65.75705600064425,0,0.0
8634,treatment,desktop,55.543330500146524,0,0.0
8635,treatment,desktop,85.03473218790424,0,0.0
8636,control,desktop,56.053940944835254,0,0.0
8637,treatment,desktop,9.511123688253495,0,0.0
8638,treatment,mobile,83.29595008799642,0,0.0
8639,treatment,desktop,30.519494877353004,0,0.0
8640,control,desktop,9.112893518278998,0,0.0
8641,treatment,mobile,76.45460022088463,0,0.0
8642,treatment,mobile,24.372063940195897,0,0.0
8643,treatment,mobile,29.585669541706373,0,0.0
8644,treatment,mobile,84.83873257398203,1,110.36257471089561
8645,control,desktop,63.237321095999846,0,0.0
8646,control,desktop,18.012699344105076,0,0.0
8647,treatment,desktop,48.023465671421604,0,0.0
8648,control,desktop,12.278487132172671,0,0.0
8649,treatment,mobile,16.100892044310598,1,45.767372345896156
8650,treatment,mobile,71.51140816394657,0,0.0
8651,treatment,mobile,82.83306965812125,0,0.0
8652,control,mobile,30.75799427482256,0,0.0
8653,control,desktop,26.13580033849429,0,0.0
8654,control,desktop,44.56375135863634,1,50.36332072582636
8655,treatment,desktop,31.471792508917844,1,109.25238854814378
8656,control,desktop,142.83638749529678,0,0.0
8657,treatment,desktop,65.68340923061594,0,0.0
8658,treatment,desktop,59.91668251057398,0,0.0
8659,treatment,desktop,51.45523892974272,1,18.57082211580827
8660,treatment,desktop,75.62715468594658,1,119.86580614471966
8661,control,desktop,61.85234855275898,0,0.0
8662,treatment,mobile,13.722366713504055,0,0.0
8663,control,mobile,10.090840028333755,0,0.0
8664,treatment,mobile,36.990184645430645,0,0.0
8665,treatment,mobile,17.91401565956625,0,0.0
8666,treatment,mobile,2.9667599289671163,1,50.333407194934345
8667,control,desktop,57.3256166159856,0,0.0
8668,treatment,desktop,32.29663382016187,0,0.0
8669,control,mobile,26.711046333489676,0,0.0
8670,treatment,mobile,23.39211648039301,0,0.0
8671,control,mobile,75.97037135810133,0,0.0
8672,treatment,mobile,58.156980491151856,1,40.350771875907235
8673,treatment,mobile,72.32247181858332,0,0.0
8674,treatment,desktop,49.32730088147843,1,41.214682753603554
8675,treatment,mobile,8.916498238592437,0,0.0
8676,control,desktop,15.510055724807659,0,0.0
8677,control,desktop,47.91754479731126,0,0.0
8678,treatment,desktop,39.332621163866236,0,0.0
8679,control,desktop,49.52182698060743,0,0.0
8680,treatment,desktop,30.085213950571923,0,0.0
8681,control,mobile,10.302772705892039,0,0.0
8682,control,mobile,82.21204901403502,0,0.0
8683,treatment,mobile,29.480972403868396,1,62.111471898966784
8684,treatment,desktop,35.31351169077533,0,0.0
8685,treatment,mobile,44.609625418190994,0,0.0
8686,control,mobile,62.89517246913964,0,0.0
8687,control,desktop,36.46741851606472,0,0.0
8688,control,mobile,32.13974145827065,0,0.0
8689,control,mobile,28.38544427803585,0,0.0
8690,treatment,mobile,91.15678424206507,0,0.0
8691,control,desktop,43.03755589099789,0,0.0
8692,control,desktop,11.850416981430232,0,0.0
8693,treatment,mobile,37.68036908811045,0,0.0
8694,control,desktop,22.3523248786909,0,0.0
8695,control,desktop,26.47754188002963,1,45.41660473387281
8696,control,desktop,31.37152315224349,0,0.0
8697,treatment,mobile,36.67800958255284,0,0.0
8698,control,desktop,31.7678543086149,0,0.0
8699,control,mobile,15.856651630693959,0,0.0
8700,control,mobile,44.294485815767715,0,0.0
8701,treatment,desktop,78.39013560194145,0,0.0
8702,control,desktop,22.438997154018256,1,13.681436611764866
8703,treatment,mobile,55.95219149620509,0,0.0
8704,treatment,mobile,36.761652766634754,0,0.0
8705,treatment,mobile,7.6880113077640635,1,39.47138824297843
8706,control,desktop,34.80772628447057,0,0.0
8707,control,mobile,38.08292669646264,0,0.0
8708,treatment,desktop,49.31892598425813,0,0.0
8709,treatment,desktop,21.218041671386313,0,0.0
8710,control,desktop,28.81887694320628,0,0.0
8711,treatment,desktop,20.928964624920546,0,0.0
8712,control,desktop,44.29261329843713,0,0.0
8713,control,desktop,38.61821665941955,0,0.0
8714,control,mobile,26.43273241333983,0,0.0
8715,treatment,mobile,12.6367209139949,0,0.0
8716,control,desktop,22.653555143088752,0,0.0
8717,treatment,desktop,24.832226655385664,0,0.0
8718,treatment,mobile,117.69673009535083,0,0.0
8719,control,mobile,14.322143054359715,0,0.0
8720,treatment,desktop,67.64991571347751,0,0.0
8721,control,mobile,82.27903221679966,0,0.0
8722,control,mobile,14.540772411067662,0,0.0
8723,control,mobile,28.629206317318953,0,0.0
8724,control,desktop,31.51944803747998,0,0.0
8725,treatment,desktop,57.62427902083611,0,0.0
8726,treatment,desktop,27.74671199422753,0,0.0
8727,treatment,mobile,62.61858211401506,0,0.0
8728,treatment,mobile,64.29309920789314,0,0.0
8729,control,desktop,33.89204379113835,0,0.0
8730,treatment,desktop,100.43989801868476,0,0.0
8731,control,desktop,92.58041849767545,0,0.0
8732,treatment,mobile,29.686511486816226,0,0.0
8733,treatment,mobile,23.853723255348342,1,99.93837089070854
8734,control,desktop,44.45973750916895,0,0.0
8735,treatment,desktop,54.33231951373351,0,0.0
8736,treatment,desktop,27.44940663876791,0,0.0
8737,treatment,desktop,34.415760074816156,0,0.0
8738,control,mobile,37.754128442474055,0,0.0
8739,treatment,desktop,38.61973352807184,0,0.0
8740,control,mobile,10.618980813205866,0,0.0
8741,treatment,desktop,26.422655143182283,0,0.0
8742,treatment,mobile,14.200732195989145,1,6.861802463778385
8743,control,mobile,15.307601976251458,0,0.0
8744,treatment,desktop,6.601816295700678,0,0.0
8745,treatment,mobile,4.240750587592556,0,0.0
8746,treatment,desktop,84.54561123918153,1,42.607511681197714
8747,control,mobile,8.778130720996804,1,78.98704830988946
8748,treatment,mobile,56.54814793286587,0,0.0
8749,control,mobile,12.829776271059428,0,0.0
8750,control,desktop,51.212261708040074,0,0.0
8751,control,mobile,12.398287005919748,0,0.0
8752,control,desktop,67.80074358983052,0,0.0
8753,control,mobile,35.912994460706884,0,0.0
8754,control,mobile,123.75741419915295,0,0.0
8755,treatment,desktop,27.202350058543885,0,0.0
8756,control,mobile,41.5325442432503,1,146.70613052316517
8757,control,desktop,24.293097203971655,0,0.0
8758,treatment,mobile,14.072155054556138,1,2.8525428312549446
8759,control,desktop,48.25624972170374,0,0.0
8760,control,desktop,35.04469683287156,0,0.0
8761,control,desktop,23.37733948553644,0,0.0
8762,control,desktop,28.7553846490211,0,0.0
8763,treatment,mobile,25.422988916404265,0,0.0
8764,control,mobile,61.37111927502791,0,0.0
8765,treatment,mobile,56.84163847004661,1,207.82228462675644
8766,treatment,mobile,99.03884238867806,0,0.0
8767,treatment,desktop,56.009504191261726,0,0.0
8768,treatment,mobile,59.84078750839273,0,0.0
8769,control,desktop,57.90961852465297,0,0.0
8770,control,desktop,29.08838017016626,0,0.0
8771,control,mobile,53.70486781534248,1,8.153966656634601
8772,treatment,desktop,84.18579163800342,1,8.162374402469466
8773,control,desktop,57.55271241996715,0,0.0
8774,control,mobile,44.76397888869946,0,0.0
8775,treatment,desktop,59.386160970947984,0,0.0
8776,control,mobile,18.090186474657838,0,0.0
8777,treatment,mobile,59.944151964738275,1,294.521258391919
8778,treatment,mobile,16.05907909919314,0,0.0
8779,treatment,mobile,23.789323034431092,0,0.0
8780,control,mobile,25.803339809337697,1,90.89919692864244
8781,control,desktop,83.61247467562622,0,0.0
8782,treatment,mobile,28.649079640470163,0,0.0
8783,control,desktop,14.853105809139302,0,0.0
8784,control,mobile,74.41645404629267,0,0.0
8785,treatment,desktop,37.13459577278185,0,0.0
8786,control,desktop,26.293680164968215,0,0.0
8787,control,desktop,37.09753860924836,0,0.0
8788,treatment,mobile,11.614007568855877,1,98.88764419365066
8789,control,desktop,65.50292510132286,0,0.0
8790,control,mobile,50.22717581973656,0,0.0
8791,control,mobile,54.015670942496065,0,0.0
8792,treatment,mobile,16.098258457479723,0,0.0
8793,treatment,mobile,4.704349448432738,0,0.0
8794,control,mobile,9.348011825981871,0,0.0
8795,control,desktop,56.15382999812092,0,0.0
8796,control,desktop,31.45763598000022,0,0.0
8797,treatment,desktop,25.00930407174437,0,0.0
8798,treatment,desktop,7.355734096939526,0,0.0
8799,treatment,mobile,45.455820571803905,0,0.0
8800,control,mobile,61.616372562230154,0,0.0
8801,control,desktop,49.205329577673666,0,0.0
8802,control,desktop,36.2868508903691,0,0.0
8803,treatment,mobile,79.5300365681786,0,0.0
8804,control,desktop,52.29792888991017,0,0.0
8805,treatment,mobile,53.153185517568566,0,0.0
8806,treatment,mobile,5.62447617166499,0,0.0
8807,control,mobile,202.32292637406812,0,0.0
8808,treatment,desktop,36.512466161726984,0,0.0
8809,treatment,mobile,32.61597115717653,0,0.0
8810,control,desktop,18.612961345173925,0,0.0
8811,treatment,mobile,51.39692183354944,0,0.0
8812,treatment,mobile,47.00986413892959,0,0.0
8813,control,desktop,32.52556852322972,0,0.0
8814,control,mobile,9.313223612188489,0,0.0
8815,treatment,desktop,13.368887506421586,1,33.17571597395696
8816,treatment,mobile,122.39294951272113,0,0.0
8817,treatment,desktop,47.801195981852054,0,0.0
8818,control,mobile,35.59877600320088,0,0.0
8819,treatment,desktop,16.288589108440476,0,0.0
8820,treatment,desktop,11.04925560228767,0,0.0
8821,control,desktop,9.525786736437025,0,0.0
8822,control,mobile,5.22352980647781,1,10.28822976645786
8823,control,desktop,11.429998489085992,0,0.0
8824,control,desktop,9.324528595886363,0,0.0
8825,control,mobile,47.902809434702924,0,0.0
8826,treatment,mobile,58.19148345378438,0,0.0
8827,control,desktop,98.24713024298245,1,56.778138660344425
8828,treatment,mobile,36.567857392124026,0,0.0
8829,treatment,desktop,18.641210815529917,0,0.0
8830,treatment,mobile,38.23427907284555,0,0.0
8831,control,desktop,74.59641336105443,0,0.0
8832,treatment,desktop,18.011125074245253,0,0.0
8833,control,mobile,10.267017541836642,0,0.0
8834,treatment,mobile,16.108319968401005,0,0.0
8835,control,mobile,85.94742986219863,0,0.0
8836,control,desktop,93.83634821841409,0,0.0
8837,control,desktop,54.10513071464507,0,0.0
8838,control,desktop,87.17649614678736,0,0.0
8839,control,mobile,54.61426917212397,0,0.0
8840,treatment,desktop,8.775296748776487,0,0.0
8841,control,mobile,30.699345089304,0,0.0
8842,treatment,mobile,55.26447797210552,0,0.0
8843,treatment,desktop,50.1544170984894,0,0.0
8844,control,mobile,83.93352006590604,0,0.0
8845,control,desktop,31.036364635392584,0,0.0
8846,treatment,desktop,54.950580448526324,0,0.0
8847,treatment,desktop,60.50041380886341,0,0.0
8848,treatment,mobile,19.120589620426543,0,0.0
8849,treatment,mobile,51.99679660192839,0,0.0
8850,control,desktop,34.15558528569051,0,0.0
8851,treatment,desktop,19.157031270505133,0,0.0
8852,treatment,mobile,20.751052540540563,0,0.0
8853,control,mobile,66.02007934478121,0,0.0
8854,treatment,mobile,87.39840657138683,0,0.0
8855,treatment,desktop,17.30276211673668,0,0.0
8856,treatment,desktop,42.978199932685975,0,0.0
8857,control,desktop,10.240501527130277,0,0.0
8858,control,desktop,43.821675225811944,0,0.0
8859,control,desktop,71.97929412156965,0,0.0
8860,control,desktop,56.619275351366944,0,0.0
8861,control,desktop,6.230117393851506,0,0.0
8862,control,mobile,25.410794780940712,0,0.0
8863,treatment,mobile,79.69309445359814,0,0.0
8864,control,desktop,44.31173438673945,0,0.0
8865,control,desktop,21.875912969008656,0,0.0
8866,treatment,mobile,5.777911731208487,0,0.0
8867,treatment,mobile,13.431614540285883,0,0.0
8868,control,desktop,14.639262357469228,0,0.0
8869,treatment,mobile,109.41704418350815,0,0.0
8870,treatment,mobile,62.30599984594857,0,0.0
8871,treatment,desktop,57.46986669993905,1,99.15414485145803
8872,treatment,desktop,30.200059142712195,0,0.0
8873,control,mobile,28.658244829379164,0,0.0
8874,control,mobile,3.9809395473019955,0,0.0
8875,treatment,mobile,101.800304240244,0,0.0
8876,treatment,desktop,19.06347866837074,1,38.2110316161463
8877,treatment,desktop,14.183191320658594,0,0.0
8878,treatment,mobile,111.6498430412693,0,0.0
8879,control,mobile,17.516118968915038,0,0.0
8880,control,desktop,36.34872352709943,0,0.0
8881,control,mobile,41.74397987517339,0,0.0
8882,treatment,mobile,10.208853339038571,0,0.0
8883,treatment,desktop,30.49729514011758,0,0.0
8884,control,mobile,77.31250386201793,0,0.0
8885,control,desktop,46.013770421933636,0,0.0
8886,control,desktop,22.89638400043126,0,0.0
8887,treatment,mobile,45.282923410465656,0,0.0
8888,treatment,desktop,34.66048276783512,0,0.0
8889,control,desktop,25.86357303552045,0,0.0
8890,treatment,mobile,39.576823655432975,0,0.0
8891,control,desktop,14.70549218132585,0,0.0
8892,treatment,desktop,54.578108800682735,0,0.0
8893,treatment,mobile,12.33696755471194,0,0.0
8894,treatment,desktop,77.19582997092927,1,22.203312918244936
8895,treatment,desktop,18.65772504186649,1,27.824565696968975
8896,treatment,desktop,67.57346520619409,0,0.0
8897,treatment,mobile,31.327398218163502,0,0.0
8898,treatment,desktop,46.315372655972496,0,0.0
8899,treatment,mobile,28.882325499849127,0,0.0
8900,treatment,desktop,39.44258345994095,0,0.0
8901,treatment,desktop,51.18633279481641,0,0.0
8902,treatment,mobile,34.52208115190346,0,0.0
8903,control,mobile,64.43887285058584,0,0.0
8904,control,mobile,22.93002572038349,0,0.0
8905,treatment,desktop,44.119494602718554,0,0.0
8906,control,desktop,38.104474042298605,0,0.0
8907,treatment,desktop,101.86475387770189,0,0.0
8908,treatment,mobile,43.20918527854958,0,0.0
8909,treatment,desktop,1.1666362437641367,0,0.0
8910,treatment,mobile,79.05966237772998,0,0.0
8911,control,desktop,117.26847347325906,0,0.0
8912,control,desktop,72.30148935428721,1,129.33061813322638
8913,treatment,mobile,45.900181706289196,0,0.0
8914,control,mobile,47.20319323120019,0,0.0
8915,control,desktop,140.6175184146984,0,0.0
8916,treatment,desktop,15.779448771060098,1,47.087853653427686
8917,control,mobile,30.60577900878461,0,0.0
8918,treatment,desktop,84.21819303526394,0,0.0
8919,treatment,desktop,21.990179563026185,0,0.0
8920,treatment,desktop,26.131979062536598,0,0.0
8921,control,desktop,8.414014913874585,0,0.0
8922,treatment,desktop,44.11342641020405,1,153.765161609959
8923,treatment,desktop,34.32760377876814,0,0.0
8924,control,desktop,71.80272599236727,0,0.0
8925,treatment,desktop,7.026973339725585,0,0.0
8926,control,desktop,18.26898219155977,0,0.0
8927,treatment,desktop,10.831035194219666,0,0.0
8928,control,mobile,76.11792925002176,0,0.0
8929,treatment,desktop,17.728350147112554,0,0.0
8930,control,desktop,62.883179505988124,0,0.0
8931,control,desktop,45.095151778520815,0,0.0
8932,control,mobile,75.88435091022009,0,0.0
8933,control,desktop,114.75182002837613,0,0.0
8934,treatment,mobile,64.06697772443539,0,0.0
8935,control,desktop,55.315246817247534,1,9.069116264823895
8936,treatment,mobile,12.414596963571181,0,0.0
8937,control,mobile,6.156903445652221,0,0.0
8938,control,mobile,16.51462716027808,0,0.0
8939,control,desktop,80.06233454839281,0,0.0
8940,control,desktop,29.130267091551794,0,0.0
8941,control,desktop,11.47268788646534,0,0.0
8942,treatment,desktop,17.112455580065255,1,33.037704338766204
8943,control,mobile,53.458647620690755,0,0.0
8944,control,mobile,64.72454944046939,0,0.0
8945,treatment,desktop,40.94176233424423,0,0.0
8946,treatment,mobile,35.14412142155643,0,0.0
8947,control,desktop,6.571774773803837,0,0.0
8948,treatment,mobile,25.3049692741055,0,0.0
8949,treatment,desktop,88.85183852427872,0,0.0
8950,treatment,desktop,81.65980065105879,0,0.0
8951,control,mobile,29.40219156196667,0,0.0
8952,control,mobile,27.135059815132486,1,5.8797602524321295
8953,control,desktop,7.863465720299705,0,0.0
8954,control,desktop,19.35078029881755,0,0.0
8955,treatment,desktop,52.704937969998014,0,0.0
8956,control,mobile,18.012561822678773,0,0.0
8957,control,desktop,14.62908834230153,0,0.0
8958,treatment,mobile,28.447459596546196,0,0.0
8959,treatment,mobile,52.23903918922973,0,0.0
8960,treatment,desktop,70.86451921494371,0,0.0
8961,treatment,mobile,44.855744031946394,0,0.0
8962,control,mobile,71.1909835853749,0,0.0
8963,treatment,mobile,34.75673175028457,0,0.0
8964,treatment,desktop,8.643021641913107,0,0.0
8965,treatment,desktop,16.24796068911849,0,0.0
8966,treatment,desktop,70.38881234850064,0,0.0
8967,treatment,desktop,98.67308681200731,0,0.0
8968,treatment,desktop,12.659725482603875,0,0.0
8969,treatment,mobile,20.072294619241333,1,103.78428475348672
8970,control,mobile,48.15246890176614,0,0.0
8971,control,mobile,18.762625661728837,0,0.0
8972,control,mobile,15.950415901920598,0,0.0
8973,treatment,mobile,27.526835398883144,0,0.0
8974,treatment,mobile,65.24605835181964,0,0.0
8975,treatment,desktop,55.11387405306736,0,0.0
8976,control,mobile,59.303785653517956,0,0.0
8977,treatment,mobile,35.78450409749355,0,0.0
8978,control,desktop,63.31741873755845,0,0.0
8979,treatment,mobile,25.697951195521043,0,0.0
8980,treatment,desktop,67.10072995772198,0,0.0
8981,control,mobile,16.48580166482474,0,0.0
8982,treatment,desktop,22.80206557410635,0,0.0
8983,control,desktop,64.82408659933003,1,24.393447211639142
8984,control,desktop,66.4819322931091,0,0.0
8985,control,desktop,60.412393096114194,0,0.0
8986,treatment,mobile,73.31273309750155,0,0.0
8987,control,desktop,47.97434455143001,0,0.0
8988,control,desktop,49.922266566679326,0,0.0
8989,treatment,mobile,18.960765682016586,0,0.0
8990,treatment,mobile,43.913889131965064,0,0.0
8991,control,desktop,76.17309633889866,0,0.0
8992,control,mobile,16.604538219474826,0,0.0
8993,control,desktop,31.24770998252439,0,0.0
8994,treatment,mobile,93.9501921399289,0,0.0
8995,treatment,desktop,25.859947578252225,1,46.87297774216554
8996,treatment,desktop,75.04603237919626,0,0.0
8997,treatment,desktop,17.365238128120527,0,0.0
8998,control,desktop,31.159238593001916,1,90.62940614278489
8999,control,mobile,8.304252220959645,0,0.0
9000,treatment,desktop,13.250989145707976,0,0.0
9001,treatment,mobile,37.890990307586975,1,79.92248724984658
9002,treatment,mobile,10.478333604834098,0,0.0
9003,control,desktop,66.06383678399035,0,0.0
9004,control,mobile,41.08750246735951,0,0.0
9005,treatment,mobile,25.630881095921602,0,0.0
9006,control,desktop,57.37784077746268,0,0.0
9007,treatment,desktop,41.526569910033295,0,0.0
9008,control,desktop,22.126355916795866,0,0.0
9009,treatment,desktop,48.82106400369361,0,0.0
9010,treatment,mobile,23.186645048908055,1,13.856392103520223
9011,treatment,mobile,41.234722548670234,0,0.0
9012,control,desktop,27.62735628615202,0,0.0
9013,treatment,mobile,19.306523633978205,0,0.0
9014,treatment,mobile,68.09330668762512,0,0.0
9015,treatment,mobile,52.06673703952751,1,89.99174675511107
9016,control,desktop,35.59627158396759,0,0.0
9017,treatment,desktop,69.1647174482063,0,0.0
9018,treatment,mobile,31.7440743784936,0,0.0
9019,control,desktop,28.056798277504296,0,0.0
9020,treatment,mobile,18.006567086744106,0,0.0
9021,control,desktop,54.99349079630144,0,0.0
9022,control,mobile,67.0148443656642,0,0.0
9023,treatment,desktop,75.20370982255353,0,0.0
9024,control,mobile,10.675334697335098,0,0.0
9025,control,desktop,12.865750600225958,0,0.0
9026,control,mobile,70.91012736246326,0,0.0
9027,treatment,desktop,52.307723329991504,0,0.0
9028,control,desktop,52.69502539694167,0,0.0
9029,control,desktop,51.44822427781668,0,0.0
9030,treatment,desktop,17.07460562241781,0,0.0
9031,control,desktop,10.034808312976033,0,0.0
9032,control,mobile,17.336114439160283,0,0.0
9033,control,mobile,53.398135505938875,0,0.0
9034,treatment,desktop,59.91881748496813,1,15.483882562958431
9035,control,mobile,46.55095926618554,0,0.0
9036,control,mobile,59.31717540027605,0,0.0
9037,treatment,desktop,7.3056197500686135,0,0.0
9038,treatment,desktop,60.138407255064706,0,0.0
9039,treatment,mobile,31.192160500614513,0,0.0
9040,treatment,mobile,65.57746988642282,0,0.0
9041,control,desktop,12.376445153429893,0,0.0
9042,treatment,desktop,11.405637258141644,0,0.0
9043,treatment,desktop,82.70905077068642,0,0.0
9044,treatment,mobile,4.699382553402131,0,0.0
9045,control,mobile,28.42688098926257,0,0.0
9046,control,desktop,33.310876632799776,0,0.0
9047,treatment,mobile,48.08399645741516,0,0.0
9048,treatment,mobile,11.588796075592589,0,0.0
9049,treatment,mobile,105.34405356001889,0,0.0
9050,control,desktop,41.177048090237,0,0.0
9051,treatment,mobile,31.769962359175903,0,0.0
9052,control,mobile,16.30814603400307,0,0.0
9053,treatment,mobile,26.293095912426057,0,0.0
9054,treatment,desktop,21.748697034010075,1,30.341847996660746
9055,control,mobile,41.962202202961265,0,0.0
9056,control,desktop,32.816925687193866,0,0.0
9057,treatment,mobile,33.78019268651209,0,0.0
9058,treatment,mobile,87.43885042858837,0,0.0
9059,control,desktop,13.723534243105453,1,121.25609089831231
9060,treatment,mobile,24.383576669775415,0,0.0
9061,treatment,desktop,32.81910191557155,0,0.0
9062,treatment,desktop,70.49281873552269,0,0.0
9063,control,desktop,22.74654162394817,0,0.0
9064,control,mobile,19.662375259826884,0,0.0
9065,control,mobile,43.0000113972974,0,0.0
9066,control,mobile,49.99933989743969,0,0.0
9067,treatment,desktop,24.28001473101532,0,0.0
9068,control,mobile,29.825429858886466,0,0.0
9069,control,mobile,31.3241420143836,1,54.43224633452183
9070,control,desktop,10.779570794650626,0,0.0
9071,control,desktop,70.22020601644957,0,0.0
9072,control,desktop,9.584477906417906,0,0.0
9073,control,desktop,16.173553791516046,0,0.0
9074,control,desktop,25.61554925222783,0,0.0
9075,treatment,mobile,24.519681718560243,0,0.0
9076,treatment,desktop,46.9484086921659,0,0.0
9077,treatment,mobile,15.849745604721328,0,0.0
9078,treatment,desktop,64.6552220867594,0,0.0
9079,control,mobile,10.446284451366312,0,0.0
9080,control,mobile,21.47589663894027,0,0.0
9081,treatment,mobile,22.138313980197672,0,0.0
9082,control,desktop,33.83802848727317,0,0.0
9083,control,desktop,34.56704956883701,0,0.0
9084,treatment,desktop,36.81182373431433,0,0.0
9085,treatment,mobile,22.65588410883025,0,0.0
9086,control,mobile,74.88685615068067,1,85.7646363283877
9087,control,mobile,7.845821130431936,0,0.0
9088,control,desktop,40.7372693320538,0,0.0
9089,control,desktop,33.3827526275223,1,17.3857274579678
9090,treatment,desktop,27.087664272618017,0,0.0
9091,control,mobile,27.388664040950296,0,0.0
9092,treatment,mobile,46.571479975153814,0,0.0
9093,control,mobile,8.311168873220895,0,0.0
9094,control,mobile,98.91391315593488,0,0.0
9095,control,desktop,79.80528059031877,0,0.0
9096,control,desktop,47.996939161169195,0,0.0
9097,control,desktop,40.77355057142035,0,0.0
9098,control,desktop,38.85685377713861,0,0.0
9099,treatment,mobile,60.013787819007845,0,0.0
9100,control,desktop,42.16159221233734,0,0.0
9101,treatment,mobile,31.977314974917213,0,0.0
9102,treatment,mobile,23.373969846950207,0,0.0
9103,control,desktop,14.380777022467239,0,0.0
9104,control,desktop,56.85518157799983,0,0.0
9105,treatment,desktop,92.93371868635055,0,0.0
9106,control,desktop,40.120029057239464,0,0.0
9107,control,desktop,30.96667203838111,0,0.0
9108,control,desktop,25.765619291324754,0,0.0
9109,treatment,mobile,6.837015333484779,1,29.90376348092379
9110,treatment,mobile,84.9588119762197,0,0.0
9111,treatment,mobile,10.21827052182986,0,0.0
9112,treatment,desktop,30.35403802375038,1,63.50065370713517
9113,treatment,desktop,55.922980497674786,0,0.0
9114,control,mobile,118.33170160225323,0,0.0
9115,control,mobile,46.085373085742944,0,0.0
9116,control,desktop,25.869963815483537,0,0.0
9117,control,desktop,27.486721014509534,0,0.0
9118,treatment,mobile,83.40068177090092,0,0.0
9119,treatment,mobile,90.05221553830904,0,0.0
9120,treatment,mobile,38.70401699328221,0,0.0
9121,treatment,mobile,180.64450408679735,0,0.0
9122,treatment,desktop,80.45827089127948,0,0.0
9123,treatment,desktop,27.927666912791338,0,0.0
9124,treatment,desktop,32.812474110672866,0,0.0
9125,treatment,mobile,63.295378604899504,1,38.46581808652767
9126,control,desktop,31.283802837569816,0,0.0
9127,control,desktop,62.72418000788435,0,0.0
9128,treatment,mobile,35.992436671558465,0,0.0
9129,treatment,mobile,2.948062497166928,1,88.55575336860103
9130,control,mobile,23.72319520091785,1,138.28659385207234
9131,control,desktop,84.10770901821874,0,0.0
9132,treatment,mobile,6.386635101491005,0,0.0
9133,treatment,mobile,49.91537943824419,0,0.0
9134,control,mobile,5.689417246544179,1,84.8116905209981
9135,control,desktop,94.44214436860838,0,0.0
9136,treatment,mobile,30.531311044366156,0,0.0
9137,control,desktop,45.539676678617425,0,0.0
9138,control,mobile,52.99789116746595,1,88.44254648502015
9139,treatment,desktop,58.29628342729988,0,0.0
9140,treatment,desktop,16.805314939927612,0,0.0
9141,control,desktop,23.97427913817318,0,0.0
9142,treatment,desktop,28.7057367392997,0,0.0
9143,control,desktop,9.99638192692627,0,0.0
9144,treatment,desktop,44.69856959895998,0,0.0
9145,control,mobile,29.692219989841657,0,0.0
9146,control,mobile,19.049116354551753,0,0.0
9147,treatment,mobile,11.526177734432242,0,0.0
9148,treatment,desktop,2.763562563174578,0,0.0
9149,treatment,desktop,101.55506875980458,0,0.0
9150,treatment,mobile,26.29784863523577,1,27.0361625031131
9151,control,mobile,44.14658232685299,0,0.0
9152,control,mobile,32.53886394142832,0,0.0
9153,treatment,mobile,34.98448839065216,0,0.0
9154,control,mobile,24.00001173140194,0,0.0
9155,treatment,mobile,30.324321892408904,0,0.0
9156,treatment,desktop,10.233215021197848,0,0.0
9157,control,desktop,28.645667355724946,1,29.940567008524116
9158,treatment,mobile,12.994046394436584,0,0.0
9159,control,desktop,20.71781862005668,0,0.0
9160,control,mobile,43.16884369767226,0,0.0
9161,control,desktop,28.186329516997223,0,0.0
9162,treatment,desktop,46.690474101592436,0,0.0
9163,control,mobile,41.41234732963157,1,72.68450664859438
9164,control,desktop,13.09194942506081,0,0.0
9165,control,desktop,34.8408220290417,0,0.0
9166,treatment,desktop,29.36969655868331,0,0.0
9167,control,mobile,5.720370712648042,1,34.96321530271971
9168,treatment,mobile,25.010800682459042,0,0.0
9169,treatment,mobile,35.71917019889436,0,0.0
9170,control,desktop,83.42153897886502,0,0.0
9171,control,mobile,24.94519003061617,1,19.83844096167189
9172,treatment,mobile,22.91934782299853,0,0.0
9173,control,mobile,59.305672846845226,1,78.82752396503291
9174,control,desktop,35.76823576523601,0,0.0
9175,control,mobile,11.488967176912212,0,0.0
9176,control,desktop,29.457476857968764,1,45.06228055786832
9177,control,desktop,10.003085501701158,0,0.0
9178,treatment,desktop,72.45759926306151,0,0.0
9179,treatment,desktop,24.83229221116144,0,0.0
9180,control,mobile,38.29972130956941,0,0.0
9181,treatment,desktop,32.838471058359595,0,0.0
9182,control,mobile,28.323243739729378,0,0.0
9183,treatment,desktop,34.87598613763794,0,0.0
9184,treatment,mobile,21.442666436523933,0,0.0
9185,treatment,mobile,6.941758990707802,1,47.06270034238511
9186,control,desktop,24.67345135274281,0,0.0
9187,control,mobile,28.17641849203833,0,0.0
9188,treatment,mobile,44.40003470586497,1,50.752024971841024
9189,treatment,mobile,15.246659494113805,0,0.0
9190,treatment,desktop,28.924985481686164,0,0.0
9191,treatment,desktop,27.68907459905032,0,0.0
9192,control,desktop,46.24253851974986,0,0.0
9193,treatment,desktop,39.1219886362427,0,0.0
9194,treatment,desktop,50.66795737218891,0,0.0
9195,treatment,desktop,19.47344193292794,0,0.0
9196,control,mobile,54.16804624835247,0,0.0
9197,control,mobile,66.14398104424711,0,0.0
9198,treatment,mobile,54.58479862805547,1,32.35359427854666
9199,treatment,mobile,58.74321368125207,1,149.18425367504386
9200,treatment,mobile,12.630104885682293,0,0.0
9201,treatment,desktop,23.14559044511853,0,0.0
9202,control,mobile,7.986327366739262,0,0.0
9203,control,desktop,53.068247042519076,0,0.0
9204,control,mobile,40.99079079658058,0,0.0
9205,control,desktop,62.98230769680497,0,0.0
9206,control,desktop,22.24016098428669,0,0.0
9207,control,mobile,13.511634732741584,0,0.0
9208,control,desktop,43.00094779825883,0,0.0
9209,control,mobile,49.434563314875966,0,0.0
9210,control,mobile,25.559588876580165,0,0.0
9211,control,mobile,31.07690246061592,0,0.0
9212,control,mobile,77.55337232449665,0,0.0
9213,control,desktop,20.446995390078765,0,0.0
9214,control,mobile,84.84276700552415,0,0.0
9215,control,desktop,69.30611615379591,0,0.0
9216,treatment,mobile,29.129340395451365,0,0.0
9217,treatment,mobile,28.962753452097086,0,0.0
9218,treatment,mobile,57.541176153451524,0,0.0
9219,control,desktop,25.332474294855913,0,0.0
9220,treatment,mobile,31.631798768061003,1,32.36459887057014
9221,treatment,mobile,18.393209746974108,0,0.0
9222,treatment,desktop,18.0432388588362,0,0.0
9223,control,mobile,65.5390609328914,0,0.0
9224,treatment,mobile,82.00922905706045,0,0.0
9225,treatment,mobile,11.886341338353759,1,77.20796062201714
9226,treatment,mobile,124.32021881337228,0,0.0
9227,treatment,mobile,18.390737144862584,0,0.0
9228,control,mobile,60.52846872275965,0,0.0
9229,control,mobile,41.60547779463556,0,0.0
9230,treatment,desktop,17.572722188897842,0,0.0
9231,treatment,desktop,20.17330124467223,0,0.0
9232,treatment,desktop,73.47057865675137,0,0.0
9233,treatment,desktop,77.2615775998097,0,0.0
9234,control,desktop,39.26051047290689,1,19.758222312657633
9235,treatment,mobile,17.10406888723534,0,0.0
9236,control,mobile,13.543041265534324,0,0.0
9237,control,mobile,48.02214735423231,0,0.0
9238,treatment,desktop,13.926624974737933,0,0.0
9239,treatment,desktop,16.302877642179435,0,0.0
9240,control,mobile,15.021682559734604,0,0.0
9241,treatment,desktop,6.318482972805551,0,0.0
9242,treatment,mobile,65.66519169704314,1,13.08464964797071
9243,treatment,desktop,11.329802859532867,0,0.0
9244,control,mobile,31.18450155170178,0,0.0
9245,treatment,mobile,37.83357929480584,0,0.0
9246,control,desktop,42.13664795485641,0,0.0
9247,control,mobile,125.3973544107719,0,0.0
9248,control,mobile,19.010418013401193,0,0.0
9249,treatment,desktop,53.954073933300236,0,0.0
9250,treatment,desktop,29.166808687113214,1,37.600104321173475
9251,treatment,desktop,16.577918766212058,0,0.0
9252,treatment,desktop,196.71774071061844,0,0.0
9253,treatment,desktop,5.30115452597308,0,0.0
9254,treatment,desktop,30.266206329890476,0,0.0
9255,treatment,mobile,65.42770447971951,0,0.0
9256,control,desktop,44.01254944005821,0,0.0
9257,control,desktop,37.82720480212515,0,0.0
9258,control,desktop,41.392937482927685,0,0.0
9259,control,mobile,25.79298236381417,0,0.0
9260,control,mobile,6.051383706948265,1,70.31332980370658
9261,treatment,mobile,33.69676030870221,0,0.0
9262,treatment,desktop,19.673046741259334,0,0.0
9263,control,mobile,18.534080163024477,0,0.0
9264,control,mobile,31.585059850736805,0,0.0
9265,treatment,desktop,31.41715912922709,0,0.0
9266,treatment,desktop,14.876335257479465,0,0.0
9267,treatment,mobile,54.06306618980361,0,0.0
9268,control,mobile,86.33976846237017,0,0.0
9269,control,desktop,69.449960793549,0,0.0
9270,treatment,desktop,14.772522557342832,0,0.0
9271,treatment,desktop,75.80620305625703,0,0.0
9272,control,mobile,87.13529519334901,0,0.0
9273,treatment,desktop,48.719650329302596,1,49.412058769582714
9274,treatment,desktop,22.42322497518488,0,0.0
9275,control,mobile,51.58908964477304,0,0.0
9276,treatment,desktop,40.93140726037288,0,0.0
9277,treatment,mobile,36.03891991569637,1,54.392678283063844
9278,treatment,mobile,50.35998010451649,0,0.0
9279,treatment,mobile,21.973714709664634,0,0.0
9280,control,desktop,129.80912174279229,0,0.0
9281,control,mobile,17.92366086429819,0,0.0
9282,control,mobile,59.90611713607771,0,0.0
9283,control,mobile,34.262780030524304,0,0.0
9284,treatment,mobile,14.128134418634307,1,43.82706677259476
9285,control,mobile,58.522865247542896,0,0.0
9286,control,desktop,88.5172989127966,0,0.0
9287,control,mobile,23.853369943638477,0,0.0
9288,control,desktop,26.850206666029237,0,0.0
9289,treatment,mobile,71.8432076296195,0,0.0
9290,control,desktop,3.5382848249837675,0,0.0
9291,treatment,mobile,46.489753719428286,0,0.0
9292,treatment,mobile,10.778142495388996,0,0.0
9293,treatment,desktop,33.8475249409674,1,49.85982941231531
9294,control,mobile,60.16462568512815,0,0.0
9295,control,desktop,21.718268910638656,0,0.0
9296,treatment,mobile,41.12694392825911,0,0.0
9297,control,desktop,33.4484725323467,0,0.0
9298,control,desktop,45.109439872909334,0,0.0
9299,control,desktop,10.704382935284602,0,0.0
9300,treatment,desktop,28.4304351177685,0,0.0
9301,control,desktop,48.55900674028989,0,0.0
9302,treatment,desktop,43.49886979027471,0,0.0
9303,control,desktop,14.925444139509578,1,109.35244627172312
9304,treatment,mobile,97.98708223466205,1,53.725860503951935
9305,treatment,desktop,13.859284585509336,0,0.0
9306,treatment,mobile,22.263808340889298,0,0.0
9307,treatment,desktop,17.02615568140303,0,0.0
9308,control,mobile,10.946803752526188,0,0.0
9309,control,desktop,34.59524344008394,0,0.0
9310,treatment,mobile,53.400985504007195,0,0.0
9311,treatment,desktop,79.28926703767947,0,0.0
9312,control,desktop,44.18443549497955,0,0.0
9313,treatment,mobile,78.96772626395234,0,0.0
9314,treatment,desktop,91.30598011952713,0,0.0
9315,treatment,desktop,39.80173453154559,0,0.0
9316,treatment,mobile,48.751848694434116,0,0.0
9317,control,mobile,35.39998686284453,0,0.0
9318,control,mobile,34.12895893757816,0,0.0
9319,treatment,desktop,2.1138612660263107,1,97.91065378092044
9320,control,desktop,45.34966090712458,0,0.0
9321,treatment,desktop,17.402328762721606,0,0.0
9322,control,desktop,70.38417977379052,0,0.0
9323,treatment,desktop,25.506962822379915,0,0.0
9324,treatment,desktop,75.76143954578986,0,0.0
9325,control,mobile,29.09234238861083,0,0.0
9326,treatment,mobile,41.71500214884084,0,0.0
9327,treatment,mobile,88.95695442420634,0,0.0
9328,treatment,mobile,9.963198953634913,0,0.0
9329,control,mobile,0.8094278064725181,0,0.0
9330,treatment,desktop,8.788316295527816,0,0.0
9331,control,mobile,20.6633533276107,0,0.0
9332,control,desktop,32.023251226575,0,0.0
9333,control,mobile,112.24410271727393,0,0.0
9334,treatment,desktop,18.846485821717305,0,0.0
9335,treatment,mobile,2.6175223566484904,1,50.87599232278075
9336,control,mobile,73.40455205848477,0,0.0
9337,treatment,desktop,38.37237626701573,0,0.0
9338,control,mobile,40.96676430979885,1,22.04852229751136
9339,treatment,mobile,43.020200806595454,0,0.0
9340,treatment,desktop,39.50082475027128,0,0.0
9341,treatment,desktop,11.088315525755416,0,0.0
9342,treatment,mobile,27.836546969830724,0,0.0
9343,control,mobile,25.355114258755474,0,0.0
9344,control,mobile,28.597153436789156,0,0.0
9345,control,mobile,67.84564782510134,0,0.0
9346,treatment,desktop,14.02040978234423,1,68.38169134599829
9347,treatment,mobile,66.62060311462116,0,0.0
9348,treatment,mobile,25.069509258654463,0,0.0
9349,treatment,mobile,39.1791128833852,0,0.0
9350,control,desktop,16.563919482201605,0,0.0
9351,treatment,desktop,16.37401556405368,0,0.0
9352,control,mobile,28.731589762860317,0,0.0
9353,control,mobile,8.630861929406269,0,0.0
9354,treatment,mobile,18.739957179122374,0,0.0
9355,control,mobile,22.457634290126073,0,0.0
9356,control,desktop,52.83580153845616,0,0.0
9357,control,desktop,10.359436484653227,0,0.0
9358,treatment,desktop,39.03955567266396,1,55.726578682226545
9359,treatment,desktop,40.22291264183806,0,0.0
9360,treatment,desktop,15.950044710443427,0,0.0
9361,treatment,mobile,47.474709902888925,0,0.0
9362,control,mobile,12.226675359751802,0,0.0
9363,control,mobile,65.13777786669372,0,0.0
9364,treatment,desktop,22.057716938221404,0,0.0
9365,control,desktop,55.475226921069336,0,0.0
9366,treatment,mobile,15.912382910686205,0,0.0
9367,control,mobile,25.588827637366318,1,11.171654044774563
9368,treatment,mobile,36.45416109552349,0,0.0
9369,control,desktop,16.53048956205148,1,112.46904931669103
9370,control,mobile,69.92207206767719,0,0.0
9371,treatment,mobile,25.796338389833,0,0.0
9372,control,desktop,53.64576414328563,0,0.0
9373,control,mobile,59.58272239211492,0,0.0
9374,treatment,desktop,21.277901933080013,1,76.89696861986145
9375,treatment,desktop,46.57251945156413,0,0.0
9376,treatment,desktop,25.216031599030977,0,0.0
9377,treatment,desktop,135.23994218267057,0,0.0
9378,control,mobile,8.091485357270662,0,0.0
9379,treatment,desktop,8.872750960322675,0,0.0
9380,treatment,desktop,1.5358087677555328,0,0.0
9381,control,mobile,33.41711679800966,0,0.0
9382,control,desktop,54.828919876379985,0,0.0
9383,control,mobile,22.312123823805138,0,0.0
9384,treatment,mobile,141.0066947455505,0,0.0
9385,control,mobile,50.603689573902486,0,0.0
9386,control,desktop,23.699880388228813,1,109.52952433618631
9387,control,desktop,61.80193735635573,0,0.0
9388,control,mobile,39.42018918813048,0,0.0
9389,control,desktop,18.730497261596682,0,0.0
9390,control,desktop,56.45326559342061,0,0.0
9391,treatment,desktop,17.27471809701071,0,0.0
9392,treatment,mobile,56.42967973511966,0,0.0
9393,control,desktop,46.28943660264176,0,0.0
9394,control,desktop,4.295131115140036,0,0.0
9395,control,desktop,43.196488768724834,0,0.0
9396,control,mobile,37.382136582940944,0,0.0
9397,treatment,desktop,43.10863480523317,0,0.0
9398,control,desktop,29.84618829635452,0,0.0
9399,control,desktop,36.3958011844665,0,0.0
9400,control,desktop,6.557473094391051,0,0.0
9401,treatment,desktop,68.00922553732191,0,0.0
9402,treatment,mobile,19.270573447351737,1,32.8207100800798
9403,control,desktop,121.19023862493704,0,0.0
9404,treatment,mobile,25.53310658052896,0,0.0
9405,control,desktop,9.86680088357886,1,47.78666365740803
9406,control,desktop,6.304940890786675,0,0.0
9407,treatment,mobile,2.096166888609465,0,0.0
9408,treatment,mobile,69.92342400289684,0,0.0
9409,treatment,mobile,32.37007546886441,0,0.0
9410,treatment,desktop,92.69553770462446,0,0.0
9411,control,mobile,27.8718627811189,0,0.0
9412,control,desktop,84.75673279334309,1,76.83195242407008
9413,treatment,desktop,67.543043748439,0,0.0
9414,treatment,mobile,40.99446719523353,0,0.0
9415,treatment,mobile,13.249773811447703,0,0.0
9416,treatment,mobile,34.21961436658925,0,0.0
9417,treatment,mobile,25.162418542915294,0,0.0
9418,treatment,desktop,59.32761395452342,1,36.53128934896362
9419,treatment,desktop,25.21181907616498,0,0.0
9420,control,desktop,49.18398523261515,0,0.0
9421,treatment,mobile,39.50177673096555,0,0.0
9422,treatment,desktop,54.72770333779363,1,29.25815887314896
9423,control,mobile,33.471689592711826,0,0.0
9424,treatment,mobile,35.396291201563855,0,0.0
9425,control,desktop,26.729203721743062,0,0.0
9426,treatment,desktop,36.83555305673614,0,0.0
9427,control,desktop,13.472784587385704,1,35.14186937449614
9428,control,desktop,83.5496744169711,0,0.0
9429,control,desktop,29.325832892228966,0,0.0
9430,control,desktop,59.14995519249416,0,0.0
9431,control,mobile,4.777123997854387,0,0.0
9432,treatment,mobile,36.301832201292434,0,0.0
9433,control,mobile,73.89622880579304,0,0.0
9434,treatment,desktop,47.3099281705215,0,0.0
9435,treatment,desktop,16.585811254911185,0,0.0
9436,treatment,desktop,43.75938524384061,0,0.0
9437,control,mobile,6.590597605086593,0,0.0
9438,control,mobile,99.53008226620764,0,0.0
9439,control,mobile,81.53764029520543,0,0.0
9440,treatment,desktop,21.803302159971864,0,0.0
9441,control,desktop,29.548880052350633,0,0.0
9442,treatment,mobile,8.86162066229098,0,0.0
9443,control,mobile,23.215394673443797,0,0.0
9444,treatment,mobile,2.2861422965042877,0,0.0
9445,control,desktop,46.9673954104387,0,0.0
9446,control,mobile,1.3576131861274017,0,0.0
9447,treatment,mobile,91.96059482490342,0,0.0
9448,treatment,desktop,41.39155609466635,0,0.0
9449,treatment,mobile,13.631728567608894,0,0.0
9450,control,desktop,23.04623067923009,1,47.90469193821798
9451,control,mobile,95.12002825619322,0,0.0
9452,control,desktop,10.346408400973903,0,0.0
9453,treatment,mobile,44.98274349318024,0,0.0
9454,control,mobile,20.18749409683604,0,0.0
9455,treatment,desktop,80.59362606784615,1,35.26427117917307
9456,control,mobile,65.05868186975925,0,0.0
9457,control,mobile,81.4783820515243,0,0.0
9458,treatment,desktop,37.328007748151755,0,0.0
9459,control,desktop,28.19824721750529,0,0.0
9460,control,mobile,32.70701225920793,0,0.0
9461,control,desktop,18.006023879895338,1,28.066305929807747
9462,treatment,mobile,83.40006691706178,0,0.0
9463,control,mobile,19.53343203763732,0,0.0
9464,control,desktop,36.27102350201342,0,0.0
9465,control,desktop,8.914556660189406,0,0.0
9466,treatment,desktop,100.92711509037692,0,0.0
9467,control,mobile,53.11929746412177,0,0.0
9468,treatment,mobile,43.07800827488754,0,0.0
9469,treatment,mobile,6.012512110663676,1,156.86812638838703
9470,treatment,mobile,4.21284862241767,0,0.0
9471,treatment,mobile,14.291329689110722,0,0.0
9472,control,desktop,44.31800292070242,0,0.0
9473,treatment,mobile,47.18045857818016,0,0.0
9474,treatment,desktop,29.766084745571494,1,75.79311601466945
9475,control,mobile,90.42431399022455,0,0.0
9476,control,mobile,44.20955217251522,0,0.0
9477,control,mobile,58.12610002844659,0,0.0
9478,control,mobile,28.020108009600094,0,0.0
9479,control,desktop,31.96572981167,0,0.0
9480,treatment,desktop,31.71707814385021,0,0.0
9481,control,desktop,60.12125091252551,0,0.0
9482,control,mobile,34.206736429672276,0,0.0
9483,control,desktop,58.20471689047484,0,0.0
9484,treatment,desktop,6.7703786850671275,1,10.676680664501818
9485,control,mobile,42.44780782831864,0,0.0
9486,treatment,mobile,25.315348065715845,0,0.0
9487,treatment,mobile,11.65725827389213,0,0.0
9488,control,mobile,32.09345554457214,0,0.0
9489,treatment,desktop,34.63493889414839,1,96.29759642465275
9490,treatment,desktop,84.2848080984657,0,0.0
9491,treatment,mobile,19.09228350093409,0,0.0
9492,treatment,mobile,102.79422914830747,1,29.29460468594115
9493,treatment,desktop,36.0248375803012,1,24.52709429418456
9494,control,desktop,8.05093857694237,0,0.0
9495,control,mobile,25.489761081931768,0,0.0
9496,control,desktop,9.546624246637169,0,0.0
9497,control,desktop,38.49487141474823,0,0.0
9498,treatment,desktop,13.069209671238202,0,0.0
9499,treatment,mobile,64.86505292004456,0,0.0
9500,control,mobile,34.85610287458514,0,0.0
9501,control,desktop,18.200526508221596,0,0.0
9502,treatment,mobile,35.14249653898664,0,0.0
9503,control,desktop,17.465091213407952,0,0.0
9504,treatment,desktop,65.84701615311582,0,0.0
9505,treatment,mobile,15.50610693891061,0,0.0
9506,treatment,mobile,45.54827574726553,0,0.0
9507,control,desktop,78.12438733190365,0,0.0
9508,treatment,desktop,16.70481851120038,0,0.0
9509,control,desktop,24.3005672481061,1,35.28630879897257
9510,treatment,desktop,13.351375284682561,0,0.0
9511,control,mobile,82.56148743542289,1,7.655710818195104
9512,control,mobile,97.7951637419909,1,29.771278168634197
9513,treatment,mobile,92.46043687629947,1,85.22568658705592
9514,treatment,desktop,37.56907838108074,0,0.0
9515,control,mobile,60.216355055348494,0,0.0
9516,control,mobile,76.27066960431134,0,0.0
9517,treatment,desktop,9.71045268319507,0,0.0
9518,control,desktop,103.435898800965,0,0.0
9519,control,mobile,24.2046019570294,0,0.0
9520,treatment,mobile,13.064261570181204,0,0.0
9521,treatment,mobile,18.712505974660754,0,0.0
9522,treatment,mobile,18.54202960566205,0,0.0
9523,treatment,desktop,9.649931223054827,0,0.0
9524,control,desktop,42.69794131992832,0,0.0
9525,treatment,mobile,55.63197243277286,0,0.0
9526,treatment,mobile,25.720640783425907,0,0.0
9527,treatment,desktop,27.00627607416104,0,0.0
9528,treatment,mobile,77.81823521311676,0,0.0
9529,control,mobile,24.198328816969216,0,0.0
9530,treatment,desktop,23.110354918147106,0,0.0
9531,control,mobile,44.914736220672786,1,49.58536459992801
9532,control,mobile,30.112270080040147,1,153.16130786665238
9533,treatment,mobile,62.59082035690585,0,0.0
9534,control,desktop,49.904258574032035,0,0.0
9535,treatment,desktop,4.825202172207959,1,58.6524791560305
9536,treatment,desktop,17.855730918973297,0,0.0
9537,treatment,desktop,11.34018489546759,0,0.0
9538,control,desktop,20.676951259545877,0,0.0
9539,control,desktop,20.12144049928741,0,0.0
9540,treatment,mobile,64.6838894822902,0,0.0
9541,treatment,mobile,72.36539649406043,0,0.0
9542,treatment,mobile,52.09355083174246,0,0.0
9543,control,desktop,37.12182222824974,0,0.0
9544,control,mobile,51.936954154648376,0,0.0
9545,control,mobile,54.37844005561524,0,0.0
9546,control,mobile,28.721356299855394,1,79.42315648333673
9547,control,mobile,27.101622119052088,0,0.0
9548,control,mobile,35.611024273141254,0,0.0
9549,treatment,mobile,20.987561544520005,0,0.0
9550,treatment,mobile,61.74456499014818,0,0.0
9551,control,desktop,33.66018907372121,1,7.763111444045145
9552,control,mobile,24.618976451408116,0,0.0
9553,treatment,desktop,27.47559980652897,0,0.0
9554,treatment,mobile,48.186447411747565,0,0.0
9555,treatment,desktop,30.297296905513203,0,0.0
9556,control,mobile,26.88064425693781,1,21.687194689961597
9557,treatment,desktop,23.393088127874876,0,0.0
9558,treatment,desktop,18.667480535846003,0,0.0
9559,control,desktop,23.992431809723982,0,0.0
9560,treatment,desktop,45.80865269315146,0,0.0
9561,control,mobile,36.08452418366469,0,0.0
9562,treatment,mobile,15.408276402647243,0,0.0
9563,control,mobile,16.13867816889166,0,0.0
9564,control,desktop,123.87821165559048,0,0.0
9565,control,mobile,7.7445381993648414,0,0.0
9566,control,mobile,78.39444018786564,0,0.0
9567,treatment,mobile,33.55863333649126,0,0.0
9568,control,desktop,20.573025185744523,0,0.0
9569,treatment,mobile,13.13186390207763,0,0.0
9570,treatment,mobile,43.01464203944594,0,0.0
9571,control,mobile,75.56426040087345,0,0.0
9572,treatment,mobile,20.078832993582118,0,0.0
9573,treatment,mobile,38.99414641136078,0,0.0
9574,control,desktop,15.84060525097793,0,0.0
9575,treatment,desktop,73.77143409302494,0,0.0
9576,control,desktop,15.808739105275167,0,0.0
9577,treatment,mobile,8.061607747055517,1,73.42565745870421
9578,treatment,mobile,49.11854837382066,0,0.0
9579,control,mobile,22.374159730792446,0,0.0
9580,treatment,desktop,36.50116500257599,0,0.0
9581,control,desktop,13.150009870614284,0,0.0
9582,control,mobile,52.11656572470105,1,56.76798553090139
9583,control,desktop,71.72321634753001,0,0.0
9584,control,mobile,10.903877189205373,0,0.0
9585,treatment,desktop,94.80790872163915,0,0.0
9586,control,mobile,25.133549912226822,0,0.0
9587,control,mobile,28.605727988863038,0,0.0
9588,control,desktop,38.42261239031971,0,0.0
9589,treatment,mobile,14.539905318285577,0,0.0
9590,treatment,desktop,14.569992624131153,0,0.0
9591,treatment,mobile,45.88043874223408,0,0.0
9592,control,desktop,61.61037263283351,0,0.0
9593,control,desktop,30.038218832830186,0,0.0
9594,control,desktop,48.983481703175364,0,0.0
9595,control,desktop,20.992089295222197,0,0.0
9596,treatment,mobile,35.261015578273664,0,0.0
9597,control,desktop,47.656775512371716,0,0.0
9598,control,mobile,22.862414371672898,0,0.0
9599,treatment,desktop,30.76439361139375,0,0.0
9600,control,desktop,35.03384441390502,0,0.0
9601,control,mobile,29.591233109854578,0,0.0
9602,treatment,mobile,23.5287213935121,1,78.1561287112996
9603,treatment,desktop,32.937231130067204,0,0.0
9604,control,mobile,26.534433753494607,0,0.0
9605,control,mobile,24.26018578722244,0,0.0
9606,control,desktop,29.435435568708833,0,0.0
9607,treatment,mobile,39.799463590635575,0,0.0
9608,treatment,desktop,53.33491765145219,0,0.0
9609,control,desktop,24.840577699404925,0,0.0
9610,control,desktop,12.06839738609698,0,0.0
9611,treatment,desktop,23.026460545366948,0,0.0
9612,control,desktop,38.667446205677955,1,31.075889727572452
9613,control,desktop,103.92627468186552,0,0.0
9614,treatment,desktop,28.778123220019673,0,0.0
9615,control,mobile,13.230560344864092,0,0.0
9616,control,mobile,76.27715042156395,0,0.0
9617,treatment,mobile,26.692419082222465,0,0.0
9618,treatment,mobile,19.826197781952224,0,0.0
9619,treatment,mobile,32.315594945833496,0,0.0
9620,treatment,desktop,25.27118008983261,0,0.0
9621,control,desktop,46.63368297216549,0,0.0
9622,control,mobile,35.77459555230283,0,0.0
9623,treatment,desktop,23.790463646004333,0,0.0
9624,treatment,mobile,49.459991920955375,0,0.0
9625,treatment,desktop,30.663797130813816,0,0.0
9626,treatment,mobile,32.17663419877215,0,0.0
9627,treatment,mobile,20.839020698177396,0,0.0
9628,control,mobile,38.258214930155,0,0.0
9629,control,mobile,66.54737895154504,0,0.0
9630,control,mobile,44.21909795004829,0,0.0
9631,treatment,mobile,7.128320110092737,0,0.0
9632,treatment,mobile,55.9685758444899,0,0.0
9633,control,desktop,49.543425381941866,0,0.0
9634,control,mobile,54.09388497712544,0,0.0
9635,treatment,mobile,83.00358276529514,0,0.0
9636,control,desktop,48.422840234778725,0,0.0
9637,treatment,desktop,62.6582725085968,0,0.0
9638,control,mobile,19.344848912060964,0,0.0
9639,control,desktop,27.653529292511216,0,0.0
9640,control,desktop,46.241910575697496,0,0.0
9641,control,mobile,24.4574767946144,1,53.73528159554206
9642,treatment,desktop,33.9584058389741,0,0.0
9643,treatment,mobile,71.79842379605824,0,0.0
9644,control,mobile,8.324943107926748,0,0.0
9645,treatment,mobile,55.5294109336561,0,0.0
9646,treatment,mobile,24.39828799220498,0,0.0
9647,control,desktop,21.55246539598677,0,0.0
9648,treatment,mobile,64.39184705394024,0,0.0
9649,control,desktop,63.10158371422423,0,0.0
9650,control,mobile,4.283213311420565,0,0.0
9651,control,desktop,44.89086539939605,1,52.83870974407665
9652,control,desktop,28.5714977736952,0,0.0
9653,control,desktop,37.08985693438499,0,0.0
9654,control,desktop,33.0919435250846,0,0.0
9655,treatment,desktop,25.171017908827203,0,0.0
9656,treatment,desktop,20.936688733678327,0,0.0
9657,control,mobile,13.091172722941643,0,0.0
9658,treatment,mobile,42.04977771633978,0,0.0
9659,treatment,desktop,13.435894954634616,1,25.43023161002178
9660,treatment,mobile,39.63155472033832,0,0.0
9661,treatment,desktop,12.217538292073433,0,0.0
9662,treatment,desktop,10.564046771593855,0,0.0
9663,treatment,mobile,46.85664723336329,0,0.0
9664,control,desktop,27.931131944450094,0,0.0
9665,treatment,desktop,106.99042140852765,0,0.0
9666,control,desktop,49.78093790329343,0,0.0
9667,control,mobile,39.61563527686133,0,0.0
9668,treatment,mobile,48.695547842551356,0,0.0
9669,control,mobile,47.66323769074667,0,0.0
9670,control,desktop,103.03803406488188,1,144.325749582328
9671,treatment,desktop,32.76377236900209,0,0.0
9672,control,mobile,40.28428498503452,0,0.0
9673,control,mobile,64.82024850382986,0,0.0
9674,control,desktop,16.752956385424053,1,8.555872607864972
9675,control,desktop,23.062774426813885,0,0.0
9676,treatment,desktop,39.097459304620735,0,0.0
9677,control,mobile,33.34967906975416,0,0.0
9678,control,desktop,15.385625610304137,0,0.0
9679,treatment,mobile,23.224855246454986,0,0.0
9680,treatment,mobile,59.051309054728065,0,0.0
9681,control,desktop,15.633091112056656,0,0.0
9682,treatment,mobile,40.938343043946865,0,0.0
9683,control,mobile,23.5129718701141,0,0.0
9684,treatment,desktop,46.5384201525491,0,0.0
9685,control,desktop,32.56776605534951,1,34.30064426609512
9686,treatment,mobile,7.803543410178289,0,0.0
9687,treatment,desktop,25.050646040896815,0,0.0
9688,control,desktop,16.713233159635422,0,0.0
9689,treatment,mobile,126.0903115159463,1,61.57927094131122
9690,control,mobile,39.382596943238156,0,0.0
9691,treatment,mobile,17.843776168030878,0,0.0
9692,control,desktop,42.837341149680995,0,0.0
9693,treatment,mobile,115.30894241413105,0,0.0
9694,control,mobile,31.562979637761075,0,0.0
9695,treatment,desktop,12.915514214129825,0,0.0
9696,control,desktop,21.583097434287424,0,0.0
9697,control,mobile,66.23316032413598,0,0.0
9698,control,mobile,30.97579984038834,0,0.0
9699,treatment,mobile,9.47299890830607,0,0.0
9700,treatment,mobile,92.7423449210933,0,0.0
9701,control,desktop,15.007014784002754,0,0.0
9702,control,mobile,96.39487267493594,0,0.0
9703,treatment,desktop,51.28167343103149,0,0.0
9704,treatment,mobile,87.5013187739587,1,13.170274617020846
9705,treatment,mobile,25.889480715940007,0,0.0
9706,control,mobile,39.70871966559833,0,0.0
9707,treatment,mobile,32.02314252199898,0,0.0
9708,control,mobile,24.77535367829557,0,0.0
9709,control,desktop,39.78042929050531,1,14.76130440094888
9710,treatment,mobile,60.85255875164008,0,0.0
9711,control,desktop,14.19840289905153,0,0.0
9712,treatment,mobile,31.261933091968594,0,0.0
9713,control,desktop,69.17025734919973,0,0.0
9714,control,desktop,26.257349964364437,0,0.0
9715,control,desktop,34.932120351322034,0,0.0
9716,control,mobile,58.39962573302606,1,13.872121630855371
9717,treatment,desktop,32.19023102378833,0,0.0
9718,control,mobile,29.396997027719003,0,0.0
9719,treatment,desktop,96.87847864869907,0,0.0
9720,treatment,desktop,108.79201706238837,0,0.0
9721,treatment,desktop,115.6368206113427,0,0.0
9722,treatment,desktop,15.50532424805027,0,0.0
9723,control,desktop,5.352627648916936,0,0.0
9724,treatment,mobile,31.182655805909963,0,0.0
9725,treatment,mobile,11.404423545700462,0,0.0
9726,treatment,mobile,9.437100954942059,0,0.0
9727,control,mobile,8.766335625789145,0,0.0
9728,treatment,mobile,109.17062190274949,0,0.0
9729,treatment,mobile,14.423827060971162,0,0.0
9730,control,mobile,58.17466171010288,1,11.53793497223708
9731,control,desktop,37.38892605488648,0,0.0
9732,control,mobile,59.56266317675319,0,0.0
9733,control,desktop,37.85023132338657,0,0.0
9734,treatment,mobile,32.56339002187352,0,0.0
9735,treatment,mobile,23.831114330074183,0,0.0
9736,treatment,mobile,47.5827192966615,0,0.0
9737,control,mobile,15.023814345337069,1,43.05737389443491
9738,control,desktop,12.219084767120684,0,0.0
9739,treatment,desktop,58.57573824876317,0,0.0
9740,treatment,desktop,12.944110983055559,0,0.0
9741,treatment,desktop,20.045833092774032,0,0.0
9742,control,mobile,72.24700179347447,1,44.91942026400749
9743,treatment,desktop,8.672347557958053,0,0.0
9744,treatment,desktop,84.43719289124247,0,0.0
9745,control,mobile,32.74741022883838,0,0.0
9746,control,desktop,54.096105917677065,0,0.0
9747,control,mobile,101.74278400219501,0,0.0
9748,treatment,desktop,15.409076789382482,0,0.0
9749,control,desktop,49.41204247711237,0,0.0
9750,treatment,desktop,62.68655358555833,0,0.0
9751,treatment,desktop,33.96376072810738,0,0.0
9752,treatment,desktop,42.1359619321405,1,7.301408913400201
9753,control,desktop,186.06319749006818,0,0.0
9754,treatment,desktop,40.05231412085987,1,39.535073695946735
9755,control,desktop,32.728202654556654,0,0.0
9756,treatment,desktop,19.20594989419707,0,0.0
9757,treatment,mobile,26.6245435781373,0,0.0
9758,treatment,mobile,15.02430726934209,0,0.0
9759,control,mobile,46.74904223636746,0,0.0
9760,control,mobile,108.48804695656874,0,0.0
9761,control,desktop,22.85908973949166,0,0.0
9762,control,desktop,9.100587045616296,0,0.0
9763,treatment,mobile,18.05628207883739,0,0.0
9764,control,mobile,63.624075167167405,0,0.0
9765,control,desktop,57.58508669966153,0,0.0
9766,treatment,desktop,69.80037124141194,0,0.0
9767,control,mobile,27.812725084789243,0,0.0
9768,treatment,desktop,9.203677091008135,0,0.0
9769,treatment,desktop,22.812890907363336,0,0.0
9770,treatment,mobile,59.031817323730074,0,0.0
9771,treatment,desktop,22.023963224904964,0,0.0
9772,control,desktop,14.70861378649535,0,0.0
9773,control,mobile,125.43702124406849,0,0.0
9774,treatment,mobile,41.534714181322066,0,0.0
9775,control,desktop,23.70075497272676,0,0.0
9776,control,desktop,19.701413574184105,0,0.0
9777,treatment,mobile,20.107207520811205,0,0.0
9778,control,desktop,23.58167838343245,0,0.0
9779,control,mobile,107.67471650948131,0,0.0
9780,control,mobile,96.00593488756617,0,0.0
9781,treatment,desktop,64.6229027219277,1,78.79352158496796
9782,treatment,mobile,32.823747411524955,0,0.0
9783,control,mobile,35.797372894607655,0,0.0
9784,control,desktop,36.62370029221581,0,0.0
9785,control,desktop,62.81591336105681,0,0.0
9786,treatment,desktop,45.538752724823595,0,0.0
9787,treatment,desktop,20.310144936246914,0,0.0
9788,control,desktop,37.628014142760065,0,0.0
9789,treatment,desktop,43.51159640883144,0,0.0
9790,control,desktop,52.53788893036749,0,0.0
9791,control,desktop,36.058272592773655,0,0.0
9792,control,desktop,27.51506032991881,0,0.0
9793,control,desktop,20.7223898771886,0,0.0
9794,treatment,mobile,85.90849697810526,0,0.0
9795,treatment,desktop,12.355479051093099,0,0.0
9796,control,mobile,26.240546636078793,0,0.0
9797,control,desktop,4.160648441920888,0,0.0
9798,control,mobile,64.83320483406604,0,0.0
9799,control,mobile,58.83133045967191,0,0.0
9800,control,mobile,13.606127493559427,0,0.0
9801,treatment,desktop,1.8435649956882192,0,0.0
9802,treatment,mobile,19.92847168116588,0,0.0
9803,treatment,mobile,4.7963079196130405,0,0.0
9804,control,desktop,41.668412033968536,0,0.0
9805,treatment,mobile,11.45010511668528,0,0.0
9806,treatment,desktop,11.201871295728603,1,17.14675082946876
9807,treatment,mobile,30.73088718652155,0,0.0
9808,control,mobile,78.10425396383057,0,0.0
9809,treatment,mobile,33.40663872269997,0,0.0
9810,treatment,desktop,15.77199795557943,0,0.0
9811,treatment,mobile,50.92515888741826,0,0.0
9812,treatment,desktop,35.03607799283178,0,0.0
9813,control,mobile,40.54149207751057,0,0.0
9814,treatment,desktop,32.56863476943651,0,0.0
9815,control,mobile,21.310242847545858,0,0.0
9816,control,mobile,11.235106383281167,0,0.0
9817,treatment,mobile,151.32470397610464,1,29.75272830759243
9818,control,desktop,2.0265812654853637,0,0.0
9819,control,desktop,39.956030018447116,0,0.0
9820,control,mobile,63.675126290492805,0,0.0
9821,control,desktop,60.976571147241046,0,0.0
9822,control,mobile,25.531366377881707,0,0.0
9823,treatment,mobile,63.92640602958828,0,0.0
9824,control,desktop,17.759361194153122,0,0.0
9825,treatment,mobile,97.73726508432738,0,0.0
9826,control,mobile,35.97401656918311,0,0.0
9827,treatment,mobile,53.89703588496396,0,0.0
9828,control,mobile,48.62497887987458,0,0.0
9829,treatment,mobile,77.46535033954298,0,0.0
9830,treatment,mobile,34.884209182105174,0,0.0
9831,treatment,desktop,7.6722226950109205,0,0.0
9832,treatment,desktop,46.36508854789055,0,0.0
9833,treatment,desktop,45.22627037722625,0,0.0
9834,treatment,desktop,34.85603960128331,1,125.63738977357454
9835,treatment,mobile,11.550224031728792,0,0.0
9836,control,desktop,30.323258159962588,1,44.6963089369023
9837,treatment,mobile,28.274238295668592,0,0.0
9838,control,desktop,16.785200451944338,0,0.0
9839,treatment,desktop,1.6038710946286145,0,0.0
9840,control,desktop,96.47973870724351,0,0.0
9841,control,mobile,37.83758832167252,0,0.0
9842,treatment,desktop,36.62622431585854,0,0.0
9843,control,mobile,68.16192417829419,0,0.0
9844,treatment,desktop,43.773844105484216,1,82.51848629323648
9845,control,mobile,50.11083406505704,0,0.0
9846,control,mobile,3.1914423896169852,0,0.0
9847,control,desktop,6.39337626984105,0,0.0
9848,treatment,mobile,55.58169435280548,0,0.0
9849,control,mobile,32.08359328736685,0,0.0
9850,control,desktop,24.065162577420175,0,0.0
9851,control,mobile,16.5742242601818,0,0.0
9852,treatment,mobile,122.03662698596568,0,0.0
9853,control,desktop,23.583265976096758,0,0.0
9854,treatment,mobile,49.811516722652996,0,0.0
9855,control,desktop,51.24858452829404,0,0.0
9856,treatment,desktop,48.08163090985595,0,0.0
9857,treatment,mobile,40.381778460979056,0,0.0
9858,control,mobile,37.875840889464676,0,0.0
9859,treatment,mobile,17.870599293796307,0,0.0
9860,treatment,desktop,59.07814262549437,0,0.0
9861,control,desktop,35.02070403075023,0,0.0
9862,treatment,desktop,56.186007944251706,0,0.0
9863,control,desktop,51.565225748685194,0,0.0
9864,treatment,mobile,29.434315647347503,0,0.0
9865,control,mobile,76.13729776257466,0,0.0
9866,treatment,desktop,48.794185882206236,0,0.0
9867,treatment,desktop,75.48088667397141,0,0.0
9868,treatment,mobile,44.260867102988996,0,0.0
9869,control,desktop,15.21962016404995,0,0.0
9870,treatment,desktop,27.283640444770903,0,0.0
9871,treatment,desktop,10.615768672563995,0,0.0
9872,treatment,desktop,72.68141318253355,0,0.0
9873,treatment,desktop,35.259949933012734,0,0.0
9874,control,mobile,28.662645355487015,0,0.0
9875,treatment,mobile,7.0170238622021355,0,0.0
9876,control,desktop,56.09860089890279,0,0.0
9877,treatment,desktop,10.618840493361848,0,0.0
9878,treatment,mobile,30.619365071301317,0,0.0
9879,control,mobile,21.667295315942575,0,0.0
9880,control,mobile,80.96093385279781,1,173.02242330275152
9881,control,mobile,80.80815817703736,1,20.822899219162238
9882,treatment,desktop,84.1993447445512,0,0.0
9883,control,desktop,34.80131631870332,0,0.0
9884,treatment,desktop,16.012223341656327,0,0.0
9885,treatment,mobile,34.65748331269313,1,33.810194872332815
9886,treatment,desktop,12.086996406974198,1,61.66380298015731
9887,treatment,mobile,41.86465182478674,0,0.0
9888,treatment,mobile,38.59811405708857,0,0.0
9889,control,mobile,98.99464590262922,1,106.84379711299823
9890,control,desktop,4.966605666050462,0,0.0
9891,treatment,mobile,63.44076910257109,0,0.0
9892,control,desktop,11.925132720929863,0,0.0
9893,treatment,desktop,14.970252568552931,0,0.0
9894,control,desktop,18.376134121180787,0,0.0
9895,treatment,desktop,15.402383630637082,0,0.0
9896,control,desktop,13.47717327844913,0,0.0
9897,control,mobile,54.75794838880706,0,0.0
9898,treatment,desktop,40.3549869474722,1,84.8512854081367
9899,treatment,mobile,23.772029044921567,1,90.02091553507022
9900,control,desktop,34.02283699378651,1,64.21112249342772
9901,control,desktop,66.04710777254142,0,0.0
9902,treatment,desktop,15.422096376484243,0,0.0
9903,treatment,mobile,69.03601045767897,0,0.0
9904,control,mobile,6.35202243264604,0,0.0
9905,control,mobile,31.008384953287916,1,26.0395581185089
9906,control,desktop,12.891709139445268,0,0.0
9907,control,desktop,25.389006607408604,0,0.0
9908,treatment,mobile,91.06851508547722,0,0.0
9909,control,desktop,27.227724966922796,0,0.0
9910,control,mobile,18.970287571143697,0,0.0
9911,treatment,desktop,8.010972175515418,0,0.0
9912,control,desktop,44.78053873177459,0,0.0
9913,control,desktop,43.23899097906286,0,0.0
9914,control,desktop,43.22557279509098,0,0.0
9915,control,desktop,61.47131242089647,0,0.0
9916,treatment,desktop,12.67120440556954,0,0.0
9917,control,mobile,25.36514924786736,0,0.0
9918,treatment,desktop,40.91959129078088,0,0.0
9919,control,mobile,31.315573672139646,0,0.0
9920,control,mobile,26.416906736414525,0,0.0
9921,control,mobile,14.51311282624643,0,0.0
9922,treatment,desktop,13.32021600614491,0,0.0
9923,treatment,mobile,26.147880281807264,0,0.0
9924,control,desktop,28.83774771889606,0,0.0
9925,control,desktop,28.10810440356073,0,0.0
9926,control,mobile,29.66716948769541,0,0.0
9927,control,mobile,79.43959712386336,0,0.0
9928,treatment,desktop,45.55919550834676,0,0.0
9929,treatment,mobile,22.79362836370251,0,0.0
9930,control,mobile,55.232348726400744,0,0.0
9931,treatment,desktop,61.38304617793659,0,0.0
9932,control,mobile,19.23809278256429,0,0.0
9933,treatment,mobile,11.345868443957425,1,48.545598409702734
9934,treatment,mobile,12.36149152151147,1,78.07937152832369
9935,control,mobile,47.91024931786664,0,0.0
9936,control,desktop,33.83157865543377,0,0.0
9937,treatment,desktop,25.251295470169076,0,0.0
9938,control,desktop,11.808636113605884,0,0.0
9939,treatment,mobile,20.038723946887313,0,0.0
9940,control,desktop,73.66780301554954,0,0.0
9941,treatment,mobile,23.34071506387195,0,0.0
9942,treatment,desktop,124.45056961794185,0,0.0
9943,control,mobile,27.7748727965252,0,0.0
9944,treatment,mobile,110.93699221269543,0,0.0
9945,treatment,desktop,33.35412372817624,0,0.0
9946,treatment,mobile,37.16602238347222,0,0.0
9947,treatment,mobile,11.778547175516083,1,38.75172607548508
9948,treatment,mobile,45.66292443317634,0,0.0
9949,treatment,desktop,13.21116241176702,0,0.0
9950,treatment,mobile,103.81345992602229,0,0.0
9951,treatment,desktop,92.35375885726425,0,0.0
9952,treatment,mobile,13.182527850588938,0,0.0
9953,control,desktop,21.707254570362167,0,0.0
9954,treatment,desktop,28.460735735785853,1,123.9328735773306
9955,control,desktop,31.18732114995797,1,17.431786373128844
9956,treatment,mobile,29.68680460265627,1,84.5042125653736
9957,treatment,mobile,19.1466585065574,0,0.0
9958,control,desktop,9.683844071089002,0,0.0
9959,treatment,mobile,12.344378300376276,0,0.0
9960,treatment,desktop,72.25060297293537,0,0.0
9961,control,mobile,44.69322493119569,0,0.0
9962,treatment,desktop,50.75372716574644,1,12.127888788734662
9963,treatment,mobile,92.54027106448275,0,0.0
9964,treatment,desktop,79.18930931031058,0,0.0
9965,control,desktop,57.247548418857534,0,0.0
9966,treatment,desktop,82.87945979746752,0,0.0
9967,control,desktop,5.586031232933553,0,0.0
9968,control,mobile,7.833932138516313,0,0.0
9969,control,desktop,2.8861225502086785,0,0.0
9970,control,mobile,30.372549726809286,0,0.0
9971,control,mobile,12.159226686725347,0,0.0
9972,treatment,mobile,82.042579028553,0,0.0
9973,control,mobile,8.261171150550346,0,0.0
9974,control,mobile,43.59889419591413,1,95.53170263473311
9975,treatment,desktop,22.651671123885407,1,69.70676551028272
9976,treatment,mobile,8.076747616740231,0,0.0
9977,control,desktop,45.11655871813055,0,0.0
9978,treatment,desktop,47.20635243480318,0,0.0
9979,treatment,mobile,72.34301525815584,0,0.0
9980,control,mobile,60.97627924931032,1,26.10918472504016
9981,treatment,mobile,32.72002541716614,0,0.0
9982,control,desktop,11.358469556802909,0,0.0
9983,control,mobile,31.06060565352808,0,0.0
9984,treatment,desktop,21.782186153107645,0,0.0
9985,treatment,mobile,5.940307815825574,0,0.0
9986,control,desktop,37.67833007475478,0,0.0
9987,control,desktop,79.45012472183268,0,0.0
9988,treatment,mobile,120.1058082591126,1,28.95130239516936
9989,control,mobile,60.453621062432894,0,0.0
9990,treatment,desktop,25.116113867626105,0,0.0
9991,treatment,desktop,70.64634976677772,1,78.1732113039335
9992,treatment,desktop,31.085676681859002,0,0.0
9993,treatment,mobile,23.703851826939545,1,119.76328626010682
9994,treatment,mobile,76.31597671358497,0,0.0
9995,control,desktop,77.68472431552097,0,0.0
9996,control,mobile,17.069422883407462,0,0.0
9997,treatment,desktop,19.053704488127064,0,0.0
9998,treatment,desktop,53.047038998297,0,0.0
9999,treatment,desktop,36.169032252844026,0,0.0
10000,treatment,desktop,83.32483220510171,0,0.0
